country,country_code,year,tourism_receipts_usd,tourism_arrivals,gdp_usd,gdp_per_capita_usd,gdp_growth_pct,unemployment_rate,inflation_rate,air_passengers,urban_pop_pct,tourism_receipts_lag1,tourism_arrivals_lag1,gdp_lag1,tourism_receipts_growth,tourism_arrivals_growth,revenue_per_tourist,log_gdp_pc,tourism_pct_gdp
Africa Eastern and Southern,AFE,2010,22022165206.7375,29071500.5114406,863822114606.332,1628.90524793139,5.30790438645938,NA,5.53753791645676,30374164.935204,32.5903609820215,NA,NA,NA,NA,NA,757517321.7519697,7.396277162007746,2.5493865964260034
Africa Eastern and Southern,AFE,2011,24202048003.6444,31650243.8841427,959822476083.878,1761.98926096159,4.07747696614018,NA,8.97120640995788,33507824.2724355,32.9380985869792,22022165206.7375,29071500.5114406,863822114606.332,9.89858525010059,8.870348373271197,764671769.7417185,7.47476609103592,2.5215129471014186
Africa Eastern and Southern,AFE,2012,26393212256.2434,32748552.3906752,969265729636.028,1732.03802145335,1.89717291956102,NA,9.15870843167905,35838679.0148015,33.2867060801392,24202048003.6444,31650243.8841427,959822476083.878,9.053631545020687,3.470142317237462,805935234.6749405,7.4576312291479585,2.7230109813285566
Africa Eastern and Southern,AFE,2013,26053231118.5385,34426632.6796927,981308886976.783,1706.02274412621,4.35668249727492,NA,5.74883133553454,35112457.818,33.6673142772775,26393212256.2434,32748552.3906752,969265729636.028,-1.2881385350298737,5.12413577552612,756775469.7631688,7.442506046739777,2.654947026802469
Africa Eastern and Southern,AFE,2014,27220802346.3011,35738392.2140136,998836162271.296,1690.16679245944,3.92038970191821,NA,5.52581923392517,36350758.9454475,34.0775774023013,26053231118.5385,34426632.6796927,981308886976.783,4.481483400083148,3.810304500372087,761668353.2738047,7.4331739794332705,2.7252519857113064
Africa Eastern and Southern,AFE,2015,25119401604.8546,35318681.4645499,910002035578.038,1498.8752400759,2.93402965863687,NA,5.09856164363687,39154692,34.4906809355644,27220802346.3011,35738392.2140136,998836162271.296,-7.719833951669141,-1.1743974014005152,711221386.62134,7.313137210348478,2.7603676280678457
Africa Eastern and Southern,AFE,2016,24305252593.9629,37645887.774466,831868076442.431,1334.47050032928,2.13011703002091,NA,6.44687722255584,41553429,34.8812106693274,25119401604.8546,35318681.4645499,910002035578.038,-3.2411162642280362,6.589165318223918,645628354.9367741,7.197038943447408,2.921767679546834
Africa Eastern and Southern,AFE,2017,26552526185.1869,38258347.875597,978076465866.452,1528.10422421284,2.67752389715308,NA,6.22137528933118,45423814.08,35.2829868326458,24305252593.9629,37645887.774466,831868076442.431,9.246040881641344,1.6268977498955721,694032221.9748378,7.332437368558743,2.7147699706346295
Africa Eastern and Southern,AFE,2018,28672643620.2925,41189145.2687099,1020955778298.17,1552.07372194919,2.70519413363353,NA,4.6898064677633,52613964.0777057,35.714718464725,26552526185.1869,38258347.875597,978076465866.452,7.984616681362573,7.660543530637663,696121355.1103767,7.34799129269114,2.8084119047826825
Africa Eastern and Southern,AFE,2019,27810935913.9312,39826701.4025488,1018714795912.35,1507.08559963484,2.03007686221603,NA,4.10285075461156,54851421.2852037,36.0973307017698,28672643620.2925,41189145.2687099,1020955778298.17,-3.0053305086645192,-3.307774068320147,698298752.7094417,7.318596310640485,2.7300021581628275
Africa Eastern and Southern,AFE,2020,27810935913.9312,39826701.4025488,938607563405.087,1351.59166910879,-2.81757208724623,NA,5.19162942092851,19166036.418,36.4883219609866,27810935913.9312,39826701.4025488,1018714795912.35,0,0,698298752.7094417,7.209777785953448,2.962999340537859
Africa Eastern and Southern,AFE,2021,27810935913.9312,39826701.4025488,1114144799994.21,1562.41617477738,4.57877206871177,NA,6.82472709282067,24057585.264,36.9085426088518,27810935913.9312,39826701.4025488,938607563405.087,0,0,698298752.7094417,7.354628561630998,2.496168892416473
Africa Eastern and Southern,AFE,2022,27810935913.9312,39826701.4025488,1228967879390.01,1679.32762166466,3.72271692296214,NA,10.8834775726018,35997520.663,37.3605781096471,27810935913.9312,39826701.4025488,1114144799994.21,0,0,698298752.7094417,7.426744066280393,2.2629505929589446
Africa Eastern and Southern,AFE,2023,27810935913.9312,39826701.4025488,1179359054880.45,1571.44918918981,1.9311603523693,NA,7.39918558080627,46177720.421,37.7723012408349,27810935913.9312,39826701.4025488,1228967879390.01,0,0,698298752.7094417,7.3603896759316,2.3581398556142306
Albania,ALB,2010,1778000000,2417000,12086545641.299,4149.14469936847,2.97315442681247,14.086,3.6271009151748,768533,51.8815774292716,NA,NA,NA,NA,NA,735622672.7347952,8.330898479934596,14.710572009298348
Albania,ALB,2011,1833000000,2932000,12973755874.5365,4465.70914328865,2.46351683915714,13.481,3.42807130141503,829778.923870707,53.2917382892465,1778000000,2417000,12086545641.299,3.093363329583802,21.307405875051717,625170532.0600272,8.404407206917165,14.128522362576717
Albania,ALB,2012,1623000000,3514000,12246499747.9714,4280.93316338873,0.984129880204108,13.376,2.03159268395296,814339.730278696,53.8637553661449,1833000000,2932000,12973755874.5365,-11.456628477905074,19.84993178717599,461866818.4405236,8.362159860290943,13.25276636917292
Albania,ALB,2013,1670000000,3256000,12796985886.1478,4542.92903556739,1.7072283175406,15.866,1.93762080205223,865848,54.2979678058548,1623000000,3514000,12246499747.9714,2.895871842267406,-7.342060330108138,512899262.8992629,8.421547343106369,13.049947971011711
Albania,ALB,2014,1849000000,3673000,13296322588.1684,4793.59751131525,2.24022695382642,18.055,1.62586504402604,151632,54.7325813178673,1670000000,3256000,12796985886.1478,10.718562874251496,12.807125307125308,503403212.6327253,8.475245044548405,13.906100636015811
Albania,ALB,2015,1613000000,4131000,11470171826.9575,4199.53912925398,2.2277040745779,17.193,1.89617402592366,89133,55.1579291374894,1849000000,3673000,13296322588.1684,-12.76365603028664,12.469371086305472,390462357.7826192,8.342968160141583,14.062561784899202
Albania,ALB,2016,1821000000,4736000,11988668784.6628,4457.63412207495,3.90893551362245,15.418,1.27543168367423,26634,55.5738734464276,1613000000,4131000,11470171826.9575,12.895226286422815,14.645364318566934,384501689.1891892,8.40259774745396,15.189342809517099
Albania,ALB,2017,2050000000,5118000,13258268435.6048,5006.36012951959,3.28317593330073,13.616,1.98666133171194,204090,55.980276426546,1821000000,4736000,11988668784.6628,12.57550796265788,8.065878378378379,400547088.706526,8.518664134952077,15.46204928612524
Albania,ALB,2018,2306000000,5927000,15379508329.7568,5897.65452588774,3.67141928098908,12.304,2.02805963071135,303137,56.377000259892,2050000000,5118000,13258268435.6048,12.487804878048781,15.80695584212583,389066981.6095833,8.682479557427557,14.993977379226568
Albania,ALB,2019,2458000000,6406000,15585111614.0376,6069.43903131027,2.06257790176122,11.466,1.41109078954251,307741,56.7639071287255,2306000000,5927000,15379508329.7568,6.591500433651344,8.081660199088915,383702778.6450203,8.7111862094957,15.771462283183556
Albania,ALB,2020,1243000000,2658000,15241458744.5927,6027.91350716348,-3.31375636888916,11.639,1.62088661717004,124714,57.1408592155544,2458000000,6406000,15585111614.0376,-49.430431244914566,-58.50764907898844,467644845.7486832,8.704322092253388,8.15538736041907
Albania,ALB,2021,1243000000,2658000,18031989573.0294,7242.45513146613,8.96957619074095,11.474,2.04147163139545,193259,57.5077187031778,1243000000,2658000,15241458744.5927,0,0,467644845.7486832,8.887853599645704,6.893304784621026
Albania,ALB,2022,1243000000,2658000,19017247013.8821,7756.96188744253,4.8268006234359,10.785,6.7252027153006,332534,57.8643477747383,1243000000,2658000,18031989573.0294,0,0,467644845.7486832,8.956474935309647,6.536172134129835
Albania,ALB,2023,1243000000,2658000,23491242727.4082,9730.86921906893,4.01541716935742,10.669,4.75834555150039,374800,58.2106086137857,1243000000,2658000,19017247013.8821,0,0,467644845.7486832,9.183161265575237,5.29133351702054
Algeria,DZA,2010,324000000,2070000,177785053939.531,4912.78585503672,4.80000000093564,9.96,3.91106195534028,3372283,67.1235057867459,NA,NA,NA,NA,NA,156521739.13043478,8.499799973587946,0.18224254110258348
Algeria,DZA,2011,300000000,2395000,218331946925.304,5916.31364364343,2.99999999941909,9.96,4.5242115050527,3543663,67.7344007507578,324000000,2070000,177785053939.531,-7.4074074074074066,15.70048309178744,125260960.33402923,8.685637848478796,0.13740545267186044
Algeria,DZA,2012,295000000,2634000,227143746075.934,6033.64884689543,2.40000000034432,10.97,8.89145091062317,4082595,68.3421258553675,300000000,2395000,218331946925.304,-1.6666666666666667,9.979123173277662,111996962.79422931,8.705272945740235,0.12987370557029632
Algeria,DZA,2013,326000000,2733000,229701430292.157,5979.60138960585,2.60000000061164,9.82,3.25423910998847,4492436.96334419,68.9463836079277,295000000,2634000,227143746075.934,10.508474576271185,3.758542141230068,119282839.37065496,8.696276408711894,0.1419233652944002
Algeria,DZA,2014,316000000,2301000,238942664192.59,6094.69392314956,4.09999999866501,10.207,2.91692692067458,5021288.96334419,69.5468765157615,326000000,2733000,229701430292.157,-3.067484662576687,-15.806805708013172,137331594.9587136,8.715337886648852,0.13224929966684437
Algeria,DZA,2015,347000000,1710000,187493855609.345,4685.05902729002,3.20000000089023,11.206,4.78444700693889,5400896,70.1433070861612,316000000,2301000,238942664192.59,9.81012658227848,-25.684485006518905,202923976.60818714,8.45234721550783,0.18507273151553075
Algeria,DZA,2016,246000000,2039000,180763839522.151,4424.98529027556,3.90000000017621,10.202,6.39769480268757,6093416,70.7353778263851,347000000,1710000,187493855609.345,-29.106628242074926,19.239766081871345,120647376.16478665,8.39524819712503,0.13608916509535354
Algeria,DZA,2017,171000000,2451000,189880896903.073,4554.66753957828,1.49999999895587,12,5.59111590961664,6230157,71.3227912436551,246000000,2039000,180763839522.151,-30.48780487804878,20.20598332515939,69767441.86046511,8.424127349906744,0.09005645264425363
Algeria,DZA,2018,196500000,2657000,194554483655.528,4577.21029180491,1.40000000088281,12,4.26999020467084,6442442,71.905249845153,171000000,2451000,189880896903.073,14.912280701754385,8.404732762137902,73955589.01016183,8.429063434757849,0.10099998535521632
Algeria,DZA,2019,140000000,2371000,193459662090.677,4468.45341883656,0.899999999219148,12,1.95176821052892,6752002,72.4824561380175,196500000,2657000,194554483655.528,-28.75318066157761,-10.764019570944674,59046815.68958245,8.405021402465891,0.07236650704702473
Algeria,DZA,2020,50000000,591000,164873415325.201,3743.5419522929,-4.99999999908597,12,2.41513094083414,1460077,73.0541126293395,140000000,2371000,193459662090.677,-64.28571428571429,-75.07380851961197,84602368.86632825,8.228054579336876,0.030326296026183835
Algeria,DZA,2021,50000000,591000,186231205262.082,4160.55926736925,3.79999999900707,12,7.22606307415477,1949936,73.6199218261573,50000000,591000,164873415325.201,0,0,84602368.86632825,8.333645106913224,0.026848346886675256
Algeria,DZA,2022,50000000,591000,225581644702.568,4960.30334332888,3.60000000094915,12,9.26551551551553,4621351,74.1795862354514,50000000,591000,186231205262.082,0,0,84602368.86632825,8.5094237560332,0.0221649239528888
Algeria,DZA,2023,50000000,591000,247923887214.655,5370.477235078,4.10000000005964,12,9.32217375928322,7160662.35,74.732808364138,50000000,591000,225581644702.568,0,0,84602368.86632825,8.588858240003601,0.020167479851067958
Angola,AGO,2010,726000000,425000,95546919754.7633,4101.63715566712,5.29366572819954,9.43,14.4696564932577,1010194,60.1310289535053,NA,NA,NA,NA,NA,1708235294.1176472,8.319385254621642,0.7598361117903089
Angola,AGO,2011,653000000,481000,125551634704.473,5184.15269149912,3.59386960240222,16.77,13.4824679218511,987798,60.8431610396073,726000000,425000,95546919754.7633,-10.055096418732782,13.176470588235295,1357588357.5883577,8.553554568928021,0.5201047374150484
Angola,AGO,2012,711000000,528000,143572907527.976,5702.45306277434,8.50312283866612,14.373000000000001,10.2779049218839,1132424,61.5114223949332,653000000,481000,125551634704.473,8.88208269525268,9.771309771309772,1346590909.090909,8.648827070886327,0.4952187792543364
Angola,AGO,2013,1241000000,650000,148845200696.792,5688.57916215215,4.88306129688392,11.976,8.77781429332624,1321872,62.1333075212361,711000000,528000,143572907527.976,74.54289732770746,23.106060606060606,1909230769.2307692,8.646391563427688,0.8337521090303766
Angola,AGO,2014,1597000000,595000,153449860496.402,5649.68762469139,4.65572356315585,9.579,7.28038730361121,1409952,62.723115793241,1241000000,650000,148845200696.792,28.68654311039484,-8.461538461538462,2684033613.4453783,8.63953252022042,1.0407308255828915
Angola,AGO,2015,1171000000,592000,102543067840.732,3641.72893919944,0.763177710914789,10.9494,9.35597215533784,1244491,63.51567832685,1597000000,595000,153449860496.402,-26.67501565435191,-0.5042016806722689,1978040540.5405407,8.200488388310973,1.1419592027603227
Angola,AGO,2016,628000000,397000,59878249719.3279,2051.81462126253,-1.70053036291208,12.3198,30.6944150806719,1482546,64.2992302517989,1171000000,592000,102543067840.732,-46.37062339880444,-32.939189189189186,1581863979.8488665,7.6269671164307695,1.048794851124865
Angola,AGO,2017,884000000,261000,84376935689.3366,2790.71886869768,-0.149396225571834,13.6902,29.8444799015679,1375523,65.0850525086068,628000000,397000,59878249719.3279,40.76433121019109,-34.25692695214106,3386973180.076628,7.934412767085319,1.0476796683571887
Angola,AGO,2018,557000000,218000,89512794227.495,2860.0936483682,-0.59441122698307,15.0606,19.6289379701521,1516628,65.8732136723372,884000000,261000,84376935689.3366,-36.990950226244344,-16.47509578544061,2555045871.5596333,7.958959225254077,0.6222574156096563
Angola,AGO,2019,395000000,218000,80734428592.5368,2493.67884440177,-0.204680245744115,16.431,17.080954143438,1436959,66.6637823180533,557000000,218000,89512794227.495,-29.084380610412925,0,1811926605.5045872,7.821915280221881,0.4892584327233528
Angola,AGO,2020,19000000,218000,58852456453.8769,1759.35619918264,-4.04244724639663,16.0985,22.271539247051,356695,67.4568270208187,395000000,218000,80734428592.5368,-95.18987341772151,0,87155963.3027523,7.473271453454162,0.032284123968369
Angola,AGO,2021,19000000,218000,79559543805.2963,2303.90812662776,2.10275251923413,15.766,25.7542948841891,311488,68.2524163556969,19000000,218000,58852456453.8769,0,0,87155963.3027523,7.7427960963404034,0.023881484346489134
Angola,AGO,2022,19000000,218000,131212208930.344,3682.1131513698,4.21600258475137,14.094,21.3552901320822,895730,69.0506188977513,19000000,218000,79559543805.2963,0,0,87155963.3027523,8.211513638582367,0.014480359834568779
Angola,AGO,2023,19000000,218000,107167747140.127,2916.13663284275,1.26330814020108,14.094,13.6441017767715,1321412,69.8515032220457,19000000,218000,131212208930.344,0,0,87155963.3027523,7.978357808963675,0.017729214719011108
Arab World,ARB,2010,72002050458.6476,130381603.794372,2161397546202.94,5944.95217290432,4.84064243847079,9.36981355379497,3.91106195534028,126796491.879128,55.5920977319462,NA,NA,NA,NA,NA,552240871.129364,8.690465959950906,3.331272888004247
Arab World,ARB,2011,63688193204.0993,109790026.216047,2573067811497.98,6915.82768123695,3.85320358755794,10.032927254838635,4.7531638888563,135837641.389789,56.052080900428,72002050458.6476,130381603.794372,2161397546202.94,-11.54669513102705,-15.793315144980483,580090882.5613394,8.84171251593476,2.4751851824309874
Arab World,ARB,2012,70933565985.905,122650455.800156,2813567531715.43,7384.10682814613,5.49375422924652,10.6960409558823,4.6118443220664,152014159.66127,56.7609778940107,63688193204.0993,109790026.216047,2573067811497.98,11.37632018949998,11.713659270653586,578339195.9136509,8.907220660418895,2.5211254105799568
Arab World,ARB,2013,69505430690.3871,122579989.796455,2883689839002.54,7376.02829575498,2.64732060879508,10.741563435997,3.25423910998847,166209279.140784,57.5747135596837,70933565985.905,122650455.800156,2813567531715.43,-2.013342027386131,-0.05745270430614395,567021018.7307194,8.906126166549303,2.4102949544126018
Arab World,ARB,2014,78173558299.7625,130620704.114,2937035588682.67,7338.35092727915,2.6597523137165,10.7870859161117,2.89947905006057,181627311.076906,58.0278238886845,69505430690.3871,122579989.796455,2883689839002.54,12.471151567979904,6.559565171196917,598477544.8120081,8.90100568817244,2.6616483164518
Arab World,ARB,2015,89547572197.1965,122563985.747808,2580328583417.41,6290.55879501691,3.35080366726505,10.23288771663108,1.83135233156369,195957046,58.351712270484,78173558299.7625,130620704.114,2937035588682.67,14.54969448086203,-6.168025521559315,730618963.236499,8.74696414013926,3.470394149515598
Arab World,ARB,2016,93401986638.0264,115219915.34879,2536564595458.87,6042.19675439671,3.57286827951262,9.67868951715046,2.36503123461077,214318723,58.5622937950483,89547572197.1965,122563985.747808,2580328583417.41,4.304320425730723,-5.9920296767513825,810640993.4019037,8.70668841489105,3.682223855258446
Arab World,ARB,2017,107575704649.852,122153139.690839,2611323720520,6096.72395041636,1.32901000226768,9.67868951715046,2.06932928164424,223496214.05,58.6808941601595,93401986638.0264,115219915.34879,2536564595458.87,15.174964175820982,6.017383645059064,880662624.9813844,8.715670857651176,4.11958516688349
Arab World,ARB,2018,119512548743.69,131892640.892491,2920829737234.67,6699.18058175457,2.67255324455269,9.67868951715046,2.30874696703938,232670166.889823,58.7847025324078,107575704649.852,122153139.690839,2611323720520,11.09622672953081,7.9731894131432055,906135080.281755,8.809889757516528,4.091732812089209
Arab World,ARB,2019,131922562360.543,142447574.174804,2965285548936.01,6674.34224402621,1.74778112240244,9.67868951715046,1.33601568147656,246284712.901893,58.8962879377102,119512548743.69,131892640.892491,2920829737234.67,10.383858220167209,8.002670361962496,926113084.9350563,8.80617575446735,4.448899108818672
Arab World,ARB,2020,131922562360.543,142447574.174804,2604104981819.8,5739.41283580539,-5.30102786914752,9.67868951715046,1.44703656998741,78203120.459,59.0899689866908,131922562360.543,142447574.174804,2965285548936.01,0,0,926113084.9350563,8.655286409341484,5.065946391621774
Arab World,ARB,2021,131922562360.543,142447574.174804,3085141461685.6,6697.41498492196,4.43160883511413,9.67868951715046,2.86833027751019,100893015.318,59.112484714184,131922562360.543,142447574.174804,2604104981819.8,0,0,926113084.9350563,8.809626207977466,4.27606202175461
Arab World,ARB,2022,131922562360.543,142447574.174804,3747416641077.46,7950.35581975672,7.00775934349392,9.67868951715046,5.17980847967061,184943254.355,59.3339325148117,131922562360.543,142447574.174804,3085141461685.6,0,0,926113084.9350563,8.981097736473137,3.5203601573005914
Arab World,ARB,2023,131922562360.543,142447574.174804,3622495663981.78,7513.89907880749,1.63495022269882,9.67868951715046,4.00025877060147,251729970.991,59.569940800309,131922562360.543,142447574.174804,3747416641077.46,0,0,926113084.9350563,8.9246428727965,3.6417590136060003
Argentina,ARG,2010,5605000000,6800000,423627422092.49,10260.1313108254,10.1253981561002,7.714,34.2772237131003,9025035.31187357,90.9930051940977,NA,NA,NA,NA,NA,824264705.882353,9.23611837685911,1.3230965956628435
Argentina,ARG,2011,6058000000,6703000,530158122010.442,12704.2831819684,6.00395169280579,7.18,34.2772237131003,8590839.84977289,91.1072286738406,5605000000,6800000,423627422092.49,8.08206958073149,-1.4264705882352942,903774429.359988,9.449773184523451,1.142677957479388
Argentina,ARG,2012,5665000000,6497000,545982375701.128,12949.717486654,-1.0264204544321,7.217,34.2772237131003,9375669.73963746,91.2041217246797,6058000000,6703000,530158122010.442,-6.487289534499835,-3.073250783231389,871940895.7980607,9.468906469967745,1.0375792795005958
Argentina,ARG,2013,5199000000,6510000,552025140252.246,12963.675773326,2.40532378079436,7.1,34.2772237131003,11951276.8223926,91.3014507719473,5665000000,6497000,545982375701.128,-8.22594880847308,0.20009235031553024,798617511.5207374,9.469983689817873,0.9418049325841094
Argentina,ARG,2014,5645000000,7165000,526319673731.638,12233.1444119186,-2.51261532081394,7.268,34.2772237131003,12121912.818,91.3975345472954,5199000000,6510000,552025140252.246,8.578572802462011,10.061443932411676,787857641.311933,9.411986043878551,1.072542084542767
Argentina,ARG,2015,5441000000,6816000,594749285413.212,13679.6264980954,2.73115982828944,7.627666666666666,34.2772237131003,14245183,91.4923019108628,5645000000,7165000,526319673731.638,-3.6138175376439325,-4.870900209351012,798268779.342723,9.523735986772309,0.914839266468353
Argentina,ARG,2016,5466000000,6668000,557532320662.955,12699.9623137756,-2.08032784377811,7.987333333333333,34.2772237131003,15076354,91.5856817228217,5441000000,6816000,594749285413.212,0.45947436133063774,-2.171361502347418,819736052.7894421,9.44943304231431,0.9803915929932896
Argentina,ARG,2017,5830000000,6711000,643628393281.364,14532.5009308511,2.81850297775918,8.347,34.2772237131003,16749271,91.6776028433824,5466000000,6668000,557532320662.955,6.659348701061105,0.644871025794841,868722992.1025182,9.58421167254182,0.9058021772901181
Argentina,ARG,2018,5999000000,6942000,524819892360.176,11752.7998922979,-2.61739646282038,9.22,34.2772237131003,18084553,91.7679941327998,5830000000,6711000,643628393281.364,2.8987993138936536,3.442109968708091,864160184.3849034,9.371931862380567,1.14305880690265
Argentina,ARG,2019,5654000000,7399000,447754683615.225,9955.97478680428,-2.00086100285785,9.843,53.5483043492339,19461377,91.8567844513802,5999000000,6942000,524819892360.176,-5.75095849308218,6.58311725727456,764157318.5565617,9.206028568176812,1.2627450268859115
Argentina,ARG,2020,1702000000,7399000,385740508436.965,8535.59938004389,-9.9004848136464,11.461,42.0150947376509,3680874,91.9439026594897,5654000000,7399000,447754683615.225,-69.89741775733994,0,230031085.28179485,9.052118008422225,0.4412292623599652
Argentina,ARG,2021,1702000000,7399000,486564085480.036,10738.0179223384,10.4418119882506,8.736,48.4093786255199,6708097,92.0292776175651,1702000000,7399000,385740508436.965,0,0,230031085.28179485,9.281638922758807,0.34979975933094926
Argentina,ARG,2022,1702000000,7399000,633993756301.08,13962.1894087223,6.02074537534855,6.805,72.430757531824,16302525,92.112838186126,1702000000,7399000,486564085480.036,0,0,230031085.28179485,9.544179817895117,0.26845690246699055
Argentina,ARG,2023,1702000000,7399000,649461687959.174,14261.8465667948,-1.85578803046339,6.139,133.488935594175,21057811,92.1945132257907,1702000000,7399000,633993756301.08,0,0,230031085.28179485,9.565413293036885,0.26206318733723216
Armenia,ARM,2010,694000000,684000,9260285755.62424,3041.34450723339,2.2000000002151,19.523,8.17636138473952,704753,64.3304164043132,NA,NA,NA,NA,NA,1014619883.0409356,8.020383716648002,7.494369162188096
Armenia,ARM,2011,762000000,758000,10142111824.5835,3349.55309771906,4.69999999867412,18.884,7.65000807859294,392312,64.3207449145194,694000000,684000,9260285755.62424,9.798270893371757,10.818713450292398,1005277044.8548813,8.116880714987715,7.513228143994484
Armenia,ARM,2012,853000000,963000,10619320682.9474,3511.56399687426,7.20000000096486,17.511,2.55802007757907,364733,64.3268379506998,762000000,758000,10142111824.5835,11.94225721784777,27.044854881266488,885773624.0913811,8.164101533226702,8.032528873242853
Armenia,ARM,2013,905000000,1084000,11121464437.0415,3680.16692158886,3.3,16.576,5.78966778544651,45000,64.3584061131466,853000000,963000,10619320682.9474,6.096131301289566,12.56490134994808,834870848.708487,8.210985079155792,8.13741755973951
Armenia,ARM,2014,994000000,1204000,11609513246.7958,3852.11800610384,3.60000000058993,17.498,2.98130868933672,0,64.4142934233291,905000000,1084000,11121464437.0415,9.83425414364641,11.07011070110701,825581395.3488373,8.25663797122797,8.561943803064628
Armenia,ARM,2015,956000000,1192000,10553337518.414,3512.39350276709,3.19999999896625,18.261,3.73169119261693,13314.75,64.4929623431549,994000000,1204000,11609513246.7958,-3.8229376257545273,-0.9966777408637874,802013422.818792,8.164337659305383,9.058745617980309
Armenia,ARM,2016,1037000000,1260000,10546136235.5219,3524.42476874707,0.199999999825991,17.617,-1.403607559009,26629.5,64.5928753345316,956000000,1192000,10553337518.414,8.472803347280335,5.704697986577181,823015873.015873,8.167756209758831,9.832985055769875
Armenia,ARM,2017,1224000000,1495000,11527458709.0158,3869.05373867752,7.50000000164144,17.704,0.969553268816138,39944.25,64.7124948593667,1037000000,1260000,10546136235.5219,18.0327868852459,18.650793650793652,818729096.9899665,8.261023671890602,10.618125216468492
Armenia,ARM,2018,1358000000,1652000,12457940694.7395,4196.00562301769,5.19999999965324,10.589,2.52023382001638,53259,64.8502833795679,1224000000,1495000,11527458709.0158,10.947712418300654,10.501672240802677,822033898.3050848,8.342126603103408,10.900677995468627
Armenia,ARM,2019,1553000000,1894000,13619290539.2116,4597.22887399548,7.59999999853918,9.794,1.44344660770698,193668,65.0047033570428,1358000000,1652000,12457940694.7395,14.359351988217966,14.648910411622277,819957761.3516368,8.43342648094282,11.402943461179007
Armenia,ARM,2020,303000000,375000,12641698583.2152,4268.68093304583,-7.19999999920631,8.055,1.21143577838465,54940,65.174217253699,1553000000,1894000,13619290539.2116,-80.48937540244687,-80.20063357972545,808000000,8.359294380490686,2.396829808949116
Armenia,ARM,2021,303000000,375000,13878908628.9378,4685.17997128509,5.80000000065645,8.418,7.18483629443371,179200,65.3572875314441,303000000,375000,12641698583.2152,0,0,808000000,8.452373024494369,2.183168778618796
Armenia,ARM,2022,303000000,375000,19513506553.1251,6571.97445545099,12.5999999997766,8.262,8.64091108973855,268520,65.5624462874485,303000000,375000,13878908628.9378,0,0,808000000,8.790721741971375,1.5527706369692658
Armenia,ARM,2023,303000000,375000,24185982215.6543,8159.08720967996,8.29999999959539,8.298,1.98041877615554,1311506,65.6956882008852,303000000,375000,19513506553.1251,0,0,808000000,9.007010135361822,1.2527917919491574
Aruba,ABW,2010,1254000000,1394000,2453597206.70391,24093.1401510626,-2.73345679250639,10.6,2.07814071860787,223502,64.1612965549477,NA,NA,NA,NA,NA,899569583.9311335,10.089723942654846,51.10863333939749
Aruba,ABW,2011,1358000000,1469000,2637859217.87709,25712.3843015186,3.36923718421511,8.9,4.31629742195203,223502,63.9992605838571,1254000000,1394000,2453597206.70391,8.293460925039872,5.3802008608321374,924438393.4649421,10.154766925261653,51.48114011531284
Aruba,ABW,2012,1412000000,1481000,2615208379.88827,25119.6655449838,-1.04079988436683,8.9,0.627471992893373,223502,63.8252085199599,1358000000,1469000,2637859217.87709,3.9764359351988214,0.8168822328114363,953409858.2039162,10.13144611485631,53.99187349117951
Aruba,ABW,2013,1506000000,1667000,2727849162.01117,25813.5714408438,6.43146080719245,8.9,-2.37206524252261,223502,63.6382914355326,1412000000,1481000,2615208379.88827,6.6572237960339935,12.559081701553005,903419316.1367726,10.158694396007784,55.208331200016445
Aruba,ABW,2014,1625000000,1739000,2790849720.67039,26129.8390617693,1.42609864257801,8.9,0.421440918881214,223502,63.4392531303795,1506000000,1667000,2727849162.01117,7.901726427622842,4.319136172765447,934445083.3812535,10.170871469050365,58.22599432583058
Aruba,ABW,2015,1659000000,1832000,2962906703.91061,27458.2201537506,3.61147995361162,8.9,0.474763597342641,223502,63.2288374043053,1625000000,1739000,2790849720.67039,2.0923076923076924,5.347901092581943,905567685.5895196,10.220457279565109,55.99231315013594
Aruba,ABW,2016,1757000000,1758000,2983637430.1676,27441.5502144601,1.23433537363427,8.9,-0.931195987079561,223502,63.0077880571142,1659000000,1832000,2962906703.91061,5.9071729957805905,-4.039301310043668,999431171.7861205,10.219850015366124,58.88785219795637
Aruba,ABW,2017,1855000000,1863000,3092427932.96089,28440.0416881491,3.49342985290626,8.9,-1.02828178762012,223502,62.7768488886109,1757000000,1758000,2983637430.1676,5.577689243027888,5.972696245733788,995705850.7783146,10.255588510818454,59.98522973577928
Aruba,ABW,2018,2035000000,1897000,3276187709.49721,30082.1584226798,3.21247111920076,8.9,3.62604141352961,274280,62.5367636985996,1855000000,1863000,3092427932.96089,9.703504043126685,1.8250134192163179,1072746441.7501317,10.311720773305565,62.114878036469634
Aruba,ABW,2019,2109000000,1951000,3346623191.45988,30645.8906024548,1.22511225158814,8.9,4.25746204335428,274280,62.288276286885,2035000000,1897000,3276187709.49721,3.6363636363636362,2.8465998945703745,1080984110.712455,10.330286487684821,63.018746938163716
Aruba,ABW,2020,1077000000,1951000,2471419181.71957,22759.8071750722,-23.8979898352395,8.9,4.25746204335428,274280,62.0028837566365,2109000000,1951000,3346623191.45988,-48.933143669985775,0,552024602.7678114,10.032795352245516,43.57820024892104
Aruba,ABW,2021,1077000000,1951000,2880902798.92288,26749.3296093118,14.7306159219273,8.9,4.25746204335428,274280,61.9275339886843,1077000000,1951000,2471419181.71957,0,0,552024602.7678114,10.194302074091672,37.38411446587756
Aruba,ABW,2022,1077000000,1951000,3324034443.26581,30975.9989121779,10.6364309604414,8.9,4.25746204335428,274280,61.8811657924257,1077000000,1951000,2880902798.92288,0,0,552024602.7678114,10.341000237495978,32.40038628907422
Aruba,ABW,2023,1077000000,1951000,3834729616.12027,35718.7531191634,7.70679839650956,8.9,4.25746204335428,274280,61.8351492675589,1077000000,1951000,3324034443.26581,0,0,552024602.7678114,10.483459123408975,28.085422123962907
Australia,AUS,2010,31064000000,5790000,1152566632022.13,52313.8939041213,2.21004795300735,5.211,2.91834002677376,60640913,86.2198600512143,NA,NA,NA,NA,NA,5365112262.521589,10.865036387792854,2.695202093912741
Australia,AUS,2011,34315000000,5771000,1402939868653.4,62799.3895017032,2.3947349433061502,5.081,3.3038501560874,63360310.3377656,86.3268946146423,31064000000,5790000,1152566632022.13,10.465490600051506,-0.3281519861830743,5946109859.643043,11.047716554693476,2.445935194138931
Australia,AUS,2012,34137000000,6032000,1552728401401.58,68301.4402512587,3.95247138119184,5.224,1.76278015613196,66355274,86.4451259136625,34315000000,5771000,1402939868653.4,-0.5187235902666472,4.522613065326634,5659316976.127321,11.131700773343166,2.198517137265347
Australia,AUS,2013,32889000000,6482000,1583737461925.39,68476.6788496118,2.65445302592404,5.662,2.4498886414254,68197955,86.5740515760243,34137000000,6032000,1552728401401.58,-3.655857280956147,7.460212201591513,5073896945.387226,11.1342631149376,2.0766699526079284
Australia,AUS,2014,35736000000,6922000,1474677007565.64,62817.2061751737,2.60118978187332,6.077,2.48792270531404,68123237.6693167,86.7221289343356,32889000000,6482000,1583737461925.39,8.656389674359207,6.788028386300525,5162669748.627564,11.048000217689292,2.4233103124725663
Australia,AUS,2015,36249000000,7449000,1356805839935.9,56970.3613028094,2.16434780647852,6.054,1.50836672165921,69779346,86.8778642539361,35736000000,6922000,1474677007565.64,1.4355271994627268,7.613406529904652,4866290777.285542,10.950303987270745,2.671642392231487
Australia,AUS,2016,39059000000,8269000,1211588128417.61,50084.4440606385,2.75564065529868,5.714,1.27699094497324,72446421,87.0166295249235,36249000000,7449000,1356805839935.9,7.751937984496124,11.008189018660223,4723545773.3704195,10.821485707146891,3.223785301611766
Australia,AUS,2017,43975000000,8815000,1330890554614.09,54117.547718609,2.29331030192918,5.604,1.94864740944527,74257326,87.12809266445,39059000000,8269000,1211588128417.61,12.586087713459126,6.602974966743258,4988655700.510494,10.89893224745699,3.304178532753293
Australia,AUS,2018,47327000000,9246000,1433144978761.67,57410.1737346009,2.87417039499501,5.345,1.91140094445691,75667645.0347507,87.226768084592507,43975000000,8815000,1330890554614.09,7.6225127913587265,4.889393079977311,5118645900.930132,10.957994227728879,3.302317679045535
Australia,AUS,2019,47953000000,9466000,1398349602956.35,55194.7585097428,2.19401703622717,5.143,1.61076787290379,76850596.719,87.3019647888406,47327000000,9246000,1433144978761.67,1.3227121938850972,2.379407311269738,5065814493.97845,10.918641390721335,3.429256882443357
Australia,AUS,2020,26234000000,1828000,1333336461648.09,51983.4523666382,-0.133531904304775,6.394,0.846905537459305,23346254,87.2713470458985,47953000000,9466000,1398349602956.35,-45.2922653431485,-80.68878090006338,14351203501.094091,10.858699959906996,1.9675453836740562
Australia,AUS,2021,26234000000,1828000,1560617493202.69,60758.9044397144,2.00694844335034,5.022,2.86391042204994,24572955,87.2353407632761,26234000000,1828000,1333336461648.09,0,0,14351203501.094091,11.014685383958545,1.6810012776521388
Australia,AUS,2022,26234000000,1828000,1695627535475.8,65169.5191118657,4.25304559238732,3.728,6.59409671341846,55739422.457,87.3343268253813,26234000000,1828000,1560617493202.69,0,0,14351203501.094091,11.084762484798242,1.5471558140649462
Australia,AUS,2023,26234000000,1828000,1734451264655.6,65058.3773146674,3.58382100798981,3.668,5.5970149253731,68958577,87.4866955653765,26234000000,1828000,1695627535475.8,0,0,14351203501.094091,11.083055629041906,1.5125244816382393
Azerbaijan,AZE,2010,792000000,1963000,52909294791.9262,5843.5337683582,4.78883248761557,5.63,5.72687224669605,796698,53.2848367714869,NA,NA,NA,NA,NA,403464085.5832909,8.673262104832178,1.4969014482515024
Azerbaijan,AZE,2011,1500000000,2239000,65952796427.9473,7189.81869211976,-1.5729973511111,5.42,7.8583333333334,1348414,53.5085461893249,792000000,1963000,52909294791.9262,89.39393939393939,14.060112073357105,669941938.3653417,8.880560309618145,2.2743539034599287
Azerbaijan,AZE,2012,2634000000,2484000,69679944504.1972,7495.86527658099,2.20293891708398,5.19,1.06621339720303,1560084,53.8076442276208,1500000000,2239000,65952796427.9473,75.6,10.94238499330058,1060386473.4299517,8.922240249030935,3.780140783323012
Azerbaijan,AZE,2013,2618000000,2509000,74160560123.6902,7875.34536661549,5.84341590483928,4.97,2.41571745279419,1651710,54.1821087431318,2634000000,2484000,69679944504.1972,-0.6074411541381929,1.0064412238325282,1043443603.0290953,8.97161928930745,3.5301782991303132
Azerbaijan,AZE,2014,2713000000,2298000,75239785452.1022,7890.84028062087,2.79758521448559,4.91,1.37344181533176,1770192,54.6319175926151,2618000000,2509000,74160560123.6902,3.6287242169595113,-8.40972499003587,1180591818.97302,8.973584628800468,3.6058050720082147
Azerbaijan,AZE,2015,2535000000,2006000,53076235354.746,5500.50364628486,1.04954641215085,4.96,4.02768573742726,1803112,55.1570486328276,2713000000,2298000,75239785452.1022,-6.561002580169554,-12.706701479547434,1263708873.3798606,8.612776724089873,4.776148841485842
Azerbaijan,AZE,2016,2855000000,2249000,37866996882.9157,3880.6852276838,-3.06359842251706,5,12.4433748584372,1961639,55.7574797205266,2535000000,2006000,53076235354.746,12.6232741617357,12.113659022931206,1269453090.2623386,8.264024675352202,7.539546927440869
Azerbaijan,AZE,2017,3214000000,2697000,40866627351.9817,4147.1981423222,0.153614661745507,5,12.9359184187335,2331308,56.4331887124691,2855000000,2249000,37866996882.9157,12.57443082311734,19.919964428634948,1191694475.3429737,8.330429336367235,7.864607892200204
Azerbaijan,AZE,2018,2830000000,2850000,47112470051.7701,4739.7943123408,1.50040167167313,4.9,2.26854690373999,2279546,57.1841534654123,3214000000,2697000,40866627351.9817,-11.947728686994399,5.672969966629588,992982456.1403508,8.463959977092966,6.00690219997003
Azerbaijan,AZE,2019,2004099975.58594,3170000,48174235294.1176,4805.75371765917,2.47980879185565,5,2.61057182799215,2585280,58.1308191977779,2830000000,2850000,47112470051.7701,-29.183746445726506,11.228070175438596,632208194.1911483,8.477777232476846,4.160107500099029
Azerbaijan,AZE,2020,340000000,796000,42693000000,4229.91064904503,-4.19896065333343,7.24,2.75980947008127,545265,58.2934691761937,2004099975.58594,3170000,48174235294.1176,-83.0347784969862,-74.88958990536277,427135678.3919598,8.350172532332346,0.79638348206966
Azerbaijan,AZE,2021,340000000,796000,54825411764.7059,5408.04535175023,5.61644027150554,6.04,6.65029912708779,1102455,58.3659969744818,340000000,796000,42693000000,0,0,427135678.3919598,8.595827896334379,0.6201503811027945
Azerbaijan,AZE,2022,340000000,796000,78807470588.2353,7770.594223351,4.71468033247649,5.65,13.8522590144267,2171085,58.4382815854684,340000000,796000,54825411764.7059,0,0,427135678.3919598,8.958230599066273,0.43143117963585115
Azerbaijan,AZE,2023,340000000,796000,72428470588.2353,7133.02838048328,1.35447749115767,5.65,8.78543049849081,2581841,58.5075350483702,340000000,796000,78807470588.2353,0,0,427135678.3919598,8.872631344111552,0.46942866146234324
"Bahamas, The",BHS,2010,2159000000,5255000,10095760000,27473.100430502,1.53866248693835,14.52,1.34402738392836,967914,82.4198104431593,NA,NA,NA,NA,NA,410846812.5594672,10.220999037352808,21.385215179441666
"Bahamas, The",BHS,2011,2157000000,5588000,10070450000,27090.8376801379,0.613170735890648,14.52,3.1987814166032,1056129.5948594,82.4130347470308,2159000000,5255000,10095760000,-0.09263547938860583,6.336822074215033,386005726.55690765,10.20698776888535,21.41910242342696
"Bahamas, The",BHS,2012,2333000000,5940000,10720400000,28552.0242683151,4.52003886739061,14.02,1.97336755976254,1048391.0668218,82.3947485339925,2157000000,5588000,10070450000,8.159480760315253,6.299212598425196,392760942.76094276,10.25951813831175,21.762247677325472
"Bahamas, The",BHS,2013,2305000000,6151000,10475300000,27642.7419759179,-2.86320081549439,16.18,0.722414784530551,576996,82.3635791100868,2333000000,5940000,10720400000,-1.2001714530647234,3.5521885521885523,374735815.314583,10.227154651349098,22.004143079434478
"Bahamas, The",BHS,2014,2336000000,6320000,11139100000,29137.2175632622,1.8469701294558,13.8,1.51375643050831,991463.328879806,82.3180931037043,2305000000,6151000,10475300000,1.3449023861171365,2.747520728336856,369620253.1645569,10.279805909836563,20.971173613667172
"Bahamas, The",BHS,2015,2554000000,6112000,11837600000,30719.405417469,0.997411675486745,12,1.86148302863371,900028,82.2568571432361,2336000000,6320000,11139100000,9.332191780821917,-3.2911392405063293,417866492.14659685,10.332682384357762,21.575319321484084
"Bahamas, The",BHS,2016,3091000000,6265000,11880900000,30616.5363157284,-1.15650811269629,12.7,-0.346376929989397,937476,82.1784378570728,2554000000,6112000,11837600000,21.025841816758025,2.5032722513089007,493375897.84517163,10.329328206004918,26.016547567945192
"Bahamas, The",BHS,2017,2951000000,6136000,12446900000,31875.4881749619,3.3713988456489,9.8,1.51820700736147,921470,82.0814018736052,3091000000,6265000,11880900000,-4.529278550630863,-2.0590582601755787,480932203.38983047,10.369623969212826,23.708714619704505
"Bahamas, The",BHS,2018,3756000000,6622000,12819200000,32642.3353203452,2.39795510823548,10,2.26586346678736,1830394.86207463,81.9643158212241,2951000000,6136000,12446900000,27.278888512368688,7.920469361147327,567200241.6188463,10.393395988917101,29.29980029955067
"Bahamas, The",BHS,2019,4150000000,7250000,13277000000,33640.3369861278,-0.838585871193203,9.336,2.49123527368046,1856546,81.8257463283204,3756000000,6622000,12819200000,10.489882854100106,9.483539716097855,572413793.1034483,10.423510857236705,31.257061083076
"Bahamas, The",BHS,2020,1007000000,1794500,10363200000,26178.7537607708,-20.0893664891399,9.16325,0.0385210980054558,1272798.762,81.6642600232849,4150000000,7250000,13277000000,-75.73493975903615,-75.24827586206897,561159097.2415714,10.17274163379593,9.717075806700633
"Bahamas, The",BHS,2021,1007000000,1794500,12037000000,30367.8605757708,17.5861390037409,8.9905,2.90491262928478,1065149.134,81.4784235345083,1007000000,1794500,10363200000,0,0,561159097.2415714,10.321173039251377,8.365871894990446
"Bahamas, The",BHS,2022,1007000000,1794500,13896800000,34957.1613279737,10.8779009410268,8.81775,5.60540633583044,1303311.916,81.3200717047725,1007000000,1794500,12037000000,0,0,561159097.2415714,10.461907234792951,7.246272523170802
"Bahamas, The",BHS,2023,1007000000,1794500,15271300000,38231.774484278,3.04824180553773,8.645,3.05291578969743,1465432.189,81.3213799173676,1007000000,1794500,13896800000,0,0,561159097.2415714,10.55144839754073,6.594068612364369
Bahrain,BHR,2010,2163000000,11952000,26805984042.5532,21819.3291098099,4.3342989754845,1.13,1.96188468334623,6028980,100,NA,NA,NA,NA,NA,180973895.5823293,9.990597342216024,8.069093813405031
Bahrain,BHR,2011,1766000000,6732000,29914680851.0638,25032.7867743333,1.92815791170796,4,-0.40004069748808,5590998.04060636,100,2163000000,11952000,26805984042.5532,-18.354137771613498,-43.674698795180724,262329174.09387997,10.12798166240875,5.903455927851555
Bahrain,BHR,2012,1752000000,8062000,31963404255.3191,26438.6733230428,3.80302899043062,1.2,2.75739669962979,5861786.99900694,100,1766000000,6732000,29914680851.0638,-0.7927519818799547,19.756387403446226,217315802.5303895,10.18262093848244,5.481268471922686
Bahrain,BHR,2013,1875000000,9163000,33823324468.0851,26989.7601148469,5.29262224906203,1.2,3.30001156888442,4626648,100,1752000000,8062000,31963404255.3191,7.02054794520548,13.656660878193996,204627305.4676416,10.203249868447902,5.543511850141184
Bahrain,BHR,2014,1913000000,10452000,34772526595.7447,26451.7965647453,4.30885692657077,1.2,2.64755321246189,5171496,100,1875000000,9163000,33823324468.0851,2.0266666666666664,14.067445159882135,183027171.83314198,10.183117161933515,5.501469658043497
Bahrain,BHR,2015,2827000000,9670000,32523297872.3404,23734.0551143019,2.50787205267615,1.2,1.84862742374977,5313756,100,1913000000,10452000,34772526595.7447,47.77835859905907,-7.481821660926139,292347466.3908997,10.074708353051477,8.692230446913676
Bahrain,BHR,2016,4021000000,10158000,33884680851.0638,23800.001440631,3.81499327422425,1.2,2.78679347602044,5220218,100,2827000000,9670000,32523297872.3404,42.2355854262469,5.046535677352637,395845638.9052963,10.077482936111776,11.866719411269774
Bahrain,BHR,2017,4380000000,11374000,37204813829.7872,24784.7693514607,4.95383534123657,1.2,1.38671830576406,5190484,100,4021000000,10158000,33884680851.0638,8.928127331509575,11.970860405591651,385088799.015298,10.118024950984037,11.772670117470796
Bahrain,BHR,2018,3834000000,12045000,39567978723.4043,26324.4066549559,2.05258864979861,1.2,2.08766938046978,5877003,100,4380000000,11374000,37204813829.7872,-12.465753424657535,5.899419729206963,318306351.1830635,10.178289784364571,9.689653410908768
Bahrain,BHR,2019,3860000000,11061000,40446808510.6383,27259.7438599327,2.05287774418655,1.2,1.00582004702137,6440562,100,3834000000,12045000,39567978723.4043,0.6781429316640584,-8.169364881693648,348973872.1634572,10.213202992476635,9.543398211467649
Bahrain,BHR,2020,724000000,1909000,35837632978.7234,24342.8444554718,-5.9113629524152,1.2,-2.31770629331379,1451359,100,3860000000,11061000,40446808510.6383,-81.24352331606217,-82.74116264352229,379256155.05500263,10.10003430211636,2.0202227095462324
Bahrain,BHR,2021,724000000,1909000,40840212765.9574,27147.8083882286,4.35004091668986,1.2,-0.60631938514085,1840268,100,724000000,1909000,35837632978.7234,0,0,379256155.05500263,10.209088434462558,1.7727625567207979
Bahrain,BHR,2022,724000000,1909000,46458191489.3617,30470.5219276023,6.18016125475185,1.2,3.62574104304482,4692392,100,724000000,1909000,40840212765.9574,0,0,379256155.05500263,10.324547819127593,1.5583904082142033
Bahrain,BHR,2023,724000000,1909000,46192260638.2979,29290.1284215098,3.87811614845566,1.2,0.0746206782192256,5734420,100,724000000,1909000,46458191489.3617,0,0,379256155.05500263,10.285039964907941,1.5673621294900064
Bangladesh,BGD,2010,103000000,139000,115275540051.262,757.385280361508,5.57178818533122,3.379,8.12667639169917,1818901.01882718,27.7254372588696,NA,NA,NA,NA,NA,741007194.2446042,6.63119154194643,0.0893511320391098
Bangladesh,BGD,2011,97000000,157000,128607482310.357,837.336944695647,6.46437912497728,2.504,11.3951651552399,2022388.57221573,28.1100162712427,103000000,139000,115275540051.262,-5.825242718446602,12.949640287769784,617834394.9044586,6.7314201016445,0.07542329439738081
Bangladesh,BGD,2012,105000000,160000,133310747603.483,859.680536375497,6.52145877906443,3.465,6.21750422069284,2195061.68029907,28.4787972894576,97000000,157000,128607482310.357,8.24742268041237,1.910828025477707,656250000,6.757723397684732,0.07876334195672659
Bangladesh,BGD,2013,131000000,104000,149998957434.186,958.262989798283,6.01360565834344,4.426,7.53040640913172,2781708,28.8407036106763,105000000,160000,133310747603.483,24.761904761904763,-35,1259615384.6153846,6.866165270654643,0.08733394034253734
Bangladesh,BGD,2014,154000000,134000,172886611653.786,1094.46199702838,6.0610593588495,4.400666666666667,6.99163889220849,3051914.73321389,29.1944442321013,131000000,104000,149998957434.186,17.557251908396946,28.846153846153843,1149253731.3432834,6.998931468363866,0.0890757234044199
Bangladesh,BGD,2015,150300003.051758,126000,195146608978.131,1224.38647668165,6.55263987816197,4.375333333333333,6.19428022984984,3997815,29.5395099477892,154000000,134000,172886611653.786,-2.402595420936369,-5.970149253731343,1192857167.0774443,7.1110115643906475,0.0770190185926322
Bangladesh,BGD,2016,214300003.051758,182000,265224515675.034,1649.28380858601,7.11347821270093,4.35,5.51352572692995,3815869,29.8753915517965,150300003.051758,126000,195146608978.131,42.581502794754215,44.44444444444444,1177472544.2404284,7.40870255730707,0.08079947002875436
Bangladesh,BGD,2017,348000000,237000,293732446624.596,1811.08221668646,6.59024999794057,4.372,5.70207015717239,4660739.03831114,30.2015798381799,214300003.051758,182000,265224515675.034,62.38917174254573,30.21978021978022,1468354430.379747,7.5022318590208545,0.11847516472865544
Bangladesh,BGD,2018,357000000,267000,321362752441.78,1965.24372731467,7.31941263014136,4.4162,5.54362139486476,5677396,30.5175656009959,348000000,237000,293732446624.596,2.586206896551724,12.658227848101266,1337078651.685393,7.5838802641904985,0.1110894144661884
Bangladesh,BGD,2019,391000000,323000,351231654603.692,2129.79896954606,7.88191515117722,4.4604,5.59199639930629,6260241,30.8228396343012,357000000,267000,321362752441.78,9.523809523809524,20.973782771535582,1210526315.7894735,7.6642522914431686,0.1113225402309425
Bangladesh,BGD,2020,217899993.896484,323000,373979442362.193,2248.85078828233,3.44801755122445,4.5046,5.69107474746211,2984121.694,31.1168927321524,391000000,323000,351231654603.692,-44.271101305247065,0,674612984.1996408,7.718619176680477,0.05826523311552815
Bangladesh,BGD,2021,217899993.896484,323000,416271647911.014,2482.84917843357,6.93867912442445,4.5488,5.54565430773473,3750753,31.3992156886061,217899993.896484,323000,373979442362.193,0,0,674612984.1996408,7.817564723993246,0.052345624543486624
Bangladesh,BGD,2022,217899993.896484,323000,460131689083.083,2716.48592780431,7.09982877575158,4.593,7.69695437176898,5267081.561,31.673734726234,217899993.896484,323000,416271647911.014,0,0,674612984.1996408,7.907462440621077,0.04735600678377515
Bangladesh,BGD,2023,217899993.896484,323000,437415333018.291,2551.01773827307,5.77511237007889,3.352,9.8835030377921,6628497,32.1578465036834,217899993.896484,323000,460131689083.083,0,0,674612984.1996408,7.844639595174486,0.04981535338345632
Belarus,BLR,2010,665000000,5674000,57231904542.8755,6034.67885177216,7.75001707500896,0.6,7.735748043125,652142,74.5501403808594,NA,NA,NA,NA,NA,117201268.94606978,8.705443613000469,1.161939315686782
Belarus,BLR,2011,747000000,5877000,61762382327.9319,6527.6593428786,5.54997471638077,0.6,53.2286983118174,737599,75.0597534179688,665000000,5674000,57231904542.8755,12.330827067669173,3.5777229467747618,127105666.15620215,8.783956893822754,1.20947407118098
Belarus,BLR,2012,986000000,6130000,65685890438.8922,6953.21591683101,1.70785253368828,0.5,59.2197360232518,943081,75.5281066894531,747000000,5877000,61762382327.9319,31.994645247657296,4.304917474902161,160848287.11256117,8.847103361385615,1.5010834037749388
Belarus,BLR,2013,1156000000,6242000,75527558966.4473,7998.0802045456,0.998719299661161,0.5,18.3122610377873,1159500,75.94970703125,986000000,6130000,65685890438.8922,17.24137931034483,1.8270799347471451,185197052.22685036,8.987081839620107,1.5305671410796509
Belarus,BLR,2014,1230000000,5375000,78813069120.9984,8341.31809294883,1.65112470228097,0.5,18.1195543526734,1317732,76.3405227661133,1156000000,6242000,75527558966.4473,6.401384083044983,-13.889778917013778,228837209.30232558,9.029096405527007,1.560654868181358
Belarus,BLR,2015,1013000000,4386000,56454769844.7632,5967.05595058777,-3.82957056812593,1,13.5344897649735,1489035,76.6263885498047,1230000000,5375000,78813069120.9984,-17.642276422764226,-18.4,230962152.30278158,8.694176516938137,1.7943567971058993
Belarus,BLR,2016,1019000000,10935000,47723545321.259,5039.77560949445,-2.5264464460425,5.844,11.8365807653496,2057194,76.8458709716797,1013000000,4386000,56454769844.7632,0.5923000987166831,149.31600547195623,93187014.17466849,8.525315239998152,2.135214375085572
Belarus,BLR,2017,1124500000,11060000,54725405751.1559,5785.54491935194,2.53218349471909,5.648,6.03183725177785,2493100,77.0208206176758,1019000000,10935000,47723545321.259,10.353287536800785,1.1431184270690442,101672694.39421338,8.663290660042405,2.0548043172366035
Belarus,BLR,2018,1221000000,11502000,60031026576.26,6360.037502312,3.14919758275296,4.763,4.8723022055069,2760168,77.2132720947266,1124500000,11060000,54725405751.1559,8.58159181858604,3.996383363471971,106155451.22587375,8.75794677232437,2.0339482258377024
Belarus,BLR,2019,1290000000,11832000,64410170653.4569,6837.77339645635,1.44645548204305,4.165,5.59815595039854,3208254,77.4550771852757,1221000000,11502000,60031026576.26,5.651105651105651,2.8690662493479393,109026369.16835698,8.83036366653195,2.0027892907480838
Belarus,BLR,2020,542000000,3598000,61371673344.7424,6542.85579976768,-0.672742918585868,4.049,5.54814357456511,1227674,77.7890385790408,1290000000,11832000,64410170653.4569,-57.984496124031004,-69.59093982420555,150639244.02445805,8.786281842551974,0.8831435912712198
Belarus,BLR,2021,542000000,3598000,69673747131.87,7489.71894713888,2.43886210234947,3.9,9.46028389623106,1040730,78.131086803694,542000000,3598000,61371673344.7424,0,0,150639244.02445805,8.921420059506737,0.7779113687888328
Belarus,BLR,2022,542000000,3598000,73775179924.603,7994.64806074889,-4.65839591328999,3.574,15.209675274081,1290254,78.4732787892908,542000000,3598000,69673747131.87,0,0,150639244.02445805,8.986652680238032,0.7346644231215904
Belarus,BLR,2023,542000000,3598000,72478760370.4258,7896.75388295584,4.12654007153881,3.461,5.00059903091313,1322490,78.8146420666327,542000000,3598000,73775179924.603,0,0,150639244.02445805,8.974333679415729,0.7478052842376668
Belgium,BEL,2010,12680000000,7186000,481556503720.001,44197.393671162,2.71031150254662,8.293,2.18929920422457,7528586.30424955,84.9719309583717,NA,NA,NA,NA,NA,1764542165.3214583,10.69644372512399,2.633128179569294
Belgium,BEL,2011,14114000000,7494000,527196649048.639,47760.8298776546,1.93115502411325,7.14,3.53208210722742,8638553.1,85.2349607044689,12680000000,7186000,481556503720.001,11.309148264984227,4.2861118842193155,1883373365.358954,10.773982061353765,2.6771793837213576
Belgium,BEL,2012,13704000000,7560000,498414364944.961,44874.1709182123,0.215803612089744,7.542,2.83966343445899,9508165.31494536,85.4915403816388,14114000000,7494000,527196649048.639,-2.9049171035850927,0.8807045636509208,1812698412.698413,10.711639934545717,2.749519468908828
Belgium,BEL,2013,14534000000,7684000,524097026598.55,46964.5946777056,0.305494549070232,8.425,1.1130959402754,9521421,85.7415410247275,13704000000,7560000,498414364944.961,6.056625802685348,1.64021164021164,1891462779.8021863,10.75717058449485,2.773150630967577
Belgium,BEL,2014,15249000000,7887000,537987419164.351,47995.7786961339,1.76554038149924,8.523,0.340002833356922,10535219,85.9848336685807,14534000000,7684000,524097026598.55,4.919499105545618,2.641853201457574,1933434766.0707495,10.778889177140808,2.834452899230632
Belgium,BEL,2015,8975000000,8355000,461044767544.531,40893.804537772,1.47416433731927,8.482,0.561429152790065,11473055,86.2212893480444,15249000000,7887000,537987419164.351,-41.143681552888715,5.933815138836059,1074207061.6397367,10.618758305545768,1.9466656237744049
Belgium,BEL,2016,8784000000,7481000,474271566739.729,41854.5498296444,1.19350273007754,7.83,1.97385264653181,12545322,86.4507790979645,8975000000,8355000,461044767544.531,-2.128133704735376,-10.460801915020944,1174174575.5914984,10.641979679542203,1.852103439466884
Belgium,BEL,2017,9636000000,8385000,500908767351.53,44035.3239358548,1.47446761556785,7.09,2.12597086002607,13676844,86.6731739531869,8784000000,7481000,474271566739.729,9.699453551912567,12.083945996524529,1149194991.0554562,10.692770116323079,1.923703601945063
Belgium,BEL,2018,10319000000,9119000,542638913427.921,47487.2100392561,1.87796847383565,5.941,2.05316499865186,13639487,86.8883449485575,9636000000,8385000,500908767351.53,7.088003320880033,8.753726893261778,1131593376.466718,10.768236749513735,1.9016328804754394
Belgium,BEL,2019,10581000000,9343000,536726344405.489,46716.6227467964,2.4428900448156,5.364,1.43681956996429,14279187,87.0961631189222,10319000000,9119000,542638913427.921,2.5390057176082954,2.4564096940453997,1132505619.1801348,10.751876733219435,1.9713956861424724
Belgium,BEL,2020,7447000000,2584000,529694473501.791,45906.2875805246,-4.7929839083518,5.545,0.740791812220344,3520849.848,87.2964994991269,10581000000,9343000,536726344405.489,-29.61912862678386,-72.34293053623033,2881965944.2724457,10.734379154263413,1.4059047946579755
Belgium,BEL,2021,7447000000,2584000,598522422241.851,51658.238294958,6.25445686466593,6.248,2.44024851144084,5404284.479,87.4305564090635,7447000000,2584000,529694473501.791,0,0,2881965944.2724457,10.85242432196037,1.244230746127472
Belgium,BEL,2022,7447000000,2584000,591085783326.267,50605.7496677086,3.9562379757933,5.57,9.597511728725,10165432.504,87.489200269855,7447000000,2584000,598522422241.851,0,0,2881965944.2724457,10.831840239022013,1.2598848103050064
Belgium,BEL,2023,7447000000,2584000,651330595110.011,55291.4754541329,1.71412195515242,5.547,4.04901077613941,11390665.4189623,87.551492636772,7447000000,2584000,591085783326.267,0,0,2881965944.2724457,10.920392110515174,1.143351787235204
Benin,BEN,2010,149399993.896484,222000,9535345015.78355,973.244254931526,2.11406472648392,1.04,2.20783532536524,53012.8181818182,42.8916891239353,NA,NA,NA,NA,NA,672972945.47965765,6.881662047287422,1.5668021833419448
Benin,BEN,2011,201000000,222000,10693321363.6574,1059.41358852588,2.96375291904201,2.647,2.7042390774728,58314.1,43.4616136137276,149399993.896484,222000,9535345015.78355,34.53815810679921,0,905405405.4054054,6.966414288861132,1.8796779145076836
Benin,BEN,2012,174000000,232000,11141358115.8991,1071.5258366283,4.811223315688,2.4225,6.74468253340712,58314.1,44.0475065829838,201000000,222000,10693321363.6574,-13.432835820895523,4.504504504504505,750000000,6.977771740608327,1.561748560543046
Benin,BEN,2013,193000000,252000,12517845123.9315,1168.92699279226,7.19143372144946,2.198,0.428888888888884,137640,44.6502883669319,174000000,232000,11141358115.8991,10.919540229885058,8.620689655172415,765873015.8730159,7.064696626522029,1.5417989125861957
Benin,BEN,2014,153000000,265000,13284527846.9081,1204.39918670094,6.35767909791932,2.034,-0.548757550948181,60264,45.2880529235999,193000000,252000,12517845123.9315,-20.72538860103627,5.158730158730158,577358490.5660377,7.094566066335708,1.1517157535682376
Benin,BEN,2015,148000000,279000,11388160996.7738,1002.41886879614,1.77815106030278,1.87,0.21878592353624501,112392,45.9407403257663,153000000,265000,13284527846.9081,-3.2679738562091507,5.283018867924529,530465949.8207885,6.911168316732961,1.299595255475643
Benin,BEN,2016,129000000,292000,11821065853.3838,1010.5338961993,3.33967342629693,1.706,-0.793310145785624,899,46.6094559006664,148000000,279000,11388160996.7738,-12.837837837837837,4.659498207885305,441780821.91780823,6.91922316687114,1.0912721543047113
Benin,BEN,2017,160000000,307000,12701655836.9467,1054.97408066814,5.67156195150444,1.542,0.0432648555103608,899,47.2942774880391,129000000,292000,11821065853.3838,24.031007751937985,5.136986301369863,521172638.4364821,6.96221891914314,1.2596782817448924
Benin,BEN,2018,175000000,322000,14262408089.9261,1151.7409703472,6.69725362180888,1.378,0.919170717886054,899,47.9952829275963,160000000,307000,12701655836.9467,9.375,4.88599348534202,543478260.8695652,7.049897837915559,1.2270017720472248
Benin,BEN,2019,240860000.610352,337000,14391686313.4641,1130.82135339795,6.86568662848335,1.214,0.732849371241066,899,48.7125500590248,175000000,322000,14262408089.9261,37.63428606305829,4.658385093167702,714718102.7013413,7.031583431289548,1.6736051312139577
Benin,BEN,2020,240860000.610352,337000,15686741883.934,1200.19426557789,3.84879240030133,1.371,3.02272119663759,899,49.4461567219896,240860000.610352,337000,14391686313.4641,0,0,714718102.7013413,7.0910715621866,1.5354367553981065
Benin,BEN,2021,240860000.610352,337000,17687623530.3355,1318.65158075198,7.1554516457574,1.528,1.73353962694036,899,50.1961807561354,240860000.610352,337000,15686741883.934,0,0,714718102.7013413,7.185123026762662,1.361743143148996
Benin,BEN,2022,240860000.610352,337000,17425405090.862,1266.42711031904,6.25294705373625,1.685,1.35077863583527,899,50.9627000010887,240860000.610352,337000,17687623530.3355,0,0,714718102.7013413,7.144744227160122,1.3822347277117857
Benin,BEN,2023,240860000.610352,337000,19673291004.1444,1394.17784721831,6.3527773854442,1.685,2.73870078406075,899,51.7457922964593,240860000.610352,337000,17425405090.862,0,0,714718102.7013413,7.240777175174812,1.2242994858339264
Bermuda,BMU,2010,500000000,580000,6634526000,104111.824244802,-2.50287828947368,6.49,NA,NA,100,NA,NA,NA,NA,NA,862068965.5172415,11.553230438608317,7.536333417036876
Bermuda,BMU,2011,500000000,652000,6312691000,99049.0169927667,-3.74274431740703,7.465,NA,NA,100,500000000,580000,6634526000,0,12.413793103448276,766871165.6441717,11.503380223684145,7.920552423681121
Bermuda,BMU,2012,448000000,610000,6378188000,100213.493385287,-5.30529910675297,8.44,NA,NA,100,500000000,652000,6312691000,-10.4,-6.441717791411043,734426229.5081967,11.515068101736627,7.02393846026489
Bermuda,BMU,2013,447000000,576000,6465756000,101704.40746217,-0.279708545423034,6.66,NA,NA,100,448000000,610000,6378188000,-0.2232142857142857,-5.573770491803279,776041666.6666667,11.529835751342608,6.91334470400677
Bermuda,BMU,2014,407000000,580000,6413988000,100961.576602811,-3.70106759364258,8.94,NA,NA,100,447000000,576000,6465756000,-8.94854586129754,0.6944444444444444,701724137.9310346,11.522505198475642,6.345506103223143
Bermuda,BMU,2015,370000000,597000,6654541000,104855.366822135,0.775529699568978,8.94,NA,NA,100,407000000,580000,6413988000,-9.090909090909092,2.9310344827586206,619765494.1373534,11.56034675763513,5.56011301155106
Bermuda,BMU,2016,440000000,642000,6899911000,108747.356144305,-0.657206304259205,8.94,NA,NA,100,370000000,597000,6654541000,18.91891891891892,7.537688442211055,685358255.4517133,11.596791832922246,6.376893846891648
Bermuda,BMU,2017,513000000,688000,7142316000,112339.425587467,3.61141983706115,8.94,NA,NA,100,440000000,642000,6899911000,16.590909090909093,7.165109034267912,745639534.883721,11.629289054466884,7.18254414954477
Bermuda,BMU,2018,583000000,766000,7225977000,113204.82210838,-0.432801300339307,8.94,NA,NA,100,513000000,688000,7142316000,13.64522417153996,11.337209302325581,761096605.7441254,11.636962875481464,8.068113142347395
Bermuda,BMU,2019,601000000,805000,7423465000,115798.040775578,0.307106461240664,8.94,NA,NA,100,583000000,766000,7225977000,3.0874785591766725,5.091383812010443,746583850.931677,11.659611560628848,8.095949802417065
Bermuda,BMU,2020,94000000,51400.0015258789,6887364000,106976.546239632,-6.82757303480177,8.94,NA,NA,100,601000000,805000,7423465000,-84.35940099833611,-93.61490664274797,1828793720.0288377,11.580374243195084,1.3648182381532326
Bermuda,BMU,2021,94000000,51400.0015258789,7290037000,112765.08167306,4.60742917109469,8.94,NA,NA,100,94000000,51400.0015258789,6887364000,0,0,1828793720.0288377,11.633070878440707,1.2894310412964982
Bermuda,BMU,2022,94000000,51400.0015258789,7874381000,121613.939983629,6.47622571186707,8.94,NA,NA,100,94000000,51400.0015258789,7290037000,0,0,1828793720.0288377,11.708615102674797,1.1937446257680446
Bermuda,BMU,2023,94000000,51400.0015258789,8579242000,132604.439086216,4.9172155726416404,8.94,NA,NA,100,94000000,51400.0015258789,7874381000,0,0,1828793720.0288377,11.795133374642397,1.095667892338274
Bhutan,BTN,2010,64000000,41000,1708880730.20989,2435.5798056672,11.9318738376229,3.32,7.03638316073019,181537.371716438,33.9051967813552,NA,NA,NA,NA,NA,1560975609.7560976,7.798350615971327,3.74514141733808
Bhutan,BTN,2011,76000000,66000,1977728658.68259,2787.97967608562,8.4892584842808,3.23,8.848985699468,226153.126621635,34.4637606688377,64000000,41000,1708880730.20989,18.75,60.97560975609756,1151515151.5151515,7.933431100431924,3.84279206686651
Bhutan,BTN,2012,93000000,105000,1973387227.96519,2751.2128864294,5.16482012683895,2.05,10.919656944683,193405,35.0188644248365,76000000,66000,1977728658.68259,22.36842105263158,59.09090909090909,885714285.7142857,7.920160553048764,4.712709126829339
Bhutan,BTN,2013,116000000,116000,1943696951.65411,2679.95217201538,1.73634039505693,2.87,8.77638345268213,207996,35.5740003158589,93000000,105000,1973387227.96519,24.731182795698924,10.476190476190476,1000000000,7.893927298470484,5.968008536581928
Bhutan,BTN,2014,99000000,133000,2089079570.58285,2849.49998647303,5.88108550658288,2.63,8.27106093949328,302160,36.1326606084122,116000000,116000,1943696951.65411,-14.655172413793101,14.655172413793101,744360902.2556391,7.955249691726164,4.738929114719127
Bhutan,BTN,2015,120000000,155000,2187815803.36833,2954.04081911097,6.66080128866197,2.45,4.54814395082205,162864,36.6983375690037,99000000,133000,2089079570.58285,21.21212121212121,16.541353383458645,774193548.3870968,7.9912677433187245,5.484922442522342
Bhutan,BTN,2016,139000000,210000,2357504760.78592,3152.30905106786,8.47594339232963,2.75,3.21988689395718,224101,37.2745234641407,120000000,155000,2187815803.36833,15.833333333333332,35.483870967741936,661904761.9047619,8.056207672841143,5.896064445429228
Bhutan,BTN,2017,153000000,255000,2591358009.20276,3435.28804735662,2.08684522733067,3.05,4.95508366985129,254643,37.8645544995016,139000000,210000,2357504760.78592,10.071942446043165,21.428571428571427,600000000,8.142147111766391,5.9042401496299215
Bhutan,BTN,2018,121000000,274000,2583335721.85904,3400.20417245342,3.50187185732737,3.35,2.72396386183713,275849,38.4661892776975,153000000,255000,2591358009.20276,-20.915032679738562,7.450980392156863,441605839.41605836,8.131884816270093,4.68386663708289
Bhutan,BTN,2019,120000000,316000,2735683570.46155,3576.87987100503,5.75514851246506,2.72,2.72643037388832,276092,39.0746823405146,121000000,274000,2583335721.85904,-0.8264462809917356,15.328467153284672,379746835.443038,8.182525689163231,4.386472225651238
Bhutan,BTN,2020,84000000,29799.9992370605,2457604333.90927,3191.66906999331,-10.2183974208569,5.03,5.62936522632508,48825,39.6888839873439,120000000,316000,2735683570.46155,-30,-90.56962049460111,2818792018.4754286,8.068612544998823,3.4179627225177707
Bhutan,BTN,2021,84000000,29799.9992370605,2768802960.11204,3570.61257980872,4.42136738945015,4.803,7.3468144053353,22380,40.3075199874379,84000000,29799.9992370605,2457604333.90927,0,0,2818792018.4754286,8.180772475814235,3.0338020151712395
Bhutan,BTN,2022,84000000,29799.9992370605,2898227743.75576,3711.32767981591,5.21386783786224,5.947,5.6391667139637,130456.715,40.9365143617581,84000000,29799.9992370605,2768802960.11204,0,0,2818792018.4754286,8.219414365822487,2.8983229555019694
Bhutan,BTN,2023,84000000,29799.9992370605,3012896789.24928,3831.32535494609,4.63215704523927,3.126,4.22934419929251,189878,41.7352457989939,84000000,29799.9992370605,2898227743.75576,0,0,2818792018.4754286,8.251227040221957,2.788014521431057
Bolivia,BOL,2010,339000000,679000,19649723722.1034,1929.78373077158,4.12672259105658,2.255,2.50327605844241,1781340,66.4075665659133,NA,NA,NA,NA,NA,499263622.9749631,7.565681277591515,1.7252150961220323
Bolivia,BOL,2011,499000000,711000,23963164696.592,2315.52121930607,5.20409244308591,2.255,9.88446419823883,2125912.52659794,66.833715633176,339000000,679000,19649723722.1034,47.1976401179941,4.712812960235641,701828410.6891702,7.74782186488644,2.082362685889176
Bolivia,BOL,2012,631000000,798000,27084497481.9103,2575.59857098084,5.12227558091767,2.066,4.51560291399376,2206069.76066974,67.2581444827699,499000000,711000,23963164696.592,26.452905811623246,12.236286919831224,790726817.0426065,7.854225424742988,2.329746012165978
Bolivia,BOL,2013,639000000,798000,30659338885.6729,2870.02377000756,6.79601142810857,2.437,5.73640023719607,2027888,67.6697055519889,631000000,798000,27084497481.9103,1.2678288431061806,0,800751879.6992481,7.9624239594346,2.084193668959393
Bolivia,BOL,2014,746000000,871000,32996188017.3661,3041.43503162408,5.46056950635116,2.021,5.76660074579144,3563043.5828127,68.037425413,639000000,798000,30659338885.6729,16.74491392801252,9.147869674185463,856486796.7853043,8.02041347101794,2.2608672238362066
Bolivia,BOL,2015,810000000,882000,33000198248.9146,2996.01289811344,4.8571871797142,3.111,4.05961041135645,4115271,68.3958051297665,746000000,871000,32996188017.3661,8.579088471849866,1.2629161882893225,918367346.9387755,8.005371370982225,2.4545307088470034
Bolivia,BOL,2016,827000000,961000,33941126193.9219,3035.87347732132,4.26392086382097,3.498,3.62321431764138,3678739,68.7446327876947,810000000,882000,33000198248.9146,2.0987654320987654,8.956916099773244,860561914.6722164,8.018583803763482,2.436572066804599
Bolivia,BOL,2017,928000000,1109000,45927439594.7902,4048.40119739839,4.19520633360403,3.655,2.8227580554717,4053427.35,69.0838016274736,827000000,961000,33941126193.9219,12.212817412333736,15.400624349635796,836789900.8115419,8.306324296675102,2.0205785652054247
Bolivia,BOL,2018,948000000,1142000,48414038842.2576,4206.8552936661,2.86808404814794,3.519,2.27205987230155,4122113,69.4133879813999,928000000,1109000,45927439594.7902,2.1551724137931036,2.9756537421100093,830122591.943958,8.344708365438917,1.9581097191431793
Bolivia,BOL,2019,977000000,1239000,49056643589.001404,4203.15492855788,1.50672102666863,3.682,1.83954504969026,4066959,69.7334986708387,948000000,1142000,48414038842.2576,3.059071729957806,8.493870402802102,788539144.4713478,8.34382858397191,1.9915753066706856
Bolivia,BOL,2020,243000000,323299.987792969,42313784081.042,3580.96761778303,-12.7194690092717,7.903,0.940742153381849,2627202.201,70.0442635528254,977000000,1239000,49056643589.001404,-75.1279426816786,-73.90637709499846,751623907.129899,8.183667542318217,0.5742809471603656
Bolivia,BOL,2021,243000000,323299.987792969,47877892402.3155,4010.76053686204,10.0290488827886,4.936,0.737383721452275,4311879.56,70.3450412826165,243000000,323299.987792969,42313784081.042,0,0,751623907.129899,8.296985460576186,0.5075411381062545
Bolivia,BOL,2022,243000000,323299.987792969,50959081953.6903,4219.46113742445,3.74741781241461,3.452,1.74632872945969,5078536,70.6352598708131,243000000,323299.987792969,47877892402.3155,0,0,751623907.129899,8.347699675331256,0.47685317451524983
Bolivia,BOL,2023,243000000,323299.987792969,52340206946.4544,4274.70820547613,2.51636590154891,2.948,2.57688800489192,5601302.305,70.9151414044538,243000000,323299.987792969,50959081953.6903,0,0,751623907.129899,8.36070502975009,0.464270231580468
Bosnia and Herzegovina,BIH,2010,662000000,365000,17176315803.7298,4506.47828548389,0.865667236280544,27.312,1.99621236745887,56485.161815801,45.7392153332604,NA,NA,NA,NA,NA,1813698630.1369863,8.413493137646876,3.8541443203800907
Bosnia and Herzegovina,BIH,2011,722000000,392000,18644233537.1093,4982.69375768263,0.959511709726897,27.582,3.67125,40182.4397667535,46.0528777644843,662000000,365000,17176315803.7298,9.06344410876133,7.397260273972603,1841836734.6938775,8.513926613491707,3.872511029015692
Bosnia and Herzegovina,BIH,2012,686000000,439000,17226735995.6905,4693.78899115381,-0.821837252962993,28.01,2.05267452001717,24874.0896320184,46.3655655972,722000000,392000,18644233537.1093,-4.986149584487535,11.989795918367346,1562642369.0205011,8.45420844732116,3.9821821160526993
Bosnia and Herzegovina,BIH,2013,752000000,529000,18179109209.3892,5034.56634817068,2.34985873172397,27.49,-0.0930456838317588,15000,46.6954224739896,686000000,439000,17226735995.6905,9.620991253644315,20.50113895216401,1421550094.5179584,8.524281281085335,4.136616328877132
Bosnia and Herzegovina,BIH,2014,755000000,536000,18558734107.1478,5206.06573475132,1.15384793371298,27.517,-0.897194054194333,36636,47.130783484831,752000000,529000,18179109209.3892,0.39893617021276595,1.3232514177693762,1408582089.5522387,8.557771777387288,4.068165402020689
Bosnia and Herzegovina,BIH,2015,794000000,678000,16404348361.0926,4662.25869219448,4.28413016137854,27.695,-1.03602303425474,7071,47.5711645087011,755000000,536000,18558734107.1478,5.1655629139072845,26.492537313432834,1171091445.4277284,8.447469772900735,4.840180070079396
Bosnia and Herzegovina,BIH,2016,875000000,778000,17116926553.8513,4928.5665903114,3.24225822231566,25.408,-1.58410000000002,6647,48.0248845752382,794000000,678000,16404348361.0926,10.201511335012595,14.749262536873156,1124678663.2390745,8.503006350456447,5.111899015557355
Bosnia and Herzegovina,BIH,2017,984000000,923000,18326373135.6099,5345.01978766473,3.24409895306594,20.527,0.810133321953039,6223,48.4918401819106,875000000,778000,17116926553.8513,12.457142857142857,18.637532133676093,1066088840.736728,8.584107598088334,5.3693111709484596
Bosnia and Herzegovina,BIH,2018,1147000000,1053000,20484058033.1144,6047.84707207392,3.82900399349064,18.4,1.41710814018034,5799,48.971927825824,984000000,923000,18326373135.6099,16.565040650406505,14.084507042253522,1089268755.9354227,8.707622966265413,5.599476422815084
Bosnia and Herzegovina,BIH,2019,1225000000,1198000,20482608984.3316,6122.37541352353,2.88585242083978,15.692,0.56278215406123,5375,49.4650440037758,1147000000,1053000,20484058033.1144,6.800348735832607,13.770180436847104,1022537562.6043406,8.719868761622543,5.980683422395445
Bosnia and Herzegovina,BIH,2020,438000000,197000,20226038369.9191,6130.31187968266,-3.01509335460439,15.868,-1.0512960076349,1593,49.9710852122997,1225000000,1198000,20482608984.3316,-64.24489795918367,-83.5559265442404,2223350253.8071065,8.7211640157696,2.165525408334088
Bosnia and Herzegovina,BIH,2021,438000000,197000,23672712121.2671,7295.34378682258,7.39164256472846,14.897,1.98163900587622,1593,50.4899479477034,438000000,197000,20226038369.9191,0,0,2223350253.8071065,8.89512865054847,1.8502315989662603
Bosnia and Herzegovina,BIH,2022,438000000,197000,24534663636.1778,7655.59421024383,4.22681333390325,12.657,14.0208440826771,1593,51.0215287060993,438000000,197000,23672712121.2671,0,0,2223350253.8071065,8.943322543789217,1.7852292841469541
Bosnia and Herzegovina,BIH,2023,438000000,197000,27592361498.4057,8663.02326458629,1.99439414850893,10.668,6.1059011284828,1593,51.5657239834305,438000000,197000,24534663636.1778,0,0,2223350253.8071065,9.066934473878778,1.5873958451338348
Brazil,BRA,2010,5522000000,5161000,2208838108484.35,11403.2840038694,7.52822581812151,7.578,5.03872690108075,74627064,84.343846036308,NA,NA,NA,NA,NA,1069947684.5572565,9.341744353604385,0.24999568681785644
Brazil,BRA,2011,6370000000,5433000,2616156606579.21,13396.6263158041,3.97442307944702,7.578,6.6364496221309,87860363,84.6225758599683,5522000000,5161000,2208838108484.35,15.356754798985875,5.270296454175547,1172464568.3784282,9.502832829636118,0.24348695272983592
Brazil,BRA,2012,6623000000,5677000,2465228293706.86,12521.7238454434,1.92117598509462,7.251,5.40349914036997,94752568,84.8973874181312,6370000000,5433000,2616156606579.21,3.9717425431711146,4.491073071967605,1166637308.437555,9.435300180531652,0.2686566601927675
Brazil,BRA,2013,6784000000,5813000,2472819362043.74,12458.8903396625,3.0048226702888,7.071,6.20431066640101,95591641,85.1676585442726,6623000000,5677000,2465228293706.86,2.430922542654386,2.3956314955081908,1167039394.4606917,9.430269991312546,0.2743427241039211
Brazil,BRA,2014,7405000000,6430000,2456043766032.38,12274.9941630213,0.503955740273241,6.755,6.32904015516139,100403628,85.4331367898168,6784000000,5813000,2472819362043.74,9.153891509433961,10.614140719077929,1151632970.451011,9.415400940260636,0.30150114189383603
Brazil,BRA,2015,6254000000,6306000,1802211999456.42,8936.1955889444,-3.54576339347278,8.538,9.02990102416136,102039359,85.6935697061881,7405000000,6430000,2456043766032.38,-15.543551654287644,-1.9284603421461897,991753885.1887091,9.09797712644396,0.347017997987269
Brazil,BRA,2016,6613000000,6547000,1795693265999.04,8836.28546025694,-3.2759169063211,11.58,8.73914352329393,94142377,85.9487048448108,6254000000,6306000,1802211999456.42,5.7403261912376085,3.8217570567713293,1010080953.1082939,9.086735033843052,0.36827002279372223
Brazil,BRA,2017,6175000000,6589000,2063514688805.78,10080.5078722821,1.32286905390815,12.792,3.44637335032669,96395709,86.1982897571091,6613000000,6547000,1795693265999.04,-6.623317707545744,0.6415151978005194,937168007.2848687,9.218458120941992,0.2992467188868747
Brazil,BRA,2018,6324000000,6621000,1916933708352.71,9300.66072904004,1.78366676137003,12.329,3.66485028376729,102109977,86.4420719945072,6175000000,6589000,2063514688805.78,2.4129554655870447,0.48565791470632874,955142727.6846397,9.137948236214143,0.32990186214808864
Brazil,BRA,2019,6127000000,6353000,1873288158838.63,9029.83304401079,1.22077782271943,11.936,3.73297621216894,102917546,86.6797991084296,6324000000,6621000,1916933708352.71,-3.1151170145477547,-4.047726929466848,964426255.3124509,9.108399895091848,0.3270719441155554
Brazil,BRA,2020,3099000000,6353000,1476107292151.95,7074.19407495707,-3.27675879612903,13.697,3.21176803803376,45405756,86.9112186503004,6127000000,6353000,1873288158838.63,-49.4205973559654,0,487801038.87926966,8.864350153224551,0.20994408851419655
Brazil,BRA,2021,3099000000,6353000,1670647464062.96,7972.53696080695,4.7626043797061,13.158,8.30165975585673,61896523,87.1360781715439,3099000000,6353000,1476107292151.95,0,0,487801038.87926966,8.9838834576331,0.18549694454767454
Brazil,BRA,2022,3099000000,6353000,1951923832083.87,9281.33282136864,3.01669435408112,9.231,9.28010608956873,84337817,87.349556243881,3099000000,6353000,1670647464062.96,0,0,487801038.87926966,9.135868175802182,0.15876644103942897
Brazil,BRA,2023,3099000000,6353000,2191131869706.02,10377.5897719195,3.24165532813583,7.947,4.59356282283204,95398485,87.6159710235763,3099000000,6353000,1951923832083.87,0,0,487801038.87926966,9.247500287366694,0.1414337513339983
Bulgaria,BGR,2010,3807000000,8374000,50689051382.4361,6853.94805511171,1.55535979911015,10.279,2.43899060504113,801840,71.5149307250977,NA,NA,NA,NA,NA,454621447.3369954,8.832726014303475,7.510497624580002
Bulgaria,BGR,2011,4297000000,8713000,57681293006.9721,7849.58061302818,2.09017507758604,11.26,4.21990346601873,932868,72.6101653885532,3807000000,8374000,50689051382.4361,12.87102705542422,4.048244566515405,493171123.6084013,8.968342771484373,7.44955561152315
Bulgaria,BGR,2012,3975000000,8867000,54297052002.2338,7431.95789508871,0.748815411928831,12.27,2.95456829831022,973062,72.7684860229492,4297000000,8713000,57681293006.9721,-7.493600186176402,1.7674738895902673,448291417.61587906,8.91367916011739,7.320839444168105
Bulgaria,BGR,2013,4410000000,9192000,55819262374.9039,7795.98092108928,-0.542751388861134,12.941,0.890093540913002,1013220,72.9632821572019,3975000000,8867000,54297052002.2338,10.943396226415095,3.6652757415134767,479765013.05483025,8.961491876351275,7.900498523933769
Bulgaria,BGR,2014,4518000000,9409000,57080897012.1077,8069.60005667684,0.949449090947894,11.424,-1.4181838026484,1060147,73.0844879150391,4410000000,9192000,55819262374.9039,2.4489795918367347,2.3607484769364664,480178552.4497821,8.99598311496522,7.915082341893936
Bulgaria,BGR,2015,3568000000,9317000,50765918159.1476,7268.65445473873,3.39755336780412,9.143,-0.104633261008385,1063498,73.1030578613281,4518000000,9409000,57080897012.1077,-21.027003098716246,-0.9777872249973429,382955887.0881185,8.89146403910068,7.028337375509628
Bulgaria,BGR,2016,4148000000,10604000,53929397039.2106,7822.49923292968,3.02662841229517,7.575,-0.79864988645371,1092333,73.1750030517578,3568000000,9317000,50765918159.1476,16.255605381165918,13.81345926800472,391173142.21048665,8.964887205695156,7.691537876798625
Bulgaria,BGR,2017,4663000000,11596000,59167647387.606,8696.68930427924,2.74592676054861,6.164,2.06159619443141,1133069,73.3904571533203,4148000000,10604000,53929397039.2106,12.415621986499518,9.354960392304791,402121421.1797171,9.070812672156206,7.880996128598432
Bulgaria,BGR,2018,5061000000,12368000,66097226262.2191,9849.38397225174,2.33015213407045,5.211,2.81454473824829,1022645,73.600212097168,4663000000,11596000,59167647387.606,8.535277718207162,6.65746809244567,409201164.2949547,9.195265715360849,7.6569022426480355
Bulgaria,BGR,2019,4832000000,12552000,68507731353.9114,10353.7204584127,3.79331765354152,4.148,3.10372944796781,832828,73.7162322998047,5061000000,12368000,66097226262.2191,-4.524797470855562,1.4877102199223804,384958572.3390695,9.24519777765773,7.053218526589146
Bulgaria,BGR,2020,1792000000,4973000,70486877546.4901,10760.211975413,-3.13323303076419,5.037,1.67244096855756,443067,73.3239898681641,4832000000,12552000,68507731353.9114,-62.913907284768214,-60.38081580624601,360345867.6855017,9.28370346449286,2.5423171835326004
Bulgaria,BGR,2021,1792000000,4973000,84374613233.36,12966.1457543396,7.82817232822165,5.166,3.29774435299515,41126,73.346765618041,1792000000,4973000,70486877546.4901,0,0,360345867.6855017,9.470174187891326,2.123861587422933
Bulgaria,BGR,2022,1792000000,4973000,90506153293.6733,13999.1949530956,4.0838640915123,4.148,15.3252589264366,643765,73.4799164005224,1792000000,4973000,84374613233.36,0,0,360345867.6855017,9.546826533721555,1.979975874331262
Bulgaria,BGR,2023,1792000000,4973000,102199231384.542,15853.208636704,1.68151074972904,4.319,9.44284140088564,723825,73.7322671584613,1792000000,4973000,90506153293.6733,0,0,360345867.6855017,9.671190273188396,1.7534378446128378
Burkina Faso,BFA,2010,105000000,274000,10109619740.6994,624.957252224766,8.44628157707625,6.481,-0.764230734676768,160000,24.115092498158,NA,NA,NA,NA,NA,383211678.8321168,6.439282081587538,1.038614732236565
Burkina Faso,BFA,2011,116000000,238000,12080295977.5632,725.024767725475,6.62256261306693,6.481,2.75976724854534,133709.779171075,24.4682976845657,105000000,274000,10109619740.6994,10.476190476190476,-13.138686131386862,487394957.9831933,6.587584129567228,0.9602413733525026
Burkina Faso,BFA,2012,128000000,237000,12561015156.5683,731.470138867833,6.45267237953146,6.481,3.8181524025238,125693.696444909,24.8001912059054,116000000,238000,12080295977.5632,10.344827586206897,-0.42016806722689076,540084388.185654,6.596422574009525,1.019025917925649
Burkina Faso,BFA,2013,200000000,218000,13444300485.8412,759.762065168498,5.79258484509867,6.481,0.533738507090536,138996,25.106116148748,128000000,237000,12561015156.5683,56.25,-8.016877637130802,917431192.6605505,6.634320648222134,1.4876192347130965
Burkina Faso,BFA,2014,183000000,191000,13943016076.7436,764.861675106225,4.32684561452976,6.481,-0.258089517535291,117420,25.3814155996643,200000000,218000,13444300485.8412,-8.5,-12.385321100917432,958115183.2460732,6.641001572632643,1.3124850390528973
Burkina Faso,BFA,2015,152000000,163000,11832159315.6298,630.124750752312,3.9212287937935,6.0344999999999995,0.724838981070517,122590,25.621432645225,183000000,191000,13943016076.7436,-16.939890710382514,-14.659685863874344,932515337.4233129,6.447503546252976,1.284634494392027
Burkina Faso,BFA,2016,172000000,152000,12833363045.3367,663.742364842886,5.95797670754024,5.588,0.441041448058809,144950,25.821510372001,152000000,163000,11832159315.6298,13.157894736842104,-6.748466257668712,1131578947.368421,6.499399544299944,1.3402566372693725
Burkina Faso,BFA,2017,172000000,143000,14106955615.3442,709.091535894695,6.20348941121868,5.141500000000001,1.48299897161326,145049,25.9769918665632,172000000,152000,12833363045.3367,0,-5.921052631578947,1202797202.7972028,6.565393885520748,1.2192566893236327
Burkina Faso,BFA,2018,179000000,144000,15890066221.2882,777.465618514048,6.60456906812341,4.695,1.95594302672532,189545.336876033,26.0832202154822,172000000,143000,14106955615.3442,4.069767441860465,0.6993006993006993,1243055555.5555556,6.657324826540357,1.1264899560971657
Burkina Faso,BFA,2019,173000000,143000,16032813503.3707,764.853077774946,5.88920497068135,1.56,-3.23338933983322,185841,26.1187254401157,179000000,144000,15890066221.2882,-3.35195530726257,-0.6944444444444444,1209790209.79021,6.640990346872411,1.0790370633552802
Burkina Faso,BFA,2020,173000000,67000,17725010532.5268,825.237038782475,2.01077262406221,1.6823333333333335,1.88470066518847,70228,26.3578373628627,173000000,143000,16032813503.3707,0,-53.14685314685315,2582089552.238806,6.716881704244037,0.9760219870252336
Burkina Faso,BFA,2021,173000000,67000,19697516284.3787,895.535288442991,6.94252492572348,1.8046666666666666,3.65326761825509,112940,26.8114307743017,173000000,67000,17725010532.5268,0,0,2582089552.238806,6.798537654727831,0.8782833201016275
Burkina Faso,BFA,2022,173000000,67000,18622421394.6133,827.330843486661,1.62673258211919,1.927,14.2902354303358,94070,27.2791369742712,173000000,67000,19697516284.3787,0,0,2582089552.238806,6.719412644006988,0.9289876774566049
Burkina Faso,BFA,2023,173000000,67000,20112614449.2039,873.482589651003,3.00027415814125,5.348,0.742910428668918,103592,27.7872478365158,173000000,67000,18622421394.6133,0,0,2582089552.238806,6.773632385342236,0.8601566963704597
Cabo Verde,CPV,2010,387000000,336000,1824751467.92957,3579.46006137809,1.83641914989978,10.67,2.07866470906424,570553,61.7974262732302,NA,NA,NA,NA,NA,1151785714.2857141,8.183246579903031,21.208367649053294
Cabo Verde,CPV,2011,438000000,428000,2046817987.20109,4002.01386888785,3.92471821338283,14.7986,4.47388342165023,620394.751123946,62.7419929036884,387000000,336000,1824751467.92957,13.178294573643413,27.380952380952383,1023364485.9813085,8.294802823610066,21.39906932315661
Cabo Verde,CPV,2012,452000000,482000,1913081210.41411,3736.81517011087,1.08364848376166,18.9272,2.54039644167109,597982.600368215,63.7260454520996,438000000,428000,2046817987.20109,3.1963470319634704,12.616822429906541,937759336.099585,8.226256540594736,23.626806720983843
Cabo Verde,CPV,2013,483000000,503000,2028910915.16446,3960.97596791345,0.632136727385131,23.055799999999998,1.50654285701407,600000,64.7486207521826,452000000,482000,1913081210.41411,6.8584070796460175,4.356846473029045,960238568.5884691,8.284498161594833,23.80587518111158
Cabo Verde,CPV,2014,453000000,494000,2041930125.42979,3985.60706548134,0.696666840118581,27.184400000000004,-0.238778144990624,590304,65.8085112712742,483000000,503000,2028910915.16446,-6.211180124223603,-1.7892644135188867,917004048.582996,8.29069578859466,22.18489234075292
Cabo Verde,CPV,2015,380000000,520000,1749857620.35329,3415.06266730931,0.936026507808833,31.313,0.131187999024545,548908,66.9045094767116,453000000,494000,2041930125.42979,-16.114790286975715,5.263157894736842,730769230.7692307,8.136243899971252,21.71605252793535
Cabo Verde,CPV,2016,397000000,598000,1849789985.99572,3608.96605234906,4.28071482662371,21.7765,-1.40781637091706,565810,68.0354078358316,380000000,520000,1749857620.35329,4.473684210526316,15,663879598.6622074,8.191453647501287,21.461895837126594
Cabo Verde,CPV,2017,451000000,668000,1996741539.95088,3893.09571382506,4.5513148102974,12.24,0.784415251101334,336718,69.1999988159713,397000000,598000,1849789985.99572,13.602015113350127,11.705685618729097,675149700.5988023,8.267216765451602,22.58679909123815
Cabo Verde,CPV,2018,520000000,710000,2205099506.99994,4294.96510035729,3.70696458310842,12.17,1.25699566690509,561944,70.3970748844677,451000000,668000,1996741539.95088,15.299334811529933,6.287425149700598,732394366.1971831,8.365431512402743,23.581702247417635
Cabo Verde,CPV,2019,567000000,758000,2252177124.32402,4380.78117331128,6.94782634051859,11.29,1.10666674296063,675482,71.6254285086577,520000000,710000,2205099506.99994,9.038461538461538,6.760563380281689,748021108.1794195,8.385210581279843,25.175639778784376
Cabo Verde,CPV,2020,169000000,180000,1821565613.68613,3539.22661248299,-20.8052758990735,11.29,0.605795808395385,226645.666,72.8838521558784,567000000,758000,2252177124.32402,-70.19400352733686,-76.2532981530343,938888888.888889,8.171946018904661,9.277733326224284
Cabo Verde,CPV,2021,169000000,180000,2051842618.70539,3971.44409203423,7.03353010694514,11.29,1.86215297494647,76354.068,74.1607930892827,169000000,180000,1821565613.68613,0,0,938888888.888889,8.287136824563373,8.236499157358889
Cabo Verde,CPV,2022,169000000,180000,2247003344.34242,4323.31362032709,15.843675684642,11.29,7.93092925430087,185363.15,75.033738060849,169000000,180000,2051842618.70539,0,0,938888888.888889,8.372008706269316,7.521128102702376
Cabo Verde,CPV,2023,169000000,180000,2504525548.71164,4794.90121917259,4.7947613911073,11.29,3.72437517668748,71784.4,75.9064245753376,169000000,180000,2247003344.34242,0,0,938888888.888889,8.475516919432497,6.747785028063929
Cambodia,KHM,2010,1671000000,2508000,13808673288.0696,952.274616324008,5.07691843229247,0.771,3.99639528107218,277725.054297226,21.1232251168762,NA,NA,NA,NA,NA,666267942.583732,6.859903021980445,12.10109012749044
Cambodia,KHM,2011,2258000000,2882000,16032622023.8265,1088.98152823081,7.28665813879552,0.577,5.4784474961745,499981.517962547,22.3824788531276,1671000000,2508000,13808673288.0696,35.128665469778575,14.912280701754385,783483691.8806384,6.993916028502356,14.083784902084806
Cambodia,KHM,2012,2663000000,3584000,17826536699.8016,1192.80263041673,7.65025657870362,1.279,2.93431609293951,508688.509386018,23.9411047582349,2258000000,2882000,16032622023.8265,17.936226749335695,24.358084663428176,743024553.5714285,7.084898979130288,14.938403599335354
Cambodia,KHM,2013,2895000000,4210000,19807135252.8649,1305.6600972686,7.8574997554252,0.438,2.94162509547349,615123.328003715,25.7644735090271,2663000000,3584000,17826536699.8016,8.711978971085243,17.466517857142858,687648456.0570071,7.175229616503199,14.615945027089507
Cambodia,KHM,2014,3220000000,4503000,22041463967.9009,1431.56396469993,8.00032074618566,0.692,3.85568861424207,1071179,27.8179557823331,2895000000,4210000,19807135252.8649,11.226252158894647,6.959619952494061,715078836.3313346,7.26722110008759,14.608829997359987
Cambodia,KHM,2015,3419000000,4775000,24174170369.0738,1547.32010444393,7.20703472529512,0.393,1.22393195511119,1103880,30.0669222549819,3220000000,4503000,22041463967.9009,6.180124223602484,6.040417499444815,716020942.4083769,7.344925818588925,14.143194772772649
Cambodia,KHM,2016,3523000000,5012000,26556545153.3573,1675.19555711109,7.90550116130704,0.716,3.01913975139128,1047394,32.4767436038024,3419000000,4775000,24174170369.0738,3.041825095057034,4.963350785340314,702913008.7789307,7.424281955089219,13.266032835429344
Cambodia,KHM,2017,4024000000,5602000,29355665909.7905,1826.35391688754,8.07503915535979,0.141,2.91263557371478,1305297,35.0127905056235,3523000000,5012000,26556545153.3573,14.220834516037467,11.771747805267358,718314887.5401642,7.510624252389229,13.70774559284633
Cambodia,KHM,2018,4832000000,6201000,33145892168.8958,2036.67377566578,8.77622376224463,0.31999999999999995,2.45908515380146,1411059,37.6404336372742,4024000000,5602000,29355665909.7905,20.07952286282306,10.692609782220636,779229156.5876472,7.619564130148468,14.577975380413392
Cambodia,KHM,2019,5312000000,6611000,36685356407.7206,2225.87705485686,7.93695013588524,0.499,1.94257500833107,1429503.73046387,39.5830241256026,4832000000,6201000,33145892168.8958,9.933774834437086,6.611836800516045,803509302.677356,7.708355459113246,14.479892033656421
Cambodia,KHM,2020,1119000000,1306000,34818073901.4851,2081.73914242939,-3.55572193406549,0.172,2.9402951426397,609564.382,39.832658030922,5312000000,6611000,36685356407.7206,-78.93448795180723,-80.24504613522916,856814701.3782542,7.641439201747872,3.2138480812181602
Cambodia,KHM,2021,1119000000,1306000,36790163687.4421,2167.40324198499,3.08984284148661,0.396,2.92073477592949,50217.459,40.1091858128847,1119000000,1306000,34818073901.4851,0,0,856814701.3782542,7.681746342489746,3.0415738551931417
Cambodia,KHM,2022,1119000000,1306000,39994532959.6074,2325.03050040841,5.12990110773977,0.326,5.34370264895437,388564.002,40.374616187368,1119000000,1306000,36790163687.4421,0,0,856814701.3782542,7.751918445807947,2.7978824034028285
Cambodia,KHM,2023,1119000000,1306000,42335646895.7984,2429.74853452838,5.00733043811898,0.256,2.12746796594194,675283,40.6290788072508,1119000000,1306000,39994532959.6074,0,0,856814701.3782542,7.79595452780092,2.6431626349166644
Cameroon,CMR,2010,171000000,573000,27507501821.0296,1398.58702025047,2.89902472122014,4.11,1.27538046242338,0,50.8505075371362,NA,NA,NA,NA,NA,298429319.37172776,7.243932486551181,0.6216486001257656
Cameroon,CMR,2011,423000000,604000,30630910495.217,1513.96056994878,3.37921128506045,3.966,2.93969946305091,171007.2,51.2229843034125,171000000,573000,27507501821.0296,147.36842105263156,5.4101221640488655,700331125.8278146,7.323144691168327,1.3809579707598023
Cameroon,CMR,2012,377000000,817000,30155062329.2821,1449.09874362279,4.62597872209571,3.822,2.73529677529539,248027.2,51.5887119982861,423000000,604000,30630910495.217,-10.874704491725769,35.264900662251655,461444308.44553244,7.279386932146185,1.2502046783498564
Cameroon,CMR,2013,607000000,783000,33728621180.3231,1575.92882118897,4.99552916130783,3.678,2.05034718001741,287208,51.9475591877024,377000000,817000,30155062329.2821,61.0079575596817,-4.16156670746634,775223499.3614304,7.363234450363529,1.7996585059163845
Cameroon,CMR,2014,629000000,822000,36386544706.0806,1649.4433905949,5.71981814509198,3.534,1.85489850366777,275760,52.2993944376709,607000000,783000,33728621180.3231,3.6243822075782535,4.980842911877394,765206812.6520681,7.408799252368118,1.7286609791637815
Cameroon,CMR,2015,476000000,897000,32210233020.4569,1415.00009710569,5.66695298703932,3.497,2.676235314199,267208,52.6440863142742,629000000,822000,36386544706.0806,-24.324324324324326,9.124087591240876,530657748.04905236,7.255591342831128,1.4777912339152892
Cameroon,CMR,2016,508000000,994000,33814337044.3765,1441.7201725688,4.53579423678801,3.46,0.874190383288856,343592,52.9815033836792,476000000,897000,32210233020.4569,6.722689075630252,10.813823857302118,511066398.39034206,7.274285619365097,1.5023213358680443
Cameroon,CMR,2017,544000000,1081000,36098547033.1655,1496.08951771242,3.54117654926007,3.423,0.64040914988195,236000,53.3115142121504,508000000,994000,33814337044.3765,7.086614173228346,8.75251509054326,503237742.8307123,7.3112781807028835,1.5069858615090537
Cameroon,CMR,2018,633000000,997000,39955552189.795,1610.69641591017,3.95551423892049,3.3859999999999997,1.0688581131292,265136,53.6339873660653,544000000,1081000,36098547033.1655,16.360294117647058,-7.770582793709528,634904714.1424273,7.3850425777315545,1.5842604226645474
Cameroon,CMR,2019,681000000,1021000,39667757527.6578,1555.22660476477,3.47505998194981,3.3489999999999998,2.45280214062732,83882,53.9487914119331,633000000,997000,39955552189.795,7.5829383886255926,2.4072216649949847,666993143.9764937,7.350019327017141,1.716759510605514
Cameroon,CMR,2020,437000000,1021000,40773241177.0505,1555.60370660749,0.259932915907115,3.312,2.43760882182236,40884,54.2557949164174,681000000,1021000,39667757527.6578,-35.82966226138032,0,428011753.1831538,7.350261615742734,1.0717813629345918
Cameroon,CMR,2021,437000000,1021000,45011937346.8384,1672.32657340872,3.33885747179505,3.275,2.27185762503637,177992,54.5548664463635,437000000,1021000,40773241177.0505,0,0,428011753.1831538,7.42256888421392,0.9708535685382902
Cameroon,CMR,2022,437000000,1021000,44347206072.5513,1604.87726954895,3.7367840056412,3.275,6.24767713343861,252403,54.8458745688318,437000000,1021000,45011937346.8384,0,0,428011753.1831538,7.381425471629486,0.9854059335442129
Cameroon,CMR,2023,437000000,1021000,48814501547.4313,1720.47510154506,3.34756290750219,3.275,7.38281384280984,331025,55.1286878511388,437000000,1021000,44347206072.5513,0,0,428011753.1831538,7.450936819441374,0.8952257754294239
Cayman Islands,CYM,2010,465000000,1886000,4156841163.77763,76837.6710064442,-2.71563682344265,6.68,0.276140861750108,NA,100,NA,NA,NA,NA,NA,246553552.49204668,11.249463321137453,11.186378831406202
Cayman Islands,CYM,2011,472000000,1710000,4186073160.18254,75280.9617699986,1.16906269526342,6.78,1.32543575779664,NA,100,465000000,1886000,4156841163.77763,1.5053763440860215,-9.331919406150584,276023391.8128655,11.228995833563692,11.275483775334154
Cayman Islands,CYM,2012,489000000,1829000,4291004485.56803,75101.5906883232,1.22975368307725,6.21,1.18894845245608,NA,100,472000000,1710000,4186073160.18254,3.6016949152542375,6.95906432748538,267359212.68452707,11.226610333672857,11.395933088503115
Cayman Islands,CYM,2013,500000000,1721000,4405796081.15984,75113.7342282813,1.2793305928175,6.27,2.16061146813391,NA,100,489000000,1829000,4291004485.56803,2.2494887525562373,-5.90486604702023,290528762.34747237,11.226772013292585,11.348686838642188
Cayman Islands,CYM,2014,565000000,1993000,4562853582.32463,75845.3055572577,2.65452932151371,4.7,1.27397911533388,NA,100,500000000,1721000,4405796081.15984,13,15.804764671702499,283492222.779729,11.236464276369055,12.382602023187218
Cayman Islands,CYM,2015,680000000,2102000,4708167255.28727,76379.2098777987,2.83312242670048,4.24,-2.34752770165615,NA,100,565000000,1993000,4562853582.32463,20.353982300884958,5.469141996989463,323501427.2121789,11.24347890858666,14.442987326679194
Cayman Islands,CYM,2016,708000000,2097000,4909322200.00212,77802.2535658023,3.23997361448569,4.24,-0.62525835861814,NA,100,680000000,2102000,4708167255.28727,4.117647058823529,-0.23786869647954328,337625178.8268956,11.261938528903922,14.4215427538998
Cayman Islands,CYM,2017,832000000,2147000,5166281293.18715,80053.9442657031,3.18404730726789,4.24,-0.62525835861814,NA,100,708000000,2097000,4909322200.00212,17.51412429378531,2.3843586075345735,387517466.2319516,11.29046848123584,16.10442701014307
Cayman Islands,CYM,2018,911000000,2384000,5530178498.90783,83865.5540393356,4.26726567162505,4.24,-0.62525835861814,NA,100,832000000,2147000,5166281293.18715,9.495192307692307,11.03865859338612,382130872.4832215,11.336982172206211,16.473247657013527
Cayman Islands,CYM,2019,964000000,2334000,5941896599.57333,88254.2902486867,3.91563637725301,4.24,-0.62525835861814,NA,100,911000000,2384000,5530178498.90783,5.817782656421515,-2.097315436241611,413024850.0428449,11.3879889191596,16.223776093128613
Cayman Islands,CYM,2020,964000000,660000,5655357984.24218,82338.7977439023,-4.95480732200573,4.24,-0.62525835861814,NA,100,964000000,2334000,5941896599.57333,0,-71.72236503856041,1460606060.6060605,11.31860983896798,17.045782118232722
Cayman Islands,CYM,2021,964000000,660000,6060813808.15072,86449.6749037302,4.86941655353661,4.24,-0.62525835861814,NA,100,964000000,660000,5655357984.24218,0,0,1460606060.6060605,11.367329297948865,15.905454787335504
Cayman Islands,CYM,2022,964000000,660000,6660161212.01997,93030.7051447803,5.77566708028824,4.24,-0.62525835861814,NA,100,964000000,660000,6060813808.15072,0,0,1460606060.6060605,11.440695629572168,14.474124113695847
Cayman Islands,CYM,2023,964000000,660000,7241244269.45972,99143.5180243123,5.8155918263088,4.24,-0.62525835861814,NA,100,964000000,660000,6660161212.01997,0,0,1460606060.6060605,11.504333842699916,13.312629212989185
Central Europe and the Baltics,CEB,2010,46639890593.24,211503443.345688,1319443729249.66,12635.7541209869,1.5384784947519,9.92718738959061,1.80117022137134,32710131.3790042,61.9831332825539,NA,NA,NA,NA,NA,220515987.14168575,9.444364840497846,3.534814676770121
Central Europe and the Baltics,CEB,2011,52759785028.8225,219665361.603973,1458155270134.3,13997.3000771488,3.60060363619606,9.80960842319458,4.13027562645085,34477031.5945141,62.0062995511589,46639890593.24,211503443.345688,1319443729249.66,13.121588317939844,3.859000179465124,240182542.40712413,9.546691178164219,3.6182556212935526
Central Europe and the Baltics,CEB,2012,49388847914.7523,230513827.817575,1361899009858.4,13104.066588243,0.837956413944042,10.014837051229,3.33492267693442,32490649.4684975,61.9739324654094,52759785028.8225,219665361.603973,1458155270134.3,-6.389216923891319,4.938633080057623,214255467.37195238,9.48075419687722,3.6264691843698
Central Europe and the Baltics,CEB,2013,52427847626.5766,239484451.83792,1420222538112.93,13712.6744030811,0.667866777557364,10.076189699493,1.4382978723404,35246300.7486676,61.9617031095155,49388847914.7523,230513827.817575,1361899009858.4,6.153210370628149,3.891577397015945,218919630.16479704,9.52614874562584,3.6915234211279477
Central Europe and the Baltics,CEB,2014,54406256970.9757,247176982.109666,1467451281263.28,14208.4090786575,3.26201255415126,8.87370489824698,0.0538213132399802,37875158.1831821,61.9632949711014,52427847626.5766,239484451.83792,1420222538112.93,3.773584905660347,3.212120959298095,220110531.75993976,9.561659635332559,3.7075341216192994
Central Europe and the Baltics,CEB,2015,47288934511.98,265484205.126514,1297141271990.05,12596.8862547468,4.00166179134685,7.81260796234007,-0.464499004644911,39811670,61.9708877552037,54406256970.9757,247176982.109666,1467451281263.28,-13.081808702246509,7.406524208118036,178123344.43566957,9.441284321306918,3.6456271597487757
Central Europe and the Baltics,CEB,2016,51301453985.2399,282858334.211699,1321561415743.83,12874.699956166,2.80726176295552,6.47626986745334,-0.054999541670474,42884394,61.902526100399,47288934511.98,265484205.126514,1297141271990.05,8.48511288035762,6.544317420656172,181368012.8188992,9.463097089581641,3.881881944651456
Central Europe and the Baltics,CEB,2017,58829311855.6386,293799709.735875,1467501784248.85,14339.8243059389,5.1071317914476,5.27719000843769,2.0759355367385,52125994,61.871575661727,51301453985.2399,282858334.211699,1321561415743.83,14.673770986226955,3.8681467720117353,200236112.92375326,9.570865595481926,4.00880683669838
Central Europe and the Baltics,CEB,2018,64718122568.4512,301502122.473578,1656383422202.66,16227.2484719489,4.95337799401428,4.29483445753775,2.53445424186598,62622491,61.8111043373164,58829311855.6386,293799709.735875,1467501784248.85,10.009994213876181,2.6216543047736196,214652295.1065552,9.69450873551975,3.9071945360566933
Central Europe and the Baltics,CEB,2019,65843484713.7794,314638365.070248,1684318282245.77,16534.9264870407,4.03229063844108,3.76072643211224,2.66456133425431,69934611.3,61.7449526458334,64718122568.4512,301502122.473578,1656383422202.66,1.7388671065634294,4.3569320470774535,209267184.24524865,9.7132906557204155,3.9092067935038743
Central Europe and the Baltics,CEB,2020,65843484713.7794,314638365.070248,1678294256145.3,16581.3526115028,-3.30111999071748,4.3496421220328,1.67244096855756,22490703.181,61.6318247679717,65843484713.7794,314638365.070248,1684318282245.77,0,0,209267184.24524865,9.716094313164993,3.9232383995050113
Central Europe and the Baltics,CEB,2021,65843484713.7794,314638365.070248,1926347717339,19223.9274030651,6.57225386036488,4.44508031221282,3.83984491500146,30389422,61.5491099540844,65843484713.7794,314638365.070248,1678294256145.3,0,0,209267184.24524865,9.863963018193248,3.4180477450215294
Central Europe and the Baltics,CEB,2022,65843484713.7794,314638365.070248,1954419184114.96,19530.1553232172,4.04227221314891,3.96540582731722,14.6081439492433,58561897.218,61.5935240282645,65843484713.7794,314638365.070248,1926347717339,0,0,209267184.24524865,9.879766178455784,3.3689540733604693
Central Europe and the Baltics,CEB,2023,65843484713.7794,314638365.070248,2273205742208.3,22690.3736174216,0.70736329484285,4.01230416616797,9.44284140088564,76248099.787,61.69707902806,65843484713.7794,314638365.070248,1954419184114.96,0,0,209267184.24524865,10.029740114391117,2.8965035364469878
Chile,CHL,2010,2362000000,3584000,217051209238.534,12632.8704724192,5.85165102224047,8.547,1.41071107954321,9269026,86.9560135592209,NA,NA,NA,NA,NA,659040178.5714285,9.444136619104302,1.088222456021528
Chile,CHL,2011,2723000000,3963000,251382573893.87,14487.3927832032,6.22389678509138,7.492,3.34121694259302,10949863,87.0109164653326,2362000000,3584000,217051209238.534,15.283657917019475,10.574776785714286,687105727.9838506,9.581103110129161,1.0832095311227143
Chile,CHL,2012,3158000000,4397000,267024782486.855,15241.9069981119,6.15534001855494,6.79,3.00744840213047,12892856,87.0824943735696,2723000000,3963000,251382573893.87,15.975027543150935,10.951299520565229,718216966.113259,9.631869558958174,1.1826617629228704
Chile,CHL,2013,3171000000,4457000,277395018842.417,15683.5486369155,3.30850824710085,6.361,1.7895555398459,13806283,87.1827777654221,3158000000,4397000,267024782486.855,0.41165294490183657,1.364566750056857,711465111.061252,9.660431343475974,1.1431351627122717
Chile,CHL,2014,3202000000,4601000,259560978224.359,14529.6767206336,1.79264947139259,6.761,4.71867527854672,14347893,87.3133701497978,3171000000,4457000,277395018842.417,0.9776095868811101,3.230872784384115,695935666.1595305,9.584017329508258,1.233621487291614
Chile,CHL,2015,3412000000,5487000,242450355830.884,13433.9202987032,2.15194249981184,6.605,4.34877353217044,15006762,87.4653320342387,3202000000,4601000,259560978224.359,6.558400999375389,19.25668332971093,621833424.4578093,9.505612588669003,1.4072984089080764
Chile,CHL,2016,3744000000,6712000,249344863928.438,13649.8520452803,1.753038749071,6.926,3.78619355893118,16362437,87.6306290578181,3412000000,5487000,242450355830.884,9.730363423212191,22.325496628394387,557806912.9916568,9.521557219564658,1.501534838541743
Chile,CHL,2017,4115000000,7621000,276154259981.097,14879.9086227187,1.35769537343957,7.3,2.18271846868519,17664974,87.8000295757281,3744000000,6712000,249344863928.438,9.909188034188034,13.54290822407628,539955386.4322267,9.607834369877544,1.4901091876263923
Chile,CHL,2018,3911000000,6603000,295857562991.709,15659.4808675628,3.99002947789977,7.673,2.43488981353057,19517185,87.9620493753008,4115000000,7621000,276154259981.097,-4.9574726609963555,-13.35782705681669,592306527.3360593,9.658895675814271,1.3219198997152561
Chile,CHL,2019,3279000000,5431000,278285058719.466,14495.716721687,0.634367533828438,7.559,2.55754475703327,21197759,88.1273685623538,3911000000,6603000,295857562991.709,-16.159549987215545,-17.74950779948508,603756214.3251703,9.581677469781743,1.1782881966744392
Chile,CHL,2020,1034000000,5431000,254042159309.311,13114.815470545,-6.14347479224092,11.18,3.04549084804326,8019753,88.2953490438375,3279000000,5431000,278285058719.466,-68.46599573040561,0,190388510.40324065,9.481574068831183,0.40701905652637965
Chile,CHL,2021,1034000000,5431000,315325547162.072,16206.8325493421,11.3149204879049,9.417,4.52456838259144,10302876,88.4660511664452,1034000000,5431000,254042159309.311,0,0,190388510.40324065,9.693249895076637,0.32791507358220534
Chile,CHL,2022,1034000000,5431000,301226575540.242,15405.6165774073,2.15399356192458,8.331,11.643866711056,23742201,88.6395352768685,1034000000,5431000,315325547162.072,0,0,190388510.40324065,9.642552344013088,0.3432632058262283
Chile,CHL,2023,1034000000,5431000,335518054097.637,17067.0364799154,0.521367977246825,9.091,7.58168251407962,21323388,88.8158617217972,1034000000,5431000,301226575540.242,0,0,190388510.40324065,9.74496278163367,0.308180137364263
Colombia,COL,2010,3473000000,1701000,286498534094.963,6398.2958447102,4.49465897070922,11.153,2.27200227892008,16932435,76.7232975672119,NA,NA,NA,NA,NA,2041740152.851264,8.763943239030619,1.2122226073411033
Colombia,COL,2011,3841000000,2356000,334966134804.887,7400.9940695669,6.94789198173555,10.288,3.4150334477625,18768534.7701547,76.839003613206,3473000000,1701000,286498534094.963,10.596026490066226,38.506760728982954,1630305602.7164686,8.90950471175244,1.1466830825263359
Colombia,COL,2012,4409000000,2434000,370691143018.039,8108.59838244229,3.91263576716115,9.959,3.16930188840055,22012458.8443775,76.942211203265,3841000000,2356000,334966134804.887,14.787815673001822,3.3106960950764006,1811421528.3483975,9.000803624606087,1.1893998772410497
Colombia,COL,2013,4819000000,2595000,382093697077.685,8279.10255642981,5.13399351995672,9.246,2.01699224310383,26929238,77.0315988189922,4409000000,2434000,370691143018.039,9.299160807439328,6.614626129827444,1857032755.2986512,9.021610633344846,1.2612089748814228
Colombia,COL,2014,4941000000,2866000,381240864422.407,8187.20824890084,4.49903000110972,8.799,2.89883787761738,28675159,77.1058449419909,4819000000,2595000,382093697077.685,2.5316455696202533,10.443159922928709,1724005582.6936495,9.010450379884825,1.296031055717436
Colombia,COL,2015,5281000000,3371000,293492370193.166,6248.51490534512,2.95590137527523,8.572,4.9898311584953,30909723,77.1636280538646,4941000000,2866000,381240864422.407,6.881198138028739,17.620376831821353,1566597448.8282409,8.740259124573456,1.7993653451789011
Colombia,COL,2016,5631000000,3675000,282720100286.228,5959.84250367574,2.08738250162794,8.922,7.51346024627675,32262658,77.2036266362166,5281000000,3371000,293492370193.166,6.627532664268131,9.018095520617027,1532244897.9591837,8.692967109746196,1.991722553259967
Colombia,COL,2017,5899000000,4056000,311866875156.879,6479.53231292429,1.35936086788746,9.086,4.31431325695011,32504898,77.2245191706503,5631000000,3675000,282720100286.228,4.759367785473273,10.36734693877551,1454388560.157791,8.776557933028654,1.8915122027732552
Colombia,COL,2018,6655000000,4397000,334198218098.276,6816.96818309544,2.56432428277704,9.36,3.24056932930569,33704037,77.2804816598084,5899000000,4056000,311866875156.879,12.815731479911848,8.407297830374754,1513531953.6047304,8.827316786083182,1.9913331788151536
Colombia,COL,2019,6784000000,4531000,323031701192.84,6472.54544924705,3.18685539245533,10.28,3.52301932741447,37031843,77.4595528518377,6655000000,4397000,334198218098.276,1.9383921863260707,3.047532408460314,1497241227.102185,8.775479220289233,2.1001034805404935
Colombia,COL,2020,1959000000,1396000,270348342541.465,5339.68711357943,-7.18591413760859,15.722,2.52663500084706,12273939.724,77.6382533537045,6784000000,4531000,323031701192.84,-71.12323113207547,-69.1900242772015,1403295128.9398282,8.583109596631536,0.7246206807054998
Colombia,COL,2021,1959000000,1396000,318524633225.395,6222.62164397614,10.8011981904878,13.898,3.49505757399448,26167360,77.8339570326128,1959000000,1396000,270348342541.465,0,0,1403295128.9398282,8.736107274160858,0.6150230769165562
Colombia,COL,2022,1959000000,1396000,345632492851.448,6680.44506854481,7.32827729427979,10.541,10.1772313546166,39535306,78.0464633137335,1959000000,1396000,318524633225.395,0,0,1403295128.9398282,8.807089570761713,0.5667869892203605
Colombia,COL,2023,1959000000,1396000,366291836137.916,7000.83660501046,0.712380031974334,9.591,11.7359044948689,42399044,78.275571579544,1959000000,1396000,345632492851.448,0,0,1403295128.9398282,8.85392776576825,0.5348194545243422
Comoros,COM,2010,35200000.7629395,15300.0001907349,907978730.887844,1386.5742428453,3.77788070743117,8.142,3.35475770328919,NA,28.8540982913801,NA,NA,NA,NA,NA,2300653615.955854,7.235312352546042,3.8767428757411606
Comoros,COM,2011,42200000.7629395,18799.9992370605,1023086273.53336,1531.43789372951,4.14356479211455,8.142,1.8426630075619,NA,29.1136750253686,35200000.7629395,15300.0001907349,907978730.887844,19.8863632053383,22.875810475120563,2244680982.739111,7.334615140874649,4.124774406091518
Comoros,COM,2012,39299999.2370605,22799.9992370605,1015843490.82374,1490.31511351281,3.16835627559691,8.142,6.31474450315177,NA,29.397950693899,42200000.7629395,18799.9992370605,1023086273.53336,-6.872041406278383,21.276596608125317,1723684234.742425,7.30741363617243,3.868706113890873
Comoros,COM,2013,51049999.2370605,21899.9996185303,1116224106.83728,1603.32797107303,4.4661636979028,8.142,-4.29487331536756,NA,29.7043482521482,39299999.2370605,22799.9992370605,1015843490.82374,29.898219409937216,-3.9473668800272885,2331050234.0769653,7.380460238268951,4.573454284346721
Comoros,COM,2014,62799999.2370605,22799.9992370605,1149587661.00693,1615.71723662012,2.10666920560958,8.142,7.54755379096711,NA,30.0302906552932,51049999.2370605,21899.9996185303,1116224106.83728,23.01665068678378,4.109587370808362,2754386023.6179996,7.3881529751577775,5.462828226779473
Comoros,COM,2015,51599998.4741211,23600.0003814697,966029600.862227,1329.37048235986,1.14747399397193,7.606571428571428,-0.11717388419007,NA,30.3732008585112,62799999.2370605,22799.9992370605,1149587661.00693,-17.834396335995308,3.5087770665747713,2186440577.968655,7.193212740590986,5.341451072313485
Comoros,COM,2016,50500000,26799.9992370605,1012835493.19325,1365.48403444497,3.32039987961315,7.071142857142857,0.797517430888487,NA,30.7305018169792,51599998.4741211,23600.0003814697,966029600.862227,-2.1317800516462855,13.559316965534377,1884328411.8518124,7.219996321761611,4.98600220266615
Comoros,COM,2017,60599998.4741211,28000,1077439756.59451,1423.9248027797,3.81570211280726,6.535714285714286,-0.237362224154613,NA,31.0996559689293,50500000,26799.9992370605,1012835493.19325,19.999996978457627,4.477614914555945,2164285659.790039,7.2618743213312085,5.624444253445871
Comoros,COM,2018,73699996.9482422,35900.0015258789,1178530633.24599,1527.40527125285,3.64259587408398,6.000285714285715,2.15155084413033,NA,31.4073645195839,60599998.4741211,28000,1077439756.59451,21.617159742529342,28.21429116385321,2052924618.8225029,7.33198016443676,6.253549536107739
Comoros,COM,2019,72699996.9482422,45099.9984741211,1187915408.87243,1510.23218151592,1.76070164655727,5.464857142857143,3.58213544469211,NA,31.7287584068243,73699996.9482422,35900.0015258789,1178530633.24599,-1.3568521593050769,25.626731357129014,1611973379.3330016,7.320680611299308,6.119964132568082
Comoros,COM,2020,18500000,7000,1218763671.26563,1519.34665556206,-0.195577456821965,4.929428571428572,0.786641929499151,NA,32.0638072194881,72699996.9482422,45099.9984741211,1187915408.87243,-74.55295629080861,-84.47893517332005,2642857142.857143,7.326693650707716,1.5179316906278149
Comoros,COM,2021,18500000,7000,1272238390.85864,1554.97289190153,2.0001921183449,4.394,-0.00441793682346988,NA,32.4124444313246,18500000,7000,1218763671.26563,0,0,2642857142.857143,7.349856282929464,1.4541299911185874
Comoros,COM,2022,18500000,7000,1222485532.31976,1465.479642862,2.60301031927843,4.394,12.5320314570999,NA,32.7746035528748,18500000,7000,1272238390.85864,0,0,2642857142.857143,7.290620006876902,1.5133103428140233
Comoros,COM,2023,18500000,7000,1326836543.00797,1560.27378476855,2.99521564038136,4.394,8.37373955490996,NA,33.1502180946901,18500000,7000,1222485532.31976,0,0,2642857142.857143,7.353257295763168,1.394293825979503
Costa Rica,CRI,2010,2426000000,2495000,37658616951.8038,8265.78820275582,5.36034352634111,7.171,5.66275708420021,1697893.8890269,71.5081448974915,NA,NA,NA,NA,NA,972344689.3787575,9.02000134532316,6.442084697653236
Costa Rica,CRI,2011,2646000000,2526000,42762613698.9636,9276.39107511347,4.40315923970431,9.518,4.87799830970702,1829514.94708223,72.8426586679914,2426000000,2495000,37658616951.8038,9.068425391591097,1.2424849699398797,1047505938.2422804,9.13533565210738,6.187647973594581
Costa Rica,CRI,2012,2773000000,2542000,47231655431.7355,10126.9991024177,4.88259241025739,9.11,4.49545314354605,1770111.37834698,73.3895020668217,2646000000,2526000,42762613698.9636,4.799697656840514,0.6334125098970704,1090873328.0881197,9.223059055760109,5.871062478442771
Costa Rica,CRI,2013,3171000000,2641000,50949668841.6696,10803.2401962173,2.49476611209954,8.218,5.23133614174428,1498996,73.9431776192863,2773000000,2542000,47231655431.7355,14.3526866209881,3.8945712037765543,1200681560.0151458,9.287693946821735,6.22378922590086
Costa Rica,CRI,2014,3137000000,2760000,52016408854.2658,10911.497878334,3.54210987765977,8.499,4.51920098516954,1427414,74.4866963181212,3171000000,2641000,50949668841.6696,-1.0722169662567014,4.50586898901931,1136594202.8985507,9.297664005722547,6.030789262651566
Costa Rica,CRI,2015,3408000000,2899000,56441920820.5194,11714.7105980732,3.65208096802883,8.415,0.801982005099623,1525922,75.0198195767549,3137000000,2760000,52016408854.2658,8.638826904686006,5.036231884057972,1175577785.4432564,9.36868600621485,6.038065236718565
Costa Rica,CRI,2016,3776000000,3204000,58847019609.6549,12091.0301606154,4.20432325175899,8.085,-0.0174788505908217,1572605,75.5423088085047,3408000000,2899000,56441920820.5194,10.7981220657277,10.520869265263883,1178526841.4481897,9.40030185015818,6.416637622511779
Costa Rica,CRI,2017,3758000000,3231000,60516044656.5206,12317.0902771304,4.1576989627609,7.729,1.62590692991732,1822880,76.0539254265608,3776000000,3204000,58847019609.6549,-0.4766949152542373,0.8426966292134831,1163107397.090684,9.418824215099042,6.209923370454575
Costa Rica,CRI,2018,4073000000,3313000,62420164991.5374,12590.2493781614,2.6159044043379,9.01,2.22111461526581,1950049,76.5544308439668,3758000000,3231000,60516044656.5206,8.382118147951038,2.537913958526772,1229399335.9492905,9.440757357870323,6.525134947259746
Costa Rica,CRI,2019,4282000000,3366000,64417670521.3545,12884.6859951989,2.41751181762513,10.807,2.09604635327807,2033146,77.0435864735963,4073000000,3313000,62420164991.5374,5.131352811195679,1.5997585270147903,1272133095.6625073,9.46387236149845,6.647244405679826
Costa Rica,CRI,2020,1479000000,1146500,62395610760.0492,12394.0493969492,-4.27335432161462,16.432,0.724911478131376,455830.6,77.5211537281257,4282000000,3366000,64417670521.3545,-65.46006539000467,-65.93879976232917,1290013083.2969909,9.425052429693233,2.370359039656965
Costa Rica,CRI,2021,1479000000,1146500,64960725734.1965,12838.1185358931,7.93576224743147,15.139,1.72647755109241,669298,77.9868940200009,1479000000,1146500,62395610760.0492,0,0,1290013083.2969909,9.46025192503488,2.276760278282155
Costa Rica,CRI,2022,1479000000,1146500,69243626028.5936,13625.9008491328,4.55149177958398,11.325,8.27477490232654,1551970.4,78.4405687613972,1479000000,1146500,64960725734.1965,0,0,1290013083.2969909,9.519801121663528,2.135936670025424
Costa Rica,CRI,2023,1479000000,1146500,86497941439.0174,16942.0268119375,5.11192183224598,8.325,0.525193508693455,1971057,78.8819393641702,1479000000,1146500,69243626028.5936,0,0,1290013083.2969909,9.737611630635607,1.709867281688688
Cote d'Ivoire,CIV,2010,213000000,252000,34936307980.063,1553.54887048143,6.84804939907013,7.223,1.2264561213548,516085,47.2374301523201,NA,NA,NA,NA,NA,845238095.2380953,7.348940667075682,0.609680908817131
Cote d'Ivoire,CIV,2011,186000000,270000,36693710801.3976,1596.62826565998,-5.37044724000579,7.223,4.9124339505245,89791.8677663574,47.6797551269623,213000000,252000,34936307980.063,-12.676056338028168,7.142857142857142,688888888.8888888,7.376275474521446,0.5068988552471929
Cote d'Ivoire,CIV,2012,172500000,289000,36302302877.2977,1546.9460184731,7.62041176451649,7.223,1.30451119915606,39485.4722019258,48.1242507553354,186000000,270000,36693710801.3976,-7.258064516129033,7.037037037037037,596885813.1487889,7.344684181754235,0.47517646630587723
Cote d'Ivoire,CIV,2013,191000000,380000,42760235484.6093,1786.15862031324,10.7602131311256,4.255,2.58117037252936,234996,48.5702332186208,172500000,289000,36302302877.2977,10.72463768115942,31.4878892733564,502631578.94736844,7.488382274685904,0.44667667947887396
Cote d'Ivoire,CIV,2014,195000000,471000,48843005613.7091,1991.36539423404,9.37199994240375,3.4686666666666666,0.448682076766141,237120,49.0173144557368,191000000,380000,42760235484.6093,2.094240837696335,23.94736842105263,414012738.8535032,7.597077852163546,0.39923833013517096
Cote d'Ivoire,CIV,2015,214000000,1441000,45815005169.2651,1814.71855088017,7.19494942728191,2.6823333333333332,1.25149954781468,642893,49.4694894689553,195000000,471000,48843005613.7091,9.7435897435897445,205.9447983014862,148507980.56904927,7.504236564154632,0.46709587657879703
Cote d'Ivoire,CIV,2016,477000000,1583000,48407761036.8238,1862.59597081287,7.17275963956332,1.896,0.723178457513308,667062,49.929991034032,214000000,1441000,45815005169.2651,122.89719626168225,9.854267869535045,301326595.07264686,7.530263217895268,0.9853791825594782
Cote d'Ivoire,CIV,2017,509000000,1800000,52512343996.69,1964.29930338343,7.41076242592504,3.272,0.685881065304603,808471,50.3977309654344,477000000,1583000,48407761036.8238,6.7085953878406714,13.708149084017688,282777777.7777778,7.583399829947744,0.9692959050391726
Cote d'Ivoire,CIV,2018,551000000,1965000,58522477786.688904,2130.86619381144,4.84314605889178,2.8365,0.401297817263547,825257,50.8718477756395,509000000,1800000,52512343996.69,8.25147347740668,9.166666666666666,280407124.6819338,7.664753022439753,0.941518576859243
Cote d'Ivoire,CIV,2019,550500000,2070000,60382894697.3557,2141.76836170115,6.72137167584978,2.401,0.790855512053661,748540,51.3514799771241,551000000,1965000,58522477786.688904,-0.09074410163339383,5.343511450381679,265942028.98550728,7.6698538989646075,0.9116820297522232
Cote d'Ivoire,CIV,2020,199300003.051758,668000,63027852805.4204,2179.72934832935,0.699728593494228,2.3706666666666667,2.41252617189053,322841,51.8357660823651,550500000,2070000,60382894697.3557,-63.79654803782779,-67.72946859903382,298353297.9816736,7.687414663283093,0.3162094124752068
Cote d'Ivoire,CIV,2021,199300003.051758,668000,72794636653.7793,2455.98127641148,7.06332910205232,2.340333333333333,4.15919657911798,569309,52.3183461956059,199300003.051758,668000,63027852805.4204,0,0,298353297.9816736,7.8066887519839945,0.27378391075657754
Cote d'Ivoire,CIV,2022,199300003.051758,668000,70922824813.9102,2333.37128301259,6.39988362720531,2.31,5.23352856100843,617913,52.8492549676673,199300003.051758,668000,72794636653.7793,0,0,298353297.9816736,7.755497876036151,0.28100967999327203
Cote d'Ivoire,CIV,2023,199300003.051758,668000,80780312569.1646,2591.9659048119,6.60000045223954,2.31,4.36972254867474,716233,53.4075201638704,199300003.051758,668000,70922824813.9102,0,0,298353297.9816736,7.8605576365173535,0.24671853414916675
Croatia,HRV,2010,8299000000,49006000,58975205417.3439,13729.7654965022,-1.33604672354973,11.62,1.03055505333574,1577226,55.2824979327886,NA,NA,NA,NA,NA,169346610.61910787,9.527394250776831,14.072015419482309
Croatia,HRV,2011,9598000000,49969000,62889007657.3899,14691.558296292,-0.110906722446629,13.678,2.2727272727273,1812519,55.2773793281248,8299000000,49006000,58975205417.3439,15.652488251596578,1.9650655021834063,192079089.03520182,9.59509640623745,15.26180863321695
Croatia,HRV,2012,8912000000,47185000,57548115904.416,13507.7805260991,-2.23743360119771,16.046,3.41207349081358,1872799,55.3042888624873,9598000000,49969000,62889007657.3899,-7.147322358824755,-5.571454301667034,188873582.70636854,9.51109516234271,15.486171632103998
Croatia,HRV,2013,9715000000,48345000,59846265181.8502,14134.9474982889,-0.13364573653061,17.231,2.21658206429779,1716702,55.3659479687433,8912000000,47185000,57548115904.416,9.01032315978456,2.4584083924976157,200951494.46685284,9.556476299949688,16.233260288640878
Croatia,HRV,2014,10079000000,51168000,59606934500.9957,14186.7295493276,-0.557692913614588,17.209,-0.215196159576268,1756070,55.4591834926844,9715000000,48345000,59846265181.8502,3.746783324755533,5.839280173751163,196978580.36272672,9.560132753781158,16.909106439338256
Croatia,HRV,2015,8207000000,55858000,50998893384.8289,12283.7840620053,2.31998692708386,16.15,-0.464499004644911,1782666,55.5812594509004,10079000000,51168000,59606934500.9957,-18.57327115785296,9.16588492808005,146926134.12581906,9.416116707430449,16.092506043359382
Croatia,HRV,2016,9215000000,57587000,52650714171.8617,12820.1653893008,3.46646114288178,13.015,-1.12500000000002,1875433,55.7294398599808,8207000000,55858000,50998893384.8289,12.282198123553064,3.0953489204769236,160018754.23272613,9.458852630344765,17.50213676099536
Croatia,HRV,2017,10534000000,59238000,56182782585.9052,13901.7878144679,3.28396321643012,11.078,1.12937210282347,2057804,55.9009887365155,9215000000,57587000,52650714171.8617,14.313619099294627,2.866966502856547,177825044.7347986,9.53984466120081,18.74951633784459
Croatia,HRV,2018,11348000000,57668000,61667925219.0755,15460.3669595491,2.91107593407843,8.322,1.50012501041756,2093577,56.093170097094,10534000000,59238000,56182782585.9052,7.7273590279096265,-2.650325804382322,196781577.304571,9.646099737349692,18.401786600872647
Croatia,HRV,2019,11974000000,60021000,61466721186.3116,15563.5987295029,3.10152683894853,6.551,0.771820346498019,2108591,56.303247958306,11348000000,57668000,61667925219.0755,5.5163905534014805,4.080252479711452,199496842.77169657,9.652754302235193,19.48045994466769
Croatia,HRV,2020,5631853027.34375,21608000,57959843541.3699,14807.5608543265,-8.31086401501189,7.389,0.154811374562106,608458,56.5284863367411,11974000000,60021000,61466721186.3116,-52.96598440501295,-63.99926692324354,260637404.07921833,9.60296072862567,9.716818892590542
Croatia,HRV,2021,5631853027.34375,21608000,69002365163.3368,17788.7865816658,12.6322190351024,7.483,2.55450699642041,767762,56.7683502560171,5631853027.34375,21608000,57959843541.3699,0,0,260637404.07921833,9.78637978405424,8.161826067863737
Croatia,HRV,2022,5631853027.34375,21608000,71196498671.1145,18465.5414420364,7.29445343642668,6.811,10.7805806758686,1404393,56.9977571733605,5631853027.34375,21608000,69002365163.3368,0,0,260637404.07921833,9.823715802927111,7.910294933687066
Croatia,HRV,2023,5631853027.34375,21608000,85624153964.0987,22184.2279304842,3.76164540703459,6.121,7.9412817758683,1670012,57.2431560672198,5631853027.34375,21608000,71196498671.1145,0,0,260637404.07921833,10.007181937841107,6.577411590782114
Cuba,CUB,2010,2396000000,2532000,59562962962.963,5272.26755824835,2.39035229650723,2.5,NA,1578011.78867135,76.6099132468685,NA,NA,NA,NA,NA,946287519.7472354,8.570405479424357,4.022634000746173
Cuba,CUB,2011,2503000000,2716000,68990000000,6104.46105236166,2.80230083647626,3.18,NA,1478595.95916068,76.707663902788,2396000000,2532000,59562962962.963,4.465776293823039,7.266982622432859,921575846.8335787,8.716938904145639,3.6280620379765183
Cuba,CUB,2012,2614000000,2847000,73141000000,6470.83673392653,3.01490028898772,3.498,NA,1313502.68398397,76.7776920066844,2503000000,2716000,68990000000,4.434678385936876,4.823269513991164,918159466.1046716,8.775215231894567,3.573918869033784
Cuba,CUB,2013,2608000000,2862000,77148000000,6828.36428245396,2.74760256257211,3.29,NA,1395072,76.81640625,2614000000,2847000,73141000000,-0.22953328232593728,0.5268703898840885,911250873.5150244,8.828986870993344,3.380515373049204
Cuba,CUB,2014,2546000000,3014000,80656100000,7146.70459051328,1.04757663187654,2.7,NA,1135200,76.8442459106445,2608000000,2862000,77148000000,-2.377300613496933,5.310971348707198,844724618.4472462,8.874546547853022,3.156611837170406
Cuba,CUB,2015,2819000000,3540000,87132800000,7727.91997207998,4.4383335888395,2.4,NA,1294458,76.8702850341797,2546000000,3014000,80656100000,10.722702278083268,17.45189117451891,796327683.6158192,8.952724412813387,3.2352914172389733
Cuba,CUB,2016,3069000000,4009000,91370407900,8110.55874283616,0.512843095700745,2,NA,1333078,76.9115829467773,2819000000,3540000,87132800000,8.86839304717985,13.24858757062147,765527562.9832876,9.001045328744487,3.3588555316058732
Cuba,CUB,2017,3302000000,4654000,96850649700,8610.60829605429,1.80979178380274,1.7,NA,942785,76.9603271484375,3069000000,4009000,91370407900,7.592049527533399,16.08880019955101,709497206.7039106,9.060866373944773,3.4093731020164753
Cuba,CUB,2018,2783000000,4712000,100050036100,8911.46205998726,2.24794852913217,1.7,NA,563540,77.0156326293945,3302000000,4654000,96850649700,-15.717746820109024,1.2462397937258274,590619694.3972836,9.095205807769565,2.781608191743571
Cuba,CUB,2019,2645000000,4276000,103427600000,9232.26115935183,-0.163087223606624,1.7,NA,457130,77.0728225708008,2783000000,4712000,100050036100,-4.958677685950414,-9.252971137521222,618568755.8465856,9.130567586800073,2.5573444612463208
Cuba,CUB,2020,1152000000,1086000,107352000000,9605.27914559614,-10.9494359030206,1.7,NA,99838,77.1080322265625,2645000000,4276000,103427600000,-56.44612476370511,-74.60243217960712,1060773480.6629833,9.170172241306625,1.0731052984574112
Cuba,CUB,2021,1152000000,1086000,107352000000,9605.27914559614,1.25448735650322,1.7,NA,22359,77.0987701416016,1152000000,1086000,107352000000,0,0,1060773480.6629833,9.170172241306625,1.0731052984574112
Cuba,CUB,2022,1152000000,1086000,107352000000,9605.27914559614,1.77465227724316,1.7,NA,139585.38,77.1056060791016,1152000000,1086000,107352000000,0,0,1060773480.6629833,9.170172241306625,1.0731052984574112
Cuba,CUB,2023,1152000000,1086000,107352000000,9605.27914559614,-1.92937123169681,1.7,NA,136998,77.1259872296321,1152000000,1086000,107352000000,0,0,1060773480.6629833,9.170172241306625,1.0731052984574112
Curacao,CUW,2010,438000000,762000,2951342793.29609,19847.2310127979,0.0823066088131412,9.78,2.77944261312587,NA,91.2491303278397,NA,NA,NA,NA,NA,574803149.6062992,9.895870164400936,14.840702374353373
Curacao,CUW,2011,540000000,837000,2930092237.27161,19426.3264002202,0.508457572414372,9.78,2.3325315256217,NA,91.2639416184104,438000000,762000,2951342793.29609,23.28767123287671,9.84251968503937,645161290.3225807,9.874435931267907,18.429453964999663
Curacao,CUW,2012,676000000,908000,3012836256.55523,19809.8223170482,-0.34895035717112,11.405,3.18398746349455,NA,91.2791300612311,540000000,837000,2930092237.27161,25.185185185185183,8.482676224611708,744493392.0704845,9.893983649030375,22.437329560449275
Curacao,CUW,2013,778000000,1071000,3033568606.16651,19721.292182955,-0.635696647893425,13.03,1.33232086152117,NA,91.2938785868797,676000000,908000,3012836256.55523,15.088757396449704,17.951541850220266,726423902.8944912,9.889504857859857,25.646362453069777
Curacao,CUW,2014,820000000,1129000,3059406995.39666,19623.0300713664,-0.637398345190817,12.61,1.4987396961643,NA,91.3082030810948,778000000,1071000,3033568606.16651,5.3984575835475574,5.415499533146592,726306465.8990257,9.884510118314159,26.802579755940087
Curacao,CUW,2015,712000000,1072000,3058779211.89831,19361.8129630226,0.45815174597594,11.71,-0.476542049801405,NA,91.3220471649755,820000000,1129000,3059406995.39666,-13.170731707317074,-5.048715677590788,664179104.4776119,9.87110964795267,23.277260327597343
Curacao,CUW,2016,644000000,944000,3024690188.01683,18944.0962772875,-1.06770769957464,12.283333333333333,-0.0472079848940293,NA,91.3353544596205,712000000,1072000,3058779211.89831,-9.550561797752808,-11.940298507462686,682203389.8305085,9.849300405376315,21.291436807359283
Curacao,CUW,2017,572000000,1058000,3033433248.15988,18938.2440965187,-1.27620931537493,12.856666666666667,1.58558801700345,NA,91.3480685861287,644000000,944000,3024690188.01683,-11.180124223602485,12.076271186440678,540642722.1172023,9.848991455516948,18.85652174304421
Curacao,CUW,2018,604000000,1210000,3046364819.53197,19119.1244887029,-2.10411142994484,13.43,2.58368756641814,NA,91.3601331655991,572000000,1058000,3033433248.15988,5.594405594405594,14.366729678638942,499173553.71900827,9.85849669749962,19.82690963759212
Curacao,CUW,2019,706000000,1293000,3026124115.73275,19220.6865793075,-3.20613171902549,16.25,2.62220783425059,NA,91.3714918191305,604000000,1210000,3046364819.53197,16.887417218543046,6.859504132231405,546017014.6945089,9.863794429939064,23.330173284351496
Curacao,CUW,2020,282000000,1293000,2534327592.49914,16299.8134349902,-18.4384703505393,19.07,2.62220783425059,NA,91.3820881678218,706000000,1293000,3026124115.73275,-60.05665722379604,0,218097447.79582366,9.69897028953682,11.12721184248779
Curacao,CUW,2021,282000000,1293000,2739594359.5908,17795.5826616182,4.18371193053579,19.07,2.62220783425059,NA,91.391865832772,282000000,1293000,2534327592.49914,0,0,218097447.79582366,9.78676173254629,10.293494692481445
Curacao,CUW,2022,282000000,1293000,3075180834.72417,20057.1404747175,6.90599999999999,19.07,2.62220783425059,NA,91.4007684350799,282000000,1293000,2739594359.5908,0,0,218097447.79582366,9.906390359049569,9.170192426270573
Curacao,CUW,2023,282000000,1293000,3281419347.37053,21217.8110321785,4.20199999999977,19.07,2.62220783425059,NA,91.4080929292235,282000000,1293000,3075180834.72417,0,0,218097447.79582366,9.962643380069387,8.593842180700632
Cyprus,CYP,2010,2137000000,2450000,25799940077.6075,31105.02734375,2.28267100119788,6.359,2.43004084102254,1583627,67.5229111556342,NA,NA,NA,NA,NA,872244897.9591836,10.345156884654784,8.28296497422784
Cyprus,CYP,2011,2603000000,2626000,27641549301.6561,32485.798828125,0.416711868408683,7.942,3.28944939564211,1263117,67.3979892758544,2137000000,2450000,25799940077.6075,21.806270472625176,7.183673469387755,991241431.8354913,10.388589095896517,9.416983004798668
Cyprus,CYP,2012,2603000000,2635000,25047436974.6819,28991.935546875,-3.44738151374587,12.097,2.38905410042317,1285976,67.3010289148738,2603000000,2626000,27641549301.6561,0,0.3427265803503427,987855787.4762809,10.27480747746097,10.39228086542798
Cyprus,CYP,2013,2930000000,2626000,23959712860.8331,27764.73046875,-6.58747751118347,16.131,-0.399357676464426,1211208,67.2102333625375,2603000000,2635000,25047436974.6819,12.562427967729542,-0.3415559772296015,1115765422.6961157,10.231557822306762,12.228861076167846
Cyprus,CYP,2014,2924000000,2558000,23225918259.9824,26993.103515625,-1.77605867728616,16.277,-1.35498885446315,688368,67.1230558819804,2930000000,2626000,23959712860.8331,-0.20477815699658702,-2.5894897182025893,1143080531.6653636,10.203373732826082,12.589383839509887
Cyprus,CYP,2015,2525664306.64063,2780000,19909278416.8575,23088.44140625,3.41892038889013,15.026,-2.0969976905311,23405,67.0402477918073,2924000000,2558000,23225918259.9824,-13.622971729116628,8.678655199374512,908512340.5182122,10.047130710035555,12.685865623849581
Cyprus,CYP,2016,2870000000,3286000,21046462280.5979,24280.056640625,6.57359080924678,13.006,-1.42916666666665,224653,66.9625604106231,2525664306.64063,2780000,19909278416.8575,13.633470309336913,18.201438848920866,873402312.8423616,10.097451763197887,13.636496061600656
Cyprus,CYP,2017,3274000000,3750000,22946570628.7576,26247.44921875,5.75083236554525,11.155,0.531766496174467,711554,66.8907450570326,2870000000,3286000,21046462280.5979,14.076655052264808,14.120511259890446,873066666.6666666,10.175362188893681,14.26792723395838
Cyprus,CYP,2018,3449000000,4024000,25754001367.5448,29120.375,6.27166360056404,8.504,1.43549119531759,401408,66.8255530496405,3274000000,3750000,22946570628.7576,5.345143555284056,7.306666666666667,857107355.8648112,10.279227719602462,13.392093720808878
Cyprus,CYP,2019,3245000000,4117000,26196667099.5303,29227.173828125,5.87559583386607,7.155,0.250370996758493,395436,66.7677357070518,3449000000,4024000,25754001367.5448,-5.914757900840823,2.3111332007952288,788195287.8309449,10.282888380208497,12.387071941904328
Cyprus,CYP,2020,663000000,4117000,25555093854.2968,28130.341796875,-3.22063018637567,7.755,-0.638422797978959,104559,66.7180443478713,3245000000,4117000,26196667099.5303,-79.56856702619415,0,161039591.93587562,10.24463960019966,2.594394697902955
Cyprus,CYP,2021,663000000,4117000,30372642502.4897,32937.83984375,11.3975590801512,7.513,2.44608867175474,103016,66.6718365394971,663000000,4117000,25555093854.2968,0,0,161039591.93587562,10.402407782824497,2.182885469862073
Cyprus,CYP,2022,663000000,4117000,31218038929.0919,33231.04296875,8.27372597293814,6.806,8.39548297993334,440203,66.6694829407584,663000000,4117000,30372642502.4897,0,0,161039591.93587562,10.411269839108257,2.1237720969786937
Cyprus,CYP,2023,663000000,4117000,35075423857.0996,36623.69140625,3.61945644636856,5.835,3.54134188751663,724062,66.6739477522639,663000000,4117000,31218038929.0919,0,0,161039591.93587562,10.508477920515954,1.8902123683554646
Czechia,CZE,2010,8068000000,21941000,211168667286.27,20160.4355077059,2.71466509907701,7.281,1.47272727272722,5145187,73.3495599222723,NA,NA,NA,NA,NA,367713413.24461055,9.911526925389676,3.82064257149601
Czechia,CZE,2011,8930000000,22810000,231429378717.312,22049.1080788682,1.77238085338473,6.712,1.9172191363555,4902816,73.2878338394746,8068000000,21941000,211168667286.27,10.684184432325235,3.9606216671983954,391494958.35160017,10.001072782398952,3.8586285153139
Czechia,CZE,2012,8174000000,25750000,210363223087.728,20014.0354015165,-0.770668190622743,6.979,3.28762306610411,3594882,73.2249239592898,8930000000,22810000,231429378717.312,-8.465845464725644,12.889083735203858,317436893.20388347,9.904239040174373,3.8856601833825244
Czechia,CZE,2013,7792000000,26332000,213024360541.119,20260.4954999375,-0.0418124160447491,6.953,1.4382978723404,5186676,73.1622186934979,8174000000,25750000,210363223087.728,-4.673354538781503,2.260194174757282,295913717.1502355,9.91647759047517,3.6577976247444015
Czechia,CZE,2014,7614000000,27166000,210911285077.683,20038.4163180257,2.24521219862635,6.108,0.343988589646794,5009995,73.0995921041469,7792000000,26332000,213024360541.119,-2.2843942505133468,3.1672489746316272,280276816.6089965,9.905456428927614,3.610048650168532
Czechia,CZE,2015,6766000000,29604000,189107698561.919,17931.5987670768,4.95875848915604,5.048,0.309364548494975,3378028,73.0370442874355,7614000000,27166000,210911285077.683,-11.137378513265038,8.974453360818671,228550195.91947034,9.794375495699171,3.5778553974547087
Czechia,CZE,2016,7041000000,32519000,198160659303.939,18753.9686718096,2.58087013921376,3.952,0.683504209385703,4048658,72.9745753395623,6766000000,29604000,189107698561.919,4.064439846290275,9.846642345628968,216519573.1726068,9.83921399212321,3.553177520064923
Czechia,CZE,2017,7695000000,34701000,221563575696.217,20913.197632212,5.17356529967881,2.893,2.4505339846014,5450671,72.9121853567256,7041000000,32519000,198160659303.939,9.288453344695355,6.709923429379747,221751534.53790957,9.948183519870604,3.4730437870124087
Czechia,CZE,2018,8283000000,36268000,251992360762.236,23705.9329811299,2.83030588267866,2.246,2.14949494949493,8851291,72.8498744351241,7695000000,34701000,221563575696.217,7.641325536062378,4.515720008068932,228383147.67839417,10.07352281519378,3.2870044055880383
Czechia,CZE,2019,7967000000,37202000,256794209028.77,24062.7190013343,3.56577658128261,2.015,2.8478759591805,5446163.2,72.7876426709563,8283000000,36268000,251992360762.236,-3.8150428588675602,2.5752729679055917,214155152.9487662,10.088460549542686,3.1024842928243044
Czechia,CZE,2020,3890000000,37202000,251109660602.536,23472.8915454417,-5.30487955463876,2.55,3.16129528497801,929888.181,72.7254901604208,7967000000,37202000,256794209028.77,-51.17359106313544,0,104564270.73813236,10.063644084450099,1.5491239925481044
Czechia,CZE,2021,3890000000,37202000,290972714482.313,27696.4619527544,4.02901832055149,2.803,3.83984491500146,1418032,72.6810594374316,3890000000,37202000,251109660602.536,0,0,104564270.73813236,10.229096061723133,1.3368951129733702
Czechia,CZE,2022,3890000000,37202000,301831228325.556,28282.2236715857,2.8471706583814,2.224,15.1001651468371,2176800,72.6967638379524,3890000000,37202000,290972714482.313,0,0,104564270.73813236,10.250024104729906,1.2887997115408598
Czechia,CZE,2023,3890000000,37202000,345059295659.911,31761.5944102491,0.0475803308973752,2.579,10.6612601372426,2175763.454,72.7352388396817,3890000000,37202000,301831228325.556,0,0,104564270.73813236,10.366044600004926,1.1273424738668592
Early-demographic dividend,EAR,2010,153301431051.548,260218031.214228,8719722451021.04,2938.79859415379,6.38102086180527,4.9067557805914,4.3974138315007,370779756.654016,42.1325153327682,NA,NA,NA,NA,NA,589126857.7208645,7.986096352596259,1.758099892658821
Early-demographic dividend,EAR,2011,159008779622.447,251178035.987064,9832704039068.24,3262.90999134968,4.95235981152094,4.956069324695175,5.81149223300288,411779408.113943,42.55386928757,153301431051.548,260218031.214228,8719722451021.04,3.722958443212364,-3.4740080020518267,633052085.9341227,8.090681139524136,1.617141927496832
Early-demographic dividend,EAR,2012,168922021252.409,266770386.702611,10275142735646.4,3359.13086538369,4.23032506652108,5.00538286879895,5.01827254237431,443984379.688308,43.0048413961797,159008779622.447,251178035.987064,9832704039068.24,6.234398914009759,6.20768876318072,633211292.0791281,8.119735200229655,1.6439871016719483
Early-demographic dividend,EAR,2013,179325667200.244,276291315.740777,10330333855700.2,3328.41752232259,4.03077677401183,5.339438625117193,4.82778705505169,473370786.86842,43.5232298113552,168922021252.409,266770386.702611,10275142735646.4,6.158845288909675,3.568960241745165,649045615.9269643,8.11055264945307,1.7359135697370849
Early-demographic dividend,EAR,2014,194703247099.934,298030473.740635,10533364326771.5,3347.32555792556,3.98571115342467,5.673494381435437,4.07392957476225,518240248.925875,44.0073800418904,179325667200.244,276291315.740777,10330333855700.2,8.575225253459466,7.868201699200039,653299793.9981705,8.116215666405674,1.8484431095303333
Early-demographic dividend,EAR,2015,194225430929.181,305091375.489381,10127250782286.2,3174.36962020929,4.24282022448064,6.007550137753681,3.12900274473925,566264222,44.4503233893376,194703247099.934,298030473.740635,10533364326771.5,-0.2454073970876024,2.3691878418080434,636613967.266804,8.063179320364947,1.917849524067332
Early-demographic dividend,EAR,2016,188151731018.75,301876958.468592,10423237803666.1,3223.9805446069,4.13628805469052,6.3416058940719235,3.52317317628473,621441555,44.8097968515725,194225430929.181,305091375.489381,10127250782286.2,-3.1271393665464995,-1.053591572568366,623272912.1600904,8.078682196531645,1.8051178967880075
Early-demographic dividend,EAR,2017,219795837364.421,326787964.841898,11320553240043.8,3457.64943157186,4.4871113513677,6.6756616503901665,3.32817337461298,679891167.720311,45.1249360555588,188151731018.75,301876958.468592,10423237803666.1,16.818397669972825,8.252039671950596,672594651.6138057,8.148633454154186,1.9415644509929497
Early-demographic dividend,EAR,2018,244161558291.944,350576700.187856,11478917653356.5,3463.50882263375,3.60797948282917,7.00971740670841,3.97561015740694,741133708.202807,45.4349772935468,219795837364.421,326787964.841898,11320553240043.8,11.085615278111343,7.279562868071696,696456889.9219782,8.150326147646313,2.127043382182899
Early-demographic dividend,EAR,2019,266594979546.452,369336988.869679,11686574879191.1,3483.31545469615,2.26986665615696,6.40278645895801,2.76252019386111,734632530.410995,45.7649596058874,244161558291.944,350576700.187856,11478917653356.5,9.187941546344634,5.351265121661046,721820417.6146581,8.156026877701375,2.2812071312797224
Early-demographic dividend,EAR,2020,266594979546.452,369336988.869679,10823343545638.3,3187.03781234801,-4.30295004163716,7.47629587598251,2.96354992076065,289010892.017,46.0812452315672,266594979546.452,369336988.869679,11686574879191.1,0,0,721820417.6146581,8.067160900676658,2.46314808748621
Early-demographic dividend,EAR,2021,266594979546.452,369336988.869679,12695008338487.8,3698.98363187847,7.50999857340686,6.59782241161416,4.12676744440695,373606823.428,46.3752600779412,266594979546.452,369336988.869679,10823343545638.3,0,0,721820417.6146581,8.216083674805901,2.0999984595379018
Early-demographic dividend,EAR,2022,266594979546.452,369336988.869679,14034689936337.3,4043.82776331568,6.02119005770159,5.55491448908438,7.19861615609867,594763104.479,46.6969243405166,266594979546.452,369336988.869679,12695008338487.8,0,0,721820417.6146581,8.305194248441577,1.8995430661863737
Early-demographic dividend,EAR,2023,266594979546.452,369336988.869679,14933453330998.3,4252.59733415786,4.59507205032629,4.93601458241511,5.88585897042164,772166413.062,47.0167430983708,266594979546.452,369336988.869679,14034689936337.3,0,0,721820417.6146581,8.355520335463833,1.7852198927964247
Ecuador,ECU,2010,786000000,1047000,68151329000,4520.30959039763,4.02913787986621,4.088,3.55437734567843,4818305,62.7405258611644,NA,NA,NA,NA,NA,750716332.3782235,8.41655696325081,1.1533157335787245
Ecuador,ECU,2011,849000000,1141000,78986648000,5153.6916424375,8.48147656332823,3.458,4.4745326579584,4714115,62.7949053547691,786000000,1047000,68151329000,8.015267175572518,8.97803247373448,744084136.7221736,8.547662577482019,1.074865210130198
Ecuador,ECU,2012,1039000000,1272000,87735048000,5634.08393191094,5.783212336172,3.235,5.10172180958666,4758406.30677172,62.8408732819135,849000000,1141000,78986648000,22.37926972909305,11.481156879929886,816823899.3710692,8.636767321112009,1.1842473717003037
Ecuador,ECU,2013,1251000000,1364000,96570334000,6109.29031510341,7.21123653679159,2.913,2.72177577710371,5157521,62.8837286624122,1039000000,1272000,87735048000,20.404234841193457,7.232704402515723,917155425.2199413,8.717729565783726,1.295428883988327
Ecuador,ECU,2014,1487000000,1695000,102717794000,6405.79979300441,4.22606520388456,3.279,3.58922016616663,5675088,62.9232432195799,1251000000,1364000,96570334000,18.864908073541166,24.266862170087975,877286135.6932153,8.765115172985407,1.4476557002382664
Ecuador,ECU,2015,1557000000,1676000,97209558000,5976.1596805651,0.119692109287612,3.419,3.96664623255358,5677816,62.959188676731,1487000000,1695000,102717794000,4.707464694014795,-1.12094395280236,928997613.3651552,8.695700764305622,1.6016943519072475
Ecuador,ECU,2016,1729000000,1569000,97671433000,5917.63771271481,-0.687954245877947,4.39,1.72826463324533,5099726,62.9913367571804,1557000000,1676000,97209558000,11.046885035324342,-6.384248210023865,1101975780.7520714,8.685861585301808,1.7702207768365599
Ecuador,ECU,2017,2018000000,1806000,104467486000,6233.32244797718,5.97039880954841,3.708,0.417335588666825,5121235,63.0194591842425,1729000000,1569000,97671433000,16.714864083285136,15.105162523900573,1117386489.4795127,8.737825183079657,1.9317015056723008
Ecuador,ECU,2018,2279000000,2535000,107478961000,6303.91886658338,1.04429460679607,3.396,-0.224103246005552,5365261,63.0433276812321,2018000000,1806000,104467486000,12.933597621407333,40.365448504983384,899013806.7061143,8.74908538020891,2.1204149898695057
Ecuador,ECU,2019,2288000000,2108000,107595830000,6205.05765246766,0.1654044646003,3.703,0.266012515466155,4827978,63.0627139714638,2279000000,2535000,107478961000,0.39491004826678366,-16.844181459566073,1085388994.3074002,8.733281134760158,2.126476462888943
Ecuador,ECU,2020,705000000,2108000,95865473000,5463.64515348598,-9.24509619165865,6.084,-0.338872392562139,1146368.544,63.0773897782521,2288000000,2108000,107595830000,-69.18706293706293,0,334440227.7039848,8.606054467758902,0.7354055406371385
Ecuador,ECU,2021,705000000,2108000,107179074000,6061.32350181711,9.42189269033631,4.434,0.133251386096389,1534854,63.0871268249117,705000000,2108000,95865473000,0,0,334440227.7039848,8.709848421719611,0.6577776553658227
Ecuador,ECU,2022,705000000,2108000,116133121000,6515.58528418336,5.86842354862311,3.672,3.46616972213077,3211808,63.0901835932266,705000000,2108000,107179074000,0,0,334440227.7039848,8.782105788306811,0.6070619595248801
Ecuador,ECU,2023,705000000,2108000,121147057000,6737.84748379638,1.98823813984235,3.462,2.21568764237058,4567423,63.1307729554263,705000000,2108000,116133121000,0,0,334440227.7039848,8.81564419281541,0.5819373721971636
"Egypt, Arab Rep.",EGY,2010,13633000000,14731000,218983666061.706,2455.08194645282,5.1472348575531,8.757,11.2651882653185,9518106.01323615,42.9057175520154,NA,NA,NA,NA,NA,925463308.6687937,7.806322654529959,6.225578484999171
"Egypt, Arab Rep.",EGY,2011,9333000000,9845000,235989672977.625,2590.64384891965,1.7645719489982,11.849,10.0649259874818,7708160.10711224,42.8634168470177,13633000000,14731000,218983666061.706,-31.541113474657084,-33.16814880184645,947993905.5358049,7.860047644065191,3.9548340748304245
"Egypt, Arab Rep.",EGY,2012,10823000000,11532000,279116666666.667,2996.0677072015,2.22619979863525,12.597,7.11172943343083,9081175.14629562,42.8118514138525,9333000000,9845000,235989672977.625,15.964855887710275,17.135601828339258,938518903.9195282,8.0053896587203,3.8775900161222863
"Egypt, Arab Rep.",EGY,2013,6747000000,9464000,288434108527.132,3025.52563552448,2.18546605362143,13.154,9.46971981064921,10593780.1774399,42.7514277188751,10823000000,11532000,279116666666.667,-37.660537743693986,-17.932708983697538,712912087.9120879,8.01517058564924,2.339182433885184
"Egypt, Arab Rep.",EGY,2014,7979000000,9878000,305595408895.265,3133.39102265541,2.91591187985748,13.105,10.0702154687481,10278013.1135622,42.6825522284408,6747000000,9464000,288434108527.132,18.259967392915367,4.37447168216399,807754606.1955861,8.050190183051225,2.6109685446009423
"Egypt, Arab Rep.",EGY,2015,6897000000,9328000,329366576819.407,3306.98159414141,4.37201907790141,13.052,10.370490343517,11109554,42.6056314089048,7979000000,9878000,305595408895.265,-13.560596565985714,-5.56792873051225,739386792.4528302,8.10409349208379,2.0940193952289374
"Egypt, Arab Rep.",EGY,2016,3306000000,5399000,332441717791.411,3270.6287768197,4.34664345555447,12.45,13.813606214829,11844962,42.5210717266225,6897000000,9328000,329366576819.407,-52.066115702479344,-42.1204974271012,612335617.7069827,8.093043236768981,0.994460028050491
"Egypt, Arab Rep.",EGY,2017,8636000000,8292000,248362771739.13,2395.10333299491,4.18122099994778,11.767,29.5066083940039,11748510,42.4486008687179,3306000000,5399000,332441717791.411,161.22202056866303,53.58399703648824,1041485769.416305,7.781599085598753,3.477171695068252
"Egypt, Arab Rep.",EGY,2018,12704000000,11346000,262588632526.73,2484.70315630508,5.3311086189448,9.855,14.4014657807422,12386010,42.4577177449969,8636000000,8292000,248362771739.13,47.10514126910606,36.830680173661364,1119689758.5052001,7.818310858788752,4.8379855128370055
"Egypt, Arab Rep.",EGY,2019,14256000000,13026000,318678815489.749,2962.98892023003,5.55209307156956,7.851,9.15279959324804,13206889.61,42.4812027332648,12704000000,11346000,262588632526.73,12.21662468513854,14.806980433632999,1094426531.5522802,7.9942912482949655,4.473469621157975
"Egypt, Arab Rep.",EGY,2020,4874000000,13026000,383817841547.099,3511.11381026379,3.55016483786838,7.974,5.04493288977539,4638192.256,42.5181534630674,14256000000,13026000,318678815489.749,-65.81088664421998,0,374174727.46814066,8.163973360341497,1.2698732243279272
"Egypt, Arab Rep.",EGY,2021,4874000000,13026000,424671765455.704,3827.35415374308,3.29064601202211,7.441,5.21404940513043,5563387,42.5686062621468,4874000000,13026000,383817841547.099,0,0,374174727.46814066,8.25019026494524,1.147709924809774
"Egypt, Arab Rep.",EGY,2022,4874000000,13026000,476747720364.742,4233.30783744856,6.58784560886967,7.344,13.8956609775178,12152219,42.6325129008032,4874000000,13026000,424671765455.704,0,0,374174727.46814066,8.350975155109614,1.0223436404207835
"Egypt, Arab Rep.",EGY,2023,4874000000,13026000,395926075163.006,3456.78968456253,3.76028052279247,6.753,33.8847763115546,16672111.302,42.7098115041919,4874000000,13026000,476747720364.742,0,0,374174727.46814066,8.14838484442906,1.2310378895841438
El Salvador,SLV,2010,646000000,1606000,18447920000,3040.07300952878,2.15419536693635,4.893,1.17933576873673,1816391.10383349,65.4327927543162,NA,NA,NA,NA,NA,402241594.02241594,8.01996569578403,3.5017497907623194
El Salvador,SLV,2011,729000000,1634000,20283780000,3330.60049486653,3.77358499834686,4.297,5.1289237668161,2151274,66.334413642034,646000000,1606000,18447920000,12.848297213622292,1.7434620174346203,446144430.8445533,8.111208096598373,3.5940046677690254
El Salvador,SLV,2012,900000000,1738000,21386150000,3497.91256915509,2.88770010188691,3.843,1.72973481581383,2523296,67.2232666950659,729000000,1634000,20283780000,23.456790123456788,6.364749082007344,517836593.78596085,8.160207504674844,4.208331092786686
El Salvador,SLV,2013,1054000000,1822000,21990960000,3582.26694005169,2.18295232499635,3.693,0.757669184522973,2509003,68.0878511957995,900000000,1738000,21386150000,17.11111111111111,4.833141542002301,578485181.1196487,8.18403021635838,4.792878528267979
El Salvador,SLV,2014,1285000000,1886000,22593470000,3666.01248913873,1.7293998423459,4.154,1.14134467538233,2816524,68.9166664266223,1054000000,1822000,21990960000,21.916508538899432,3.512623490669594,681336161.1876988,8.207132573884651,5.687484038529717
El Salvador,SLV,2015,1203000000,1973000,23438240000,3790.34089108162,2.40000008852115,3.998,-0.731384487387957,2597649,69.6982116699219,1285000000,1886000,22593470000,-6.381322957198443,4.612937433722164,609731373.5428282,8.24047503262419,5.1326379455112665
El Salvador,SLV,2016,1161000000,2052000,24191430000,3901.34014965811,2.53906241135864,4.418,0.60404908699661,2603129,70.3990173339844,1203000000,1973000,23438240000,-3.4912718204488775,4.004054738976178,565789473.6842105,8.269331690540568,4.7992202197224385
El Salvador,SLV,2017,1227000000,2247000,24979190000,4020.12671373919,2.24761908134138,4.385,1.0123540331558,2670560,71.0856704711914,1161000000,2052000,24191430000,5.684754521963824,9.502923976608187,546061415.2202938,8.299317419392342,4.912088822736046
El Salvador,SLV,2018,1370000000,2536000,26020850000,4183.54620971358,2.4124442237792,4.006,1.09033000581892,2545105,71.7577209472656,1227000000,2247000,24979190000,11.65444172779136,12.861593235425012,540220820.1892744,8.339153544478886,5.265008637304316
El Salvador,SLV,2019,1664000000,2639000,26881140000,4320.11671534627,2.43747159065784,4.17,0.0753241350024612,2609917,72.4148941040039,1370000000,2536000,26020850000,21.45985401459854,4.061514195583596,630541871.9211823,8.371269146755814,6.190213659093327
El Salvador,SLV,2020,755000000,707000,24921190000,3997.19279583709,-7.893101359867,5.008,-0.371590212324095,805271.999,73.0570220947266,1664000000,2639000,26881140000,-54.62740384615385,-73.20954907161804,1067892503.536068,8.293597736968458,3.0295503545376445
El Salvador,SLV,2021,755000000,707000,29043140000,4642.60743101342,11.9047617015957,4.327,3.46692585313082,1412026,73.6838531494141,755000000,707000,24921190000,0,0,1067892503.536068,8.443246806732525,2.599581174762784
El Salvador,SLV,2022,755000000,707000,31870120000,5074.60210221806,2.95461516549889,2.993,7.19861615609867,2390600,74.1465021298679,755000000,707000,29043140000,0,0,1067892503.536068,8.532200437703866,2.368990138725552
El Salvador,SLV,2023,755000000,707000,33853940000,5365.44491399171,3.5391566928735,2.982,4.04554694222477,3263923,74.6080675149903,755000000,707000,31870120000,0,0,1067892503.536068,8.587920941076518,2.230168777991572
Eswatini,SWZ,2010,51400001.5258789,1343000,4360714358.88708,3922.74039390733,3.82443487429767,22.718,4.50923691774369,51633,22.3330792067471,NA,NA,NA,NA,NA,38272525.335725166,8.274800659961342,1.1787059939187796
Eswatini,SWZ,2011,10100000.3814697,1328000,4722912047.32265,4225.06049411911,1.83973625916165,22.718,6.10742714590251,51633,22.4634753665393,51400001.5258789,1343000,4360714358.88708,-80.35019439370143,-1.1169024571854058,7605421.973998268,8.349025512820141,0.21385112151718438
Eswatini,SWZ,2012,29100000.3814697,1278000,4747813067.26006,4224.54789174487,4.09048190124592,22.718,8.93964682788212,51633,22.6237715926065,10100000.3814697,1328000,4722912047.32265,188.11880477607684,-3.7650602409638556,22769953.350132786,8.348904209903237,0.6129137767056859
Eswatini,SWZ,2013,4199999.80926514,1299000,4463396204.01995,3949.94310039907,4.09458522119226,22.718,5.62130623468948,51633,22.8121644356992,29100000.3814697,1278000,4747813067.26006,-85.56701115392556,1.643192488262911,3233256.204207191,8.281709588991333,0.0940987449306521
Eswatini,SWZ,2014,15600000.3814697,1325000,4285065665.03168,3771.07228381938,2.05738179246586,22.718,5.68134885776447,51633,23.026850446568,4199999.80926514,1299000,4463396204.01995,271.4285973788932,2.001539645881447,11773585.193562038,8.23537980683044,0.364055106757725
Eswatini,SWZ,2015,14199999.8092651,1256000,3908217914.21824,3419.82276559528,1.70425806017289,22.718,4.95124493704919,51633,23.2660261759632,15600000.3814697,1325000,4285065665.03168,-8.974362422885433,-5.2075471698113205,11305732.332217436,8.137636375858651,0.3633369510334872
Eswatini,SWZ,2016,13199999.8092651,1279000,3722306116.72872,3238.17611961364,2.94916821059911,22.718,7.8472745908568,51633,23.5278881746356,14199999.8092651,1256000,3908217914.21824,-7.042253615718559,1.8312101910828025,10320562.79066857,8.083074292380836,0.3546188678556527
Eswatini,SWZ,2017,13199999.8092651,1343000,4462640651.49219,3853.09956569679,3.52095345987983,25.005,6.22137528933118,51633,23.8052004963161,13199999.8092651,1279000,3722306116.72872,0,5.003909304143862,9828741.481210051,8.256892683019641,0.2957889922158838
Eswatini,SWZ,2018,16399999.6185303,1277000,4643751059.28203,3972.65450620357,0.0653956557843571,27.292,4.81506167461513,51633,24.0579295404227,13199999.8092651,1343000,4462640651.49219,24.242423147757286,-4.914370811615785,12842599.544659594,8.287441480782707,0.35316276452308154
Eswatini,SWZ,2019,14300000.1907349,1226000,4617018958.69086,3913.14577547336,6.43186888691574,29.579,2.59801620311077,52744,24.3459549517751,16399999.6185303,1277000,4643751059.28203,-12.804874857573884,-3.9937353171495693,11663947.95329111,8.272352391890296,0.3097236619272973
Eswatini,SWZ,2020,7300000.19073486,345299.987792969,4134677809.50096,3466.56936278145,-2.9518345340928702,31.866,2.59801620311077,10647,24.6652798922192,14300000.1907349,1226000,4617018958.69086,-48.95104829813502,-71.83523753727822,21141038.079363357,8.151209155674985,0.17655547849364212
Eswatini,SWZ,2021,7300000.19073486,345299.987792969,4807069277.20114,3984.00229174306,4.23621913615419,34.153,2.59801620311077,13338,25.0156180525173,7300000.19073486,345299.987792969,4134677809.50096,0,0,21141038.079363357,8.290293166316511,0.15185968351563262
Eswatini,SWZ,2022,7300000.19073486,345299.987792969,4746660273.50829,3894.1620089869,0.386070835562705,34.3815,2.59801620311077,36157,25.396682918542002,7300000.19073486,345299.987792969,4807069277.20114,0,0,21141038.079363357,8.267490551531468,0.15379234598854866
Eswatini,SWZ,2023,7300000.19073486,345299.987792969,4621191261.84214,3755.52111232464,3.53257662836211,34.61,2.59801620311077,34663.2,25.8081878500755,7300000.19073486,345299.987792969,4746660273.50829,0,0,21141038.079363357,8.23124857200496,0.15796793028265332
Ethiopia,ETH,2010,1434000000,468000,29933790334.3418,330.619412798644,12.5505383347633,2.251,8.14926402965082,3347022,17.4937839508057,NA,NA,NA,NA,NA,3064102564.102564,5.803987964366165,4.790572740648988
Ethiopia,ETH,2011,1998000000,523000,31952763089.33,343.024942351887,11.1782962297008,2.251,33.2499598823344,4440917.69083987,17.863790512085,1434000000,468000,29933790334.3418,39.33054393305439,11.752136752136751,3820267686.4244742,5.8407141615817855,6.252980358581863
Ethiopia,ETH,2012,1980000000,597000,43310721414.0829,452.101031885754,8.64781163513926,2.251,23.600417677317,5001121.86524561,18.2061367034912,1998000000,523000,31952763089.33,-0.9009009009009009,14.149139579349903,3316582914.5728645,6.116115129061261,4.571616300429906
Ethiopia,ETH,2013,2236000000,681000,47648276605.0123,484.039833104062,10.5822700502552,2.251,7.46402192944517,5671501,18.615514755249,1980000000,597000,43310721414.0829,12.929292929292929,14.07035175879397,3283406754.772393,6.184231017676458,4.6927195678779015
Ethiopia,ETH,2014,2107000000,770000,55612228233.5179,549.986577082588,10.2574929627477,2.4615,6.89001951597192,6274582,19.0262870788574,2236000000,681000,47648276605.0123,-5.769230769230769,13.069016152716593,2736363636.3636365,6.311710447844543,3.7887350802644075
Ethiopia,ETH,2015,2279000000,864000,62103418181.8182,597.912113218663,10.3924630141307,2.6719999999999997,9.56889955968623,7074779,19.451566696167,2107000000,770000,55612228233.5179,8.16326530612245,12.207792207792208,2637731481.4814816,6.395114864844244,3.6696852874150085
Ethiopia,ETH,2016,2138000000,871000,68475871209.607,641.651523286233,9.43348265981905,2.8825,6.62813337230924,8242114,19.8763618469238,2279000000,864000,62103418181.8182,-6.186924089512944,0.8101851851851851,2454649827.7841563,6.4656026228734635,3.122267686752766
Ethiopia,ETH,2017,2505000000,933000,76366081766.6667,696.348429076216,9.56418965754014,3.093,10.6871150284238,9566378,20.3084850311279,2138000000,871000,68475871209.607,17.16557530402245,7.1182548794489096,2684887459.8070736,6.547285184097235,3.2802520989016046
Ethiopia,ETH,2018,3548000000,849000,83337901071.9697,739.702022272086,6.81614778557282,3.3035,13.8330356586661,11501244,20.7838096618652,2505000000,933000,76366081766.6667,41.63672654690619,-9.003215434083602,4179034157.8327446,6.607598415232994,4.257366641542827
Ethiopia,ETH,2019,3529000000,812000,91834517112.628,793.473247210264,8.36408573314054,3.5140000000000002,15.8096321719344,12631216,21.2486705780029,3548000000,849000,83337901071.9697,-0.5355129650507328,-4.358068315665489,4346059113.300492,6.677679312924332,3.842781680522098
Ethiopia,ETH,2020,2282000000,518000,98676811061.4035,829.790982547947,6.05953089054807,3.7245,20.3563468559061,4940183,21.6260051727295,3529000000,812000,91834517112.628,-35.3357891754038,-36.206896551724135,4405405405.405405,6.722378238004616,2.31260006829769
Ethiopia,ETH,2021,2282000000,518000,109070960371.859,893.00983544905,5.64153069257077,3.935,26.8395221557722,7065954,22.1067085266113,2282000000,518000,98676811061.4035,0,0,4405405405.405405,6.795716776733858,2.092215922753322
Ethiopia,ETH,2022,2282000000,518000,123140304666,982.103161506992,5.32175988403378,3.935,33.8898797100898,10769724,22.7367687225342,2282000000,518000,109070960371.859,0,0,4405405405.405405,6.890714060222648,1.853170662675872
Ethiopia,ETH,2023,2282000000,518000,135874093202.492,1055.81091592527,6.59424599357075,3.935,30.2188278135278,15273254,23.0586471557617,2282000000,518000,123140304666,0,0,4405405405.405405,6.963011082380044,1.679496029165144
Euro area,EMU,2010,263075566903.625,491730015.731549,12784744616370.5,37491.6114073082,2.11823129195227,10.1740194070287,1.5205755786839,416465001.051461,75.1951485291125,NA,NA,NA,NA,NA,535000017.2599719,10.531899163407264,2.0577303246774616
Euro area,EMU,2011,300788545114.218,514734250.164405,13808563263632.6,40569.5862836129,1.7775447306567,10.2604549448738,3.28801427219796,441148081.659968,75.3067945322961,263075566903.625,491730015.731549,12784744616370.5,14.335416494382686,4.678224573830918,584356966.7612885,10.610798607257351,2.178275461187191
Euro area,EMU,2012,289621811362.464,520092217.303124,12784947379630.9,37481.4502473034,-0.920856755560266,11.4157094775581,2.54154474108009,439748948.516337,75.4687025194882,300788545114.218,514734250.164405,13808563263632.6,-3.712486373945424,1.0409191028200862,556866266.648371,10.531628109010168,2.2653344027359252
Euro area,EMU,2013,311096621733.909,539066000,13357283141903.1,39097.5925470426,-0.166724880410968,11.9997144514046,1.31023355618666,442802171.33378,75.683369177995,289621811362.464,520092217.303124,12784947379630.9,7.414776625566059,3.6481573970212953,577103029.562074,10.573841749086258,2.3290411562660416
Euro area,EMU,2014,325641391548.072,555108000,13682058707498,39979.3009314013,1.45587546223307,11.6246613617345,0.220195628198753,460185935.950749,75.8697574138535,311096621733.909,539066000,13357283141903.1,4.6753223269019095,2.9758879246697063,586627091.5714997,10.59614213507462,2.3800613526794403
Euro area,EMU,2015,293031213607.283,571048000,11829834353286.1,34471.1747135027,2.14365367393994,10.881412988039,-0.0852072296963751,496898700,76.0823620934604,325641391548.072,555108000,13682058707498,-10.014137879021746,2.8715132911073162,513146379.30136,10.44790774755571,2.47705255083208
Euro area,EMU,2016,297293396466.562,590598000,12123283574466.5,35228.4854539428,1.80158112775391,10.0320372944587,0.166009884375616,529564099,76.3490742080358,293031213607.283,571048000,11829834353286.1,1.4545149667881863,3.4235300710273044,503376910.2952635,10.46963866589064,2.4522514435998812
Euro area,EMU,2017,326730490336.465,617852000,12841960349280.8,37243.5651015997,2.62262590499378,9.06848085645283,1.37503641525339,560783691,76.4737406464159,297293396466.562,590598000,12123283574466.5,9.901697857999327,4.614644817625526,528816756.01351947,10.525261309850022,2.544241544514372
Euro area,EMU,2018,356076161403.959,638607601.5625,13871778197583.7,40107.5362854643,1.77991130879937,8.145745207482,1.6892396580413,584797943.268714,76.6346252265652,326730490336.465,617852000,12841960349280.8,8.981613879155866,3.3593160760991307,557582090.3677579,10.599344465589239,2.566910718526218
Euro area,EMU,2019,355218744907.194,655573447.522239,13589774677631.3,39220.5136743355,1.62263181033828,7.50763908569826,1.44123966942341,639868656.158,76.8077280588719,356076161403.959,638607601.5625,13871778197583.7,-0.24079581553124482,2.656693393286916,541844313.9357682,10.576980693455756,2.613867803797234
Euro area,EMU,2020,355218744907.194,655573447.522239,13267554461613.6,38236.5543048506,-6.05674425052126,7.83444210222942,0.186938139702131,190032931.787,76.9231896657797,355218744907.194,655573447.522239,13589774677631.3,0,0,541844313.9357682,10.551573408656925,2.6773490618405367
Euro area,EMU,2021,355218744907.194,655573447.522239,14924551716260.4,42984.5697414154,6.43713755486188,7.74091996942336,2.4865043812082,252461520.31,77.0333277900748,355218744907.194,655573447.522239,13267554461613.6,0,0,541844313.9357682,10.6686197509447,2.380096579518571
Euro area,EMU,2022,355218744907.194,655573447.522239,14488160081806.7,41608.7123275598,3.6592192433758,6.77735729230381,8.47117645590892,528749566.556,77.1544577812445,355218744907.194,655573447.522239,14924551716260.4,0,0,541844313.9357682,10.636088888412107,2.4517864442515016
Euro area,EMU,2023,355218744907.194,655573447.522239,15854782417877,45330.1093015768,0.473405522226571,6.56284141881273,5.78431554960862,610495726.388962,77.2759599495268,355218744907.194,655573447.522239,14488160081806.7,0,0,541844313.9357682,10.72174881532258,2.240451716995299
Europe & Central Asia,ECS,2010,424920135171.469,869779367.121323,21118677014368.3,23702.4750230082,2.632321442817,9.19513946215094,2.42447361791628,712998068.251797,70.583139616066,NA,NA,NA,NA,NA,488537842.16313577,10.073376941818147,2.012058496289187
Europe & Central Asia,ECS,2011,491024085792.234,918783439.730949,23432000301407.5,26239.3600613076,2.329134382958,8.83740026407689,3.8561124468282,774999479.899544,70.8155293553171,424920135171.469,869779367.121323,21118677014368.3,15.556794124168755,5.634080832684391,534428532.94789743,10.175053964812495,2.09552782296072
Europe & Central Asia,ECS,2012,482223198886.17,944560917.641592,22560574822089.8,25164.7626116947,0.315139388356499,9.04955430313517,2.77333854051586,799109209.946567,71.1504937776611,491024085792.234,918783439.730949,23432000301407.5,-1.792353401944508,2.8056097656909773,510526308.97560245,10.133239723209652,2.13745971762213
Europe & Central Asia,ECS,2013,522253505568.481,980013821.128415,23574066317473.4,26196.108944305,0.864284116119563,9.24630221460598,1.73403963519162,830731466.891435,71.6786457548467,482223198886.17,944560917.641592,22560574822089.8,8.301198858697026,3.753373956583217,532904224.7252635,10.173404338023447,2.215373022775371
Europe & Central Asia,ECS,2014,539719062765.835,997036505.326425,23920533649825,26473.6213384574,1.93001148495546,8.91878137495932,0.620490636732421,880915331.616507,72.2373894689144,522253505568.481,980013821.128415,23574066317473.4,3.344268063522613,1.736984094613031,541323271.3973031,10.183941867759483,2.256300259295359
Europe & Central Asia,ECS,2015,477924758922.134,1026805426.07725,20603435735279.5,22702.8228380066,2.07593452180194,8.52848371716201,0.36804684232536,945271489,72.6866697009849,539719062765.835,997036505.326425,23920533649825,-11.449346170400396,2.9857403005598924,465448221.0402519,10.030288596251276,2.3196362250582214
Europe & Central Asia,ECS,2016,477407366615.342,1055431735.20262,20528432079127.4,22519.6408855547,1.90557078805695,8.05906017935137,0.388838296895799,997402946,72.9303205508812,477924758922.134,1026805426.07725,20603435735279.5,-0.10825810907115789,2.787900063474769,452333723.43469477,10.022187540354672,2.3255909890008275
Europe & Central Asia,ECS,2017,531628546557.157,1112981075.45227,21791487069281.7,23814.1197034605,2.9545404517369,7.49718155396034,1.91558846458259,1067441656,73.0396143369844,477407366615.342,1055431735.20262,20528432079127.4,11.357424232102863,5.452682379178391,477661802.41755223,10.0780759396116,2.43961573098224
Europe & Central Asia,ECS,2018,584532109736.119,1157868194.79519,23342642668393.3,25408.6379771601,2.15902408385477,6.9804476957345,2.01321972250337,1137091439.3497,73.1803655864529,531628546557.157,1112981075.45227,21791487069281.7,9.951226946251694,4.033053241689647,504834757.8452263,10.142883828954162,2.504138533241545
Europe & Central Asia,ECS,2019,589620761238.282,1199188498.74821,23067540030248.6,25020.8648271756,1.82337861520314,6.7291725547778,1.76373586528842,1181479874.428,73.3626712556912,584532109736.119,1157868194.79519,23342642668393.3,0.8705512353222448,3.568653508124801,491683135.5985869,10.127505314703678,2.5560625903980605
Europe & Central Asia,ECS,2020,589620761238.282,1199188498.74821,22322527185686.7,24167.3551199699,-5.38089471565053,7.07471466192093,1.19998396936028,384036439.6275,73.4956350117713,589620761238.282,1199188498.74821,23067540030248.6,0,0,491683135.5985869,10.092799416767306,2.641371007563827
Europe & Central Asia,ECS,2021,589620761238.282,1199188498.74821,25572901699926.6,27664.8914080918,6.79965905280595,6.96499540899912,3.19017771027094,524360548.477,73.6225864414212,589620761238.282,1199188498.74821,22322527185686.7,0,0,491683135.5985869,10.227955576323746,2.3056466886586215
Europe & Central Asia,ECS,2022,589620761238.282,1199188498.74821,25798700454390.6,27913.5882331645,3.39087777130349,5.86900482608642,11.1136121878761,928957013.962,73.7292682667978,589620761238.282,1199188498.74821,25572901699926.6,0,0,491683135.5985869,10.236904706898233,2.285466906678767
Europe & Central Asia,ECS,2023,589620761238.282,1199188498.74821,27732942821913.5,29988.9022903108,1.0463748073376,5.58160560054398,7.120422120899,1103885557.00596,73.8432014952513,589620761238.282,1199188498.74821,25798700454390.6,0,0,491683135.5985869,10.308616013662082,2.1260663357095537
Europe & Central Asia (IDA & IBRD countries),TEC,2010,78234405210.6161,228004885.432018,3667835476746.74,8280.7234376826491,4.68965724549606,8.82330202402024,6.14255360247248,115461131.988931,64.7258667419875,NA,NA,NA,NA,NA,343126003.9116245,9.021806370367877,2.132985672520068
Europe & Central Asia (IDA & IBRD countries),TEC,2011,92930188768.5848,244817219.02465,4461210535265.99,10028.6545563598,5.86393596651764,8.060128925096,7.66862955607738,133766768.563661,65.0953458128978,78234405210.6161,228004885.432018,3667835476746.74,18.784297673646183,7.373672524944544,379590084.1403966,9.213301439321977,2.0830711313435923
Europe & Central Asia (IDA & IBRD countries),TEC,2012,97291038399.5646,258377683.993857,4656388146308.07,10418.3484935481,3.45489344885198,7.5629193368088,3.373498083874,153418991.821032,65.6154048918302,92930188768.5848,244817219.02465,4461210535265.99,4.6926081704614,5.539016014981209,376545825.84569395,9.251419788741106,2.0894099749116526
Europe & Central Asia (IDA & IBRD countries),TEC,2013,109574343991.435,273457449.6319,4924806846375.52,10965.2487116486,3.35044910694158,7.61449128795931,3.38485646137124,171433958.557655,66.4664633633165,97291038399.5646,258377683.993857,4656388146308.07,12.625320681051916,5.836326653660051,400699794.936772,9.302577535959273,2.2249470366960233
Europe & Central Asia (IDA & IBRD countries),TEC,2014,108623246494.865,267581214.264126,4653015277488.18,10307.2242685414,2.2711234014202,7.54656789456074,2.53187831406913,188867281.833971,67.3911891022885,109574343991.435,273457449.6319,4924806846375.52,-0.8679928730801579,-2.148866441811692,405944964.38619334,9.240697328281934,2.334470016043074
Europe & Central Asia (IDA & IBRD countries),TEC,2015,91594085452.2979,278325392.262029,3633660246044.52,8009.61874995558,1.42626319605841,7.52694238007577,3.86763469978395,206959900,68.0719889181919,108623246494.865,267581214.264126,4653015277488.18,-15.67727129512018,4.015296076539046,329089935.7327297,8.98852328426446,2.5207113282537663
Europe & Central Asia (IDA & IBRD countries),TEC,2016,85964198034.1434,274218218.147916,3492088089759.5,7659.54924391363,1.86129267860605,7.39307128483804,1.19887282892596,214729427,68.2998664724156,91594085452.2979,278325392.262029,3633660246044.52,-6.14656218286773,-1.4756735203830345,313488281.75877607,8.943838963024897,2.4616846947885485
Europe & Central Asia (IDA & IBRD countries),TEC,2017,101716945309.785,294608725.405586,3927649813354.44,8575.46129195764,4.37116063202008,7.106139154302,3.13106248590115,241813816,68.3671996828986,85964198034.1434,274218218.147916,3492088089759.5,18.32477663478568,7.435868920521956,345261143.1306113,9.05677667057177,2.589766148803191
Europe & Central Asia (IDA & IBRD countries),TEC,2018,115984030644.059,314784745.548675,4098990245510.03,8911.87742979014,3.80424428454795,6.85964887385974,2.611223782638,263345266.521,68.4656324149256,101716945309.785,294608725.405586,3927649813354.44,14.026262085262928,6.848412284908669,368455054.7133309,9.095252412189435,2.8295756685712075
Europe & Central Asia (IDA & IBRD countries),TEC,2019,121077049953.365,331546366.211299,4184533628660.37,9058.74177112172,2.81601440145778,6.92433531383549,2.67599202639893,272506497.268,68.6393881359924,115984030644.059,314784745.548675,4098990245510.03,4.39113840157518,5.324788097151347,365188891.4873552,9.111595896547138,2.89344191486702
Europe & Central Asia (IDA & IBRD countries),TEC,2020,121077049953.365,331546366.211299,3924139091384.84,8478.35038656806,-1.45793346533829,7.15452306967503,2.73249209419427,125376901.207,68.7550754784278,121077049953.365,331546366.211299,4184533628660.37,0,0,365188891.4873552,9.045389120494068,3.0854423641399666
Europe & Central Asia (IDA & IBRD countries),TEC,2021,121077049953.365,331546366.211299,4637763943320.14,10014.5108823837,7.5909039335849,6.91621049497452,5.10641129002841,192532291.262,68.8680370709709,121077049953.365,331546366.211299,3924139091384.84,0,0,365188891.4873552,9.211890258519654,2.6106772883030107
Europe & Central Asia (IDA & IBRD countries),TEC,2022,121077049953.365,331546366.211299,5264484546456.79,11421.1364427001,1.95197902081506,5.65546457607363,13.8522590144267,222489915.015,68.9112783282391,121077049953.365,331546366.211299,4637763943320.14,0,0,365188891.4873552,9.343308544758441,2.2998842314933707
Europe & Central Asia (IDA & IBRD countries),TEC,2023,121077049953.365,331546366.211299,5562782514647.52,12129.8641155432,3.82595823256764,5.04769253075588,9.36187249769016,269089865.673,68.9599237310861,121077049953.365,331546366.211299,5264484546456.79,0,0,365188891.4873552,9.403508237285646,2.176555521172248
Europe & Central Asia (excluding high income),ECA,2010,60031123027.8476,119087288.364319,1385078523367.67,6019.29491137959,7.12596948217272,9.93314530284309,6.77774669133379,61394191.9889313,60.7251070375303,NA,NA,NA,NA,NA,504093458.27236223,8.702891525704226,4.334131387864448
Europe & Central Asia (excluding high income),ECA,2011,71837770175.7668,132498762.088979,1574244960285.95,6785.87680428259,8.32799694953145,8.82264367211388,7.8583333333334,72357640.5038326,61.3214773416833,60031123027.8476,119087288.364319,1385078523367.67,19.667543354873203,11.261885217867102,542176915.7928015,8.822746144819932,4.563315874469625
Europe & Central Asia (excluding high income),ECA,2012,76682096686.5637,142150827.948523,1658983451713.25,7093.45607745799,4.06057081666242,8.48558527350146,3.31605566687647,83343593.4289629,62.2669531526226,71837770175.7668,132498762.088979,1574244960285.95,6.743425497400883,7.284646065645657,539441787.2425797,8.867068923858781,4.622233971494609
Europe & Central Asia (excluding high income),ECA,2013,87652930165.5594,151065267.842946,1808692800315.95,7667.03397664675,6.51713885377283,8.43855187072114,4.59787897363136,96541595.8089875,63.8500039555659,76682096686.5637,142150827.948523,1658983451713.25,14.306903375162946,6.271113593268102,580232183.1957244,8.944815535121649,4.846203299435251
Europe & Central Asia (excluding high income),ECA,2014,85866543243.6964,140838191.796523,1735229369225.69,7290.90050313923,3.18257259715762,8.8443833039721,3.06881210379543,105754634.007987,65.5655995922325,87652930165.5594,151065267.842946,1808692800315.95,-2.038023051241833,-6.769971809175554,609682232.840313,8.894519491045457,4.948426113950143
Europe & Central Asia (excluding high income),ECA,2015,72231918238.8408,142759135.170721,1510474002479.16,6291.45594655745,3.41612672689462,8.847908629724,4.02768573742726,119184129,66.8135844921441,85866543243.6964,140838191.796523,1735229369225.69,-15.878856292327256,1.3639364079406007,505970550.69338304,8.747106726040577,4.782069609955925
Europe & Central Asia (excluding high income),ECA,2016,64794278566.6343,134101499.894963,1450171284448.8,5986.89723080084,2.78383354652402,8.97434455600128,2.13492713939121,125119242,67.2028741800351,72231918238.8408,142759135.170721,1510474002479.16,-10.29688793202658,-6.064505269946203,483173406.84023213,8.697495582867331,4.4680431381774435
Europe & Central Asia (excluding high income),ECA,2017,77226677470.1218,149456827.794733,1499595960769.3,6138.12063922999,6.0030089975849,9.0538506488214,4.60357355778862,137449544,67.2908425220823,64794278566.6343,134101499.894963,1450171284448.8,19.187494912381876,11.450526587545465,516715620.220352,8.722436792518007,5.149832320867557
Europe & Central Asia (excluding high income),ECA,2018,89044934207.6748,169084765.500036,1477488205993.51,5996.28775888893,3.7617712262191,9.12325429373465,2.56572880132719,146715960.521,67.4464992918229,77226677470.1218,149456827.794733,1499595960769.3,15.303334449582362,13.132847789503746,526628960.0032348,8.699062605824048,6.026778003808034
Europe & Central Asia (excluding high income),ECA,2019,93373739042.8823,180880471.54687,1508679974755.36,6069.27407282315,2.5819078238094,9.67079206210364,2.64328192719554,144851367.268,67.7517086172661,89044934207.6748,169084765.500036,1477488205993.51,4.8613712545529495,6.976208656025537,516217910.33802766,8.711159035064394,6.189101771435874
Europe & Central Asia (excluding high income),ECA,2020,93373739042.8823,180880471.54687,1446077189727.52,5776.19343817718,0.276088024593619,9.25723406023813,2.74615078213777,57405263.207,67.9547177892126,93373739042.8823,180880471.54687,1508679974755.36,0,0,516217910.33802766,8.661673279412682,6.4570369898771744
Europe & Central Asia (excluding high income),ECA,2021,93373739042.8823,180880471.54687,1680958734568.53,6673.97429035651,9.28042104515383,10.0135777831354,6.91756771076075,88476243.262,68.150425455559,93373739042.8823,180880471.54687,1446077189727.52,0,0,516217910.33802766,8.80612063162905,5.554790675266014
Europe & Central Asia (excluding high income),ECA,2022,93373739042.8823,180880471.54687,1820242864725.1,7266.022431542,3.07901753477167,10.0135777831354,13.8875841659221,128853141.015,68.1628939259503,93373739042.8823,180880471.54687,1680958734568.53,0,0,516217910.33802766,8.891101917379727,5.129740698474538
Europe & Central Asia (excluding high income),ECA,2023,93373739042.8823,180880471.54687,2143244215113.25,8617.0484098633,5.03672042034297,10.0135777831354,9.07365149809048,156234384.34,68.1621549417313,93373739042.8823,180880471.54687,1820242864725.1,0,0,516217910.33802766,9.061613935456746,4.356654196682312
European Union,EUU,2010,317220883354.057,708410742.423597,14641773544950.6,33119.5673211775,2.1818009995781402,9.87327234610775,1.53112270420926,483874507.227712,73.1092331195545,NA,NA,NA,NA,NA,447792310.81221175,10.407909737615098,2.166546848851208
European Union,EUU,2011,362150580143.974,743016204.714531,15874713437636.1,35963.3147849808,1.96060087405088,9.92888294564936,3.28944939564211,515081475.254482,73.2162096061221,317220883354.057,708410742.423597,14641773544950.6,14.16353687527249,4.884943186002888,487406032.12431055,10.490282469846383,2.2813046771942345
European Union,EUU,2012,347053535670.254,759681881.470208,14731876146120.7,33324.7709896821,-0.764417073931995,10.8758482088061,2.66284165508021,514301800.984834,73.3526656193263,362150580143.974,743016204.714531,15874713437636.1,-4.168720223426979,2.2429762163908804,456840612.0185508,10.41408628025362,2.355799982486566
European Union,EUU,2013,371670340710.286,784371000,15398507628838.6,34804.7281200996,-0.0330405739034489,11.351173036859601,1.21999342274306,522944433.082448,73.5376776618371,347053535670.254,759681881.470208,14731876146120.7,7.093085795103712,3.2499285729983765,473845081.8685112,10.45753725336957,2.413677673635172
European Union,EUU,2014,389654765739.209,809619000,15763596442222.6,35590.1004559069,1.63272217207495,10.8255885011473,0.19934382657075,548633990.776732,73.6983165180291,371670340710.286,784371000,15398507628838.6,4.8388109189863195,3.2188849409271887,481281646.97124076,10.479850898394488,2.471864635506168
European Union,EUU,2015,348444514961.217,835937000,13656252620703.3,30771.6568591261,2.37195304560174,10.0165353301996,-0.0616446800641672,588104162,73.8743742665848,389654765739.209,809619000,15763596442222.6,-10.576093096105875,3.250664818883944,416831070.95536745,10.334381810351461,2.5515382926716246
European Union,EUU,2016,357446356978,870371000,13988147697216.6,31456.8971280656,1.91998029828646,9.1056944627421,0.18333486112386,620961607,74.089077283109,348444514961.217,835937000,13656252620703.3,2.5834362804605933,4.11920994046202,410682751.3531586,10.356405331659364,2.5553516070546327
European Union,EUU,2017,395733644219.927,910869000,14871313684625.8,33394.5888043692,2.81811045546294,8.13208945121752,1.42910743319306,657059035,74.1940799110393,357446356978,870371000,13988147697216.6,10.711337937704453,4.652958336157799,434457253.699409,10.41617909851708,2.6610537079117815
European Union,EUU,2018,431696488610.397,938485601.5625,16092403309151.5,36054.953230113,2.04642012743825,7.24425466386935,1.7386086198818,691558405.268714,74.3251511986635,395733644219.927,910869000,14871313684625.8,9.087638848943508,3.031896086319767,459992660.40060544,10.492827267223898,2.682610423794797
European Union,EUU,2019,432150008319.399,968873375.260994,15809073096211.4,35374.1403676934,1.87524696216217,6.67705052747452,1.63052260754344,752764693.96,74.4596491524844,431696488610.397,938485601.5625,16092403309151.5,0.10505522304845813,3.2379584351534914,446033526.5204155,10.473764602928998,2.7335568991895074
European Union,EUU,2020,432150008319.399,968873375.260994,15504055464107.4,34694.7035869194,-5.57888055659984,7.05471356704802,0.476498852725066,224581685.7655,74.5499802167242,432150008319.399,968873375.260994,15809073096211.4,0,0,446033526.5204155,10.454371142330203,2.7873352834672587
European Union,EUU,2021,432150008319.399,968873375.260994,17495226733585.2,39206.9791776084,6.37775013900981,7.0265794645481,2.55450699642041,300510412.943,74.6469353508505,432150008319.399,968873375.260994,15504055464107.4,0,0,446033526.5204155,10.576635555514166,2.470102359347022
European Union,EUU,2022,432150008319.399,968873375.260994,17023612496380.4,38066.8844892624,3.56155233245134,6.16136079316676,8.83369886749452,597439598.556,74.7659603902094,432150008319.399,968873375.260994,17495226733585.2,0,0,446033526.5204155,10.547126278861224,2.5385329254368525
European Union,EUU,2023,432150008319.399,968873375.260994,18659133072074.8,41566.5741100785,0.454322708045169,6.02643653344515,6.29942487419125,700152461.175962,74.8943502719612,432150008319.399,968873375.260994,17023612496380.4,0,0,446033526.5204155,10.635075673798095,2.3160240438295245
Fiji,FJI,2010,825000000,692000,3140166712.79624,3449.14452883369,2.9546724221223,8.91,3.68901229670758,1259009,52.0415147785104,NA,NA,NA,NA,NA,1192196531.7919075,8.146171401563505,26.272490458487734
Fiji,FJI,2011,955000000,734000,3779411899.37483,4139.60288609702,2.70514302901054,4.406,7.278117827085,1276205.48,52.5335449475105,825000000,692000,3140166712.79624,15.757575757575756,6.069364161849711,1301089918.256131,8.328596680878235,25.268481589899505
Fiji,FJI,2012,989000000,741000,3972028104.47328,4341.40338748749,1.41131438177968,9,3.42337523401979,1225268.56188571,53.0383211294771,955000000,734000,3779411899.37483,3.56020942408377,0.9536784741144414,1334682860.9986506,8.376183249735927,24.899118888061057
Fiji,FJI,2013,966000000,769000,4189967998.51424,4572.44377544245,4.73421948956533,7.585,2.91354193604001,1161936,53.5552726299291,989000000,741000,3972028104.47328,-2.3255813953488373,3.7786774628879893,1256176853.0559168,8.428021761469404,23.05506868650412
Fiji,FJI,2014,1091000000,781000,4857104768.86844,5293.35676680464,5.6035144061830104,6.17,0.519306474579106,1243824,54.0838287543856,966000000,769000,4189967998.51424,12.939958592132506,1.5604681404421328,1396927016.6453264,8.574396771299284,22.46194084576377
Fiji,FJI,2015,1094000000,869000,4682479893.97558,5097.53106864695,4.50120041028725,5.2445,1.37488542621446,1336976,54.6234188083653,1091000000,781000,4857104768.86844,0.27497708524289644,11.267605633802818,1258918296.8929803,8.536707751469534,23.36368814754606
Fiji,FJI,2016,1149000000,963000,4930213644.36653,5363.79026679243,2.44565179664245,4.319,3.86322538221269,1402765,55.1734720973874,1094000000,869000,4682479893.97558,5.027422303473491,10.817031070195627,1193146417.445483,8.587612561438105,23.305278084914143
Fiji,FJI,2017,1243000000,1027000,5353469174.47838,5826.84814459328,5.35336455965039,4.319,3.34757834757839,1557876,55.7408343449609,1149000000,963000,4930213644.36653,8.181026979982594,6.645898234683282,1210321324.245375,8.670403110797398,23.21858890914624
Fiji,FJI,2018,1370000000,1058000,5581425327.44397,6085.41979485376,3.81235122208561,4.319,4.08147637644542,1670216,56.2328347385698,1243000000,1027000,5353469174.47838,10.217216411906678,3.0185004868549172,1294896030.2457466,8.713815305214771,24.545701494270382
Fiji,FJI,2019,1345000000,969000,5344907153.46698,5842.07344577597,-0.581946709343867,4.319,1.77310182460266,1700293,56.70989552257,1370000000,1058000,5581425327.44397,-1.824817518248175,-8.412098298676748,1388028895.7688339,8.67301221234981,25.164141516051675
Fiji,FJI,2020,236000000,168000,4227719873.3865,4620.6457238014,-17.1835352599354,4.319,-2.59524325887372,409104,57.186684691874,1345000000,969000,5344907153.46698,-82.45353159851301,-82.6625386996904,1404761904.7619047,8.438506137918505,5.582205232792744
Fiji,FJI,2021,236000000,168000,4158873156.17978,4536.73312110335,-4.3459619989752,4.319,0.155855722131516,133708,57.6618364761928,236000000,168000,4227719873.3865,0,0,1404761904.7619047,8.420182853805079,5.674614039365959
Fiji,FJI,2022,236000000,168000,4977861885.60316,5414.12092119088,17.7451269773594,4.319,4.32011856243056,1168544.946,58.1352701465266,236000000,168000,4158873156.17978,0,0,1404761904.7619047,8.596950489968936,4.740991321646608
Fiji,FJI,2023,236000000,168000,5476673518.13788,5926.20586394763,9.44245856738313,4.319,2.34408296633042,2154560,58.6069049738768,236000000,168000,4977861885.60316,0,0,1404761904.7619047,8.687308194430415,4.309185114256038
Finland,FIN,2010,4496000000,3670000,249429613683.334,46506.2919016566,3.1682879121621,8.394,1.18413523154646,8685772.86832543,69.7855798796947,NA,NA,NA,NA,NA,1225068119.8910081,10.747364394370637,1.8025125138941778
Finland,FIN,2011,5615000000,4192000,275126915515.565,51060.3242589767,2.39039455396828,7.781,3.41680754255211,9508050,70.0583261874252,4496000000,3670000,249429613683.334,24.88879003558719,14.223433242506811,1339456106.870229,10.840782625809272,2.0408762950284074
Finland,FIN,2012,5418000000,4226000,257443384492.969,47551.6740841369,-1.52284013040689,7.689,2.80833622561574,10731828.4925915,70.3661363168712,5615000000,4192000,275126915515.565,-3.508459483526269,0.8110687022900763,1282063416.9427354,10.769593303703253,2.104540386877943
Finland,FIN,2013,5774000000,2797000,270268036626.275,49691.0145200739,-0.979741024949618,8.193,1.4782861568881,10467321,70.6742118159277,5418000000,4226000,257443384492.969,6.570690291620525,-33.81448177946048,2064354665.713264,10.813599525534963,2.1363976562216465
Finland,FIN,2014,5409000000,2731000,273478528954.901,50073.7760815871,-0.4780684247837,8.663,1.04119621178439,10992792,70.9879168940753,5774000000,2797000,270268036626.275,-6.321440942154485,-2.359671076153021,1980593189.307946,10.821272688863255,1.9778517972399916
Finland,FIN,2015,4011000000,2622000,233210733506.25,42560.3456767103,0.466503766322674,9.376,-0.207928839905268,13035848,71.3054930040604,5409000000,2731000,273478528954.901,-25.845812534664447,-3.9912120102526547,1529748283.7528605,10.658701741859433,1.7199036852617704
Finland,FIN,2016,4017000000,2789000,238777818792.608,43451.2562442158,2.57193414898754,8.818,0.356684500891695,13754228,71.6158383428171,4011000000,2622000,233210733506.25,0.14958863126402394,6.369183829138063,1440301183.219792,10.679418056715113,1.6823170679387898
Finland,FIN,2017,5210000000,3180000,253846138440,46085.0174739036,3.30337003591039,8.64,0.754015047084346,12209646,71.9563038312956,4017000000,2789000,238777818792.608,29.698780184217078,14.0193617784152,1638364779.8742137,10.738264874385273,2.052424366987743
Finland,FIN,2018,5762000000,3224000,273869255596.078,49654.2497035329,1.19297759742292,7.361,1.08382098409305,13364839,72.3423467740343,5210000000,3180000,253846138440,10.595009596928982,1.3836477987421385,1787220843.6724565,10.81285939809398,2.103923635918524
Finland,FIN,2019,5944000000,3290000,267014821129.411,48358.1807773701,1.34973845741737,6.695,1.02409392963431,14610547,72.7431214358314,5762000000,3224000,273869255596.078,3.1586254772648386,2.0471464019851116,1806686930.0911853,10.786411364497777,2.2260936583438524
Finland,FIN,2020,1757000000,896000,270000311606.226,48828.6846862799,-2.49103605535707,7.759,0.290554555653239,3500299,73.0849439791673,5944000000,3290000,267014821129.411,-70.4407806191117,-72.76595744680851,1960937500,10.796093699657833,0.650739989723584
Finland,FIN,2021,1757000000,896000,294223210496.119,53099.1351400148,2.67634641498897,7.617,2.19457432340007,2805555,73.3710215780329,1757000000,896000,270000311606.226,0,0,1960937500,10.879934752236487,0.5971656678741788
Finland,FIN,2022,1757000000,896000,280253099309.34,50440.560224974,0.763041912763526,6.719,7.12350773301402,9040754,73.6967597835949,1757000000,896000,294223210496.119,0,0,1960937500,10.828570721895744,0.626933298625413
Finland,FIN,2023,1757000000,896000,295021982462.75,52834.2916752703,-0.939093459613758,7.149,6.25064322154763,10794518,74.0062548602828,1757000000,896000,280253099309.34,0,0,1960937500,10.874934649353323,0.5955488419314117
France,FRA,2010,56178000000,189826000,2646230027988.34,40694.8211697025,2.00032476039051,9.279,1.53112270420926,60864422.1135135,77.0962844808803,NA,NA,NA,NA,NA,295944707.258226,10.61388069219627,2.1229446951256326
France,FRA,2011,66133000000,196595000,2870408553990.28,43929.7840873812,2.43757653729007,9.228,2.11159795174994,64185339.3411299,77.1182717387509,56178000000,189826000,2646230027988.34,17.720459966534943,3.565897190058264,336392075.0782065,10.690370585373737,2.3039577382831316
France,FRA,2012,63975000000,197522000,2683007095787.23,40863.5814412333,0.183835264973013,9.841,1.9541953161351,64683769.0243213,77.1669464919916,66133000000,196595000,2870408553990.28,-3.2631212858935785,0.47152776011597447,323887971.9727423,10.618018987422143,2.3844513903989095
France,FRA,2013,66054000000,204410000,2816077607875.26,42669.1795111893,0.781756446231,9.913,0.863715497861805,63925151,77.2440721470918,63975000000,197522000,2683007095787.23,3.249706916764361,3.4872064883911666,323144660.24167114,10.661255583138027,2.3456029697220586
France,FRA,2014,67402000000,206599000,2861236112552.42,43148.0459288416,0.997832947295251,10.273,0.50775882293799,63434263,77.3524296788613,66054000000,204410000,2816077607875.26,2.040754534169013,1.0708869429088597,326245528.77797085,10.672415585695674,2.3556951383460896
France,FRA,2015,66441000000,203302000,2442483452642.5,36702.4323733379,1.06675474783462,10.354,0.0375143805125182,65039503,77.7610919150066,67402000000,206599000,2861236112552.42,-1.4257737159134742,-1.5958450912153495,326809377.1827134,10.510625554828527,2.7202231371564913
France,FRA,2016,63557000000,203042000,2470407619777.13,37024.2157133669,0.860031075424033,10.057,0.18333486112386,65362743,78.5999114705779,66441000000,203302000,2442483452642.5,-4.340693246639876,-0.12788855987644,313023906.3839009,10.519354465273434,2.5727333210595367
France,FRA,2017,67717000000,207274000,2588868323334.71,38687.1626407164,2.08361485997399,9.409,1.03228275064662,68316473,78.6467804026368,63557000000,203042000,2470407619777.13,6.545305788504807,2.0842978300056143,326702818.4914654,10.56328895731171,2.615698890114814
France,FRA,2018,72518000000,211998000,2781576320884.39,41418.1766484844,1.64590872395887,9.018,1.85081508315502,70188028,78.6714432536599,67717000000,207274000,2588868323334.71,7.089800197882363,2.279108812489748,342069264.80438495,10.63149925663719,2.60708287798996
France,FRA,2019,70776000000,217877000,2722793515171.76,40408.2848574751,2.02744646419237,8.415,1.10825492288294,71289277,78.6890784549356,72518000000,211998000,2781576320884.39,-2.4021622217932097,2.7731393692393325,324843833.90628654,10.606814860748763,2.5993891790040973
France,FRA,2020,35958000000,117109000,2647926055110.05,39169.8606000707,-7.44064589948231,8.009,0.476498852725066,24956343,78.7119131765249,70776000000,217877000,2722793515171.76,-49.194642251610716,-46.24994836536211,307047280.7384573,10.57568839731642,1.3579684346021348
France,FRA,2021,35958000000,117109000,2966433692008.09,43725.0999521245,6.88233783360239,7.871,1.64233141038385,32000528,78.7364603392338,35958000000,117109000,2647926055110.05,0,0,307047280.7384573,10.685700455708174,1.2121626078100092
France,FRA,2022,35958000000,117109000,2794788137066.94,40988.6396406579,2.71676264185913,7.303,5.22236748369735,59323269,78.7591921123356,35958000000,117109000,2966433692008.09,0,0,307047280.7384573,10.621074622063249,1.286609153770669
France,FRA,2023,35958000000,117109000,3056250648138.29,44700.1384177544,1.43921494437743,7.335,4.87835726508441,64644716,78.7804323126547,35958000000,117109000,2794788137066.94,0,0,307047280.7384573,10.70775424823607,1.1765396277921039
"Gambia, The",GMB,2010,80000000,91000,1543294926.87301,801.033372714536,5.90833580968288,9.268,5.04968075857402,0,56.0110896605662,NA,NA,NA,NA,NA,879120879.1208792,6.687150218864276,5.183714311955541
"Gambia, The",GMB,2011,86000000,106000,1409693596.93594,710.608411468152,-8.13044422315659,9.268,4.7958826618311,0,56.6696692994225,80000000,91000,1543294926.87301,7.5,16.483516483516482,811320754.7169812,6.567527776222313,6.100616487648561
"Gambia, The",GMB,2012,104000000,157000,1415004738.26621,692.579361628102,5.24156924630741,9.268,4.25432199813899,11284,57.3207304207091,86000000,106000,1409693596.93594,20.930232558139537,48.113207547169814,662420382.1656051,6.541865669585484,7.3497987100333
"Gambia, The",GMB,2013,78000000,171000,1375609453.43746,653.862713272743,2.872768790327,8.399166666666668,5.69912989637382,146784,57.970305611505,104000000,157000,1415004738.26621,-25,8.9171974522293,456140350.877193,6.484425615609629,5.670214013511514
"Gambia, The",GMB,2014,110000000,156000,1229461721.40861,568.00453558864,-1.40738249510954,7.530333333333334,5.94799935696626,151776,58.6141799655551,78000000,171000,1375609453.43746,41.02564102564102,-8.771929824561402,705128205.1282052,6.343888405252101,8.94700486274364
"Gambia, The",GMB,2015,92000000,449000,1378176608.93204,619.536364296461,4.0580738039996,6.6615,6.8084549457961,3036,59.2458499408388,110000000,156000,1229461721.40861,-16.363636363636363,187.82051282051282,204899777.28285077,6.430584207756573,6.675486973421465
"Gambia, The",GMB,2016,88000000,450000,1484578885.97132,650.056501323611,1.94335965478776,5.792666666666667,7.22879272057922,44330,59.8652472486563,92000000,449000,1378176608.93204,-4.3478260869565215,0.22271714922048996,195555555.55555555,6.478596430030126,5.92760686761512
"Gambia, The",GMB,2017,128000000,522000,1504909462.69521,642.522641296331,4.8226112492757,4.923833333333333,8.03418974545911,53735,60.471712657237,88000000,450000,1484578885.97132,45.45454545454545,16,245210727.96934864,6.466957211026901,8.505495059533951
"Gambia, The",GMB,2018,174000000,552000,1670671327.81651,696.219806960615,7.23489033258579,4.055,6.52096823946573,104891.39475506,61.0645869348107,128000000,522000,1504909462.69521,35.9375,5.747126436781609,315217391.3043478,6.5471007225375315,10.414974932706238
"Gambia, The",GMB,2019,157000000,620000,1813609692.49994,738.186751987483,6.22205315994859,4.5398,7.11567625631192,109542.145080475,61.643210849607,174000000,552000,1670671327.81651,-9.770114942528735,12.318840579710146,253225806.45161292,6.605550598072017,8.656768909499265
"Gambia, The",GMB,2020,53000000,246000,1812170891.19069,720.335143352133,0.591487287873974,5.0245999999999995,5.93127636562441,109542.145080475,62.2069251698555,157000000,620000,1813609692.49994,-66.2420382165605,-60.322580645161295,215447154.4715447,6.581103860563321,2.924668984456331
"Gambia, The",GMB,2021,53000000,246000,2014158842.14596,781.890925169531,5.25596878816744,5.509399999999999,7.37034758876618,109542.145080475,62.7550706637859,53000000,246000,1812170891.19069,0,0,215447154.4715447,6.662993382544519,2.631371413762572
"Gambia, The",GMB,2022,53000000,246000,2204734527.88096,836.244875868476,5.49299823010114,5.9942,11.5131198380505,109542.145080475,63.2869880996278,53000000,246000,2014158842.14596,0,0,215447154.4715447,6.7301165914626635,2.4039175388131637
"Gambia, The",GMB,2023,53000000,246000,2382262184.68273,883.024111719809,5.9167957146697,6.479,16.9742129632327,109542.145080475,63.8020182456108,53000000,246000,2204734527.88096,0,0,215447154.4715447,6.78448433796681,2.224776111578942
Georgia,GEO,2010,737000000,2032000,12426907967.1578,3281.72930937343,6.24640865303363,20.203,7.11017897486099,164446,55.1969344748228,NA,NA,NA,NA,NA,362696850.3937008,8.096430461885783,5.930678829744015
Georgia,GEO,2011,1069000000,2712000,15475290469.2869,4119.66818307193,7.9343365253078,19.632,8.5429333333333,222630,55.6899257648533,737000000,2032000,12426907967.1578,45.047489823609226,33.46456692913386,394174041.29793507,8.323770609551024,6.907786332809683
Georgia,GEO,2012,1565000000,4106000,16894392033.2256,4530.69533409431,6.57883101954195,19.653,-0.943658853270964,178363,56.1683526759979,1069000000,2712000,15475290469.2869,46.39850327408793,51.40117994100295,381149537.2625426,8.41885139440147,9.263428935010921
Georgia,GEO,2013,1916000000,4954000,17517660143.6859,4712.00229382665,5.13288531209382,19.416,-0.512058410947092,189316,56.6182119019407,1565000000,4106000,16894392033.2256,22.42811501597444,20.652703360935217,386758175.21194994,8.45808041362564,10.937533804653738
Georgia,GEO,2014,1972000000,5004000,17966015109.3043,4830.33486170249,4.09049059581743,17.439,3.06881210379543,196589,57.0237612994258,1916000000,4954000,17517660143.6859,2.9227557411273484,1.0092854259184496,394084732.21422863,8.482878077346276,10.976279314040731
Georgia,GEO,2015,2049000000,5256000,15223796148.8396,4086.6223465965,3.35102350265353,16.506,4.00357820695097,232263,57.3803800455672,1972000000,5004000,17966015109.3043,3.904665314401623,5.0359712230215825,389840182.6484018,8.315718746646612,13.45919230635639
Georgia,GEO,2016,2315000000,5393000,15444548901.9637,4143.40125686315,3.45021517996871,16.604,2.13492713939121,220448,57.6984032005062,2049000000,5256000,15223796148.8396,12.981942410932163,2.606544901065449,429260152.04895234,8.329513607645369,14.989107255218434
Georgia,GEO,2017,2971000000,6483000,16473125375.0684,4418.75206546679,5.15990261658827,13.939,6.03531725272117,341751,57.9996827205757,2315000000,5393000,15444548901.9637,28.33693304535637,20.21138512887076,458275489.7424032,8.393838879712634,18.035436095791045
Georgia,GEO,2018,3518000000,7203000,17902544880.6471,4804.0546040444,6.062036412677,12.667,2.6152447139767,516034,58.3038181862576,2971000000,6483000,16473125375.0684,18.411309323460117,11.105969458583989,488407607.94113564,8.4774236853449,19.650837484021654
Georgia,GEO,2019,3551000000,7726000,17638337116.9126,4741.2832715876,5.38071926589951,11.565,4.85289821696723,509913,58.6304091780343,3518000000,7203000,17902544880.6471,0.9380329732802728,7.2608635290851025,459616878.0740357,8.464274001574124,20.132283312552786
Georgia,GEO,2020,586000000,1513000,16010869215.68,4300.85701291207,-6.2904717853839,11.734,5.2024648897534,72906,58.9990552763878,3551000000,7726000,17638337116.9126,-83.49760630808223,-80.41677452756925,387309980.17184407,8.36680207192339,3.660013657635214
Georgia,GEO,2021,586000000,1513000,18853115588.8106,5083.60695484577,10.6442336580969,11.83,9.56691433824769,84591,59.4293560618005,586000000,1513000,16010869215.68,0,0,387309980.17184407,8.533973010479665,3.108239575785518
Georgia,GEO,2022,586000000,1513000,24984568959.605,6729.84659930283,10.9585321385624,10.198,11.8981654203198,167072,60.0101622679115,586000000,1513000,18853115588.8106,0,0,387309980.17184407,8.814456209571668,2.345447707933019
Georgia,GEO,2023,586000000,1513000,30777833600.6515,8283.66960652261,7.83220126555726,9.59,2.48776056578715,320810,60.7523077799724,586000000,1513000,24984568959.605,0,0,387309980.17184407,9.022162050552835,1.9039676658320606
Germany,DEU,2010,49116000000,26875000,3467093769666.67,42396.9665976293,4.13463778522758,7.043,1.1038103778926,97330734.2807591,80.305702559949,NA,NA,NA,NA,NA,1827572093.0232558,10.654855682466964,1.4166331591522563
Germany,DEU,2011,53465000000,28374000,3823575803793.78,47630.9761883572,3.75796884489337,5.967,2.07517283735874,107042775.791182,80.3405762928198,49116000000,26875000,3467093769666.67,8.854548415994788,5.577674418604651,1884295481.7790935,10.77125958334691,1.3982984186413052
Germany,DEU,2012,51626000000,30411000,3596483233406.25,44718.0159214069,0.463512036709204,5.372,2.00848884782956,105978474.526384,80.393447520218,53465000000,28374000,3823575803793.78,-3.439633405031329,7.179107633749207,1697609417.644931,10.708154102251594,1.43545782503495
Germany,DEU,2013,55486000000,31545000,3807023797050.99,47206.8353514242,0.396995583779145,5.316,1.50472330251876,109062321.51578,80.4732318400362,51626000000,30411000,3596483233406.25,7.4768527486150385,3.7289138798461083,1758947535.2670786,10.762315161004778,1.4574639654992636
Germany,DEU,2014,58721000000,32999000,3964870735760.77,48959.5991203133,2.18018602168017,4.979,0.906794000434246,112353098.59355,80.57574023743,55486000000,31545000,3807023797050.99,5.830299535017843,4.609288318275479,1779478166.0050304,10.798771154045841,1.4810318901539865
Germany,DEU,2015,50669000000,34970000,3425099578746.09,41929.7549110722,1.66300602334775,4.612,0.514426137125456,117222850,80.6974371632814,58721000000,32999000,3964870735760.77,-13.712300539840944,5.972908269947574,1448927652.2733772,10.643774844082685,1.4793438507428636
Germany,DEU,2016,52234000000,35555000,3536787895179,42948.9381932694,2.22222216259371,4.104,0.491747008445174,116713587,80.8347870684725,50669000000,34970000,3425099578746.09,3.088673547928714,1.6728624535315983,1469104204.7531993,10.667790488372237,1.4768768031354165
Germany,DEU,2017,55750000000,37452000,3765351626105.89,45553.9341495339,2.797906720551,3.781,1.50949485109628,114160685,80.9842544038853,52234000000,35555000,3536787895179,6.731247846230424,5.3353958655603995,1488572038.8764286,10.72667422063125,1.4806054131432183
Germany,DEU,2018,59446000000,38881000,4055433215301.96,48916.1686612154,1.13569604599849,3.384,1.73216879766942,109796202.17431,81.1423036204018,55750000000,37452000,3765351626105.89,6.629596412556054,3.815550571398056,1528921581.2350504,10.797883711209074,1.4658359993624939
Germany,DEU,2019,58372000000,39563000,3959894794039.21,47656.199739747,0.977734697038784,3.163,1.44565976888253,109633750.727,81.3053991689039,59446000000,38881000,4055433215301.96,-1.8066816943108033,1.7540701113654484,1475418952.051159,10.771788993990526,1.474079566150767
Germany,DEU,2020,58372000000,12449000,3941398957073.94,47394.8734504469,-4.13191443239947,3.881,0.144877925813982,25758450,81.4700055002738,58372000000,39563000,3959894794039.21,0,-68.53373101129844,4688890673.949715,10.76629044588595,1.4809969920765105
Germany,DEU,2021,58372000000,12449000,4355251953410.78,52349.2459994422,3.90999994204108,3.594,3.06666666666673,33073180,81.6325870653934,58372000000,12449000,3941398957073.94,0,0,4688890673.949715,10.865711915417387,1.3402668921205914
Germany,DEU,2022,58372000000,12449000,4201021706478.62,50506.5179638543,1.8092581243061,3.137,6.87257438551097,69045135,81.7867852780995,58372000000,12449000,4355251953410.78,0,0,4688890673.949715,10.8298774747547,1.3894715161785862
Germany,DEU,2023,58372000000,12449000,4562207532490.28,54776.7668235491,-0.869647578573321,3.071,5.94643667725823,80199572,81.9034366692129,58372000000,12449000,4201021706478.62,0,0,4688890673.949715,10.91103967571281,1.2794683184466547
Greece,GRC,2010,13857000000,20112000,296417644404.034,26653.0488008626,-5.6937412158003,12.719,4.71298907760388,10352657.531181,76.3631476983077,NA,NA,NA,NA,NA,688991646.778043,10.190696343040022,4.674822926907861
Greece,GRC,2011,16269000000,20112000,283228079776.041,25504.7866510124,-9.87677875300243,17.973,3.3298532335065,9569211.41941763,76.6352609929407,13857000000,20112000,296417644404.034,17.40636501407231,0,808920047.732697,10.14666063289305,5.744133848898211
Greece,GRC,2012,14665000000,20112000,238841140018.233,21624.346052551,-8.33113421099992,24.731,1.50152696177758,8785275.45592775,76.8679797449322,16269000000,20112000,283228079776.041,-9.859241502243531,0,729166666.6666667,9.981621334102147,6.140064479210107
Greece,GRC,2013,17433000000,20112000,236556279640.705,21573.3449762805,-2.27211699888024,27.686,-0.921269454256994,8761116,77.0951999650171,14665000000,20112000,238841140018.233,18.874872144561884,0,866795942.7207638,9.979260155179297,7.369493647126267
Greece,GRC,2014,19489000000,24272000,233911581521.062,21474.7257123892,0.792225060962835,26.708,-1.31226096405506,11152236,77.3130486275866,17433000000,20112000,236556279640.705,11.793724545402398,20.684168655529035,802941661.1733686,9.974678539640692,8.331780698188798
Greece,GRC,2015,17547000000,26114000,194567373678.099,17980.7298238137,-0.228301892172851,24.981,-1.73588804765284,11237054,77.5194426317545,19489000000,24272000,233911581521.062,-9.964595412796964,7.588991430454844,671938423.8339587,9.797111511618905,9.018469884385933
Greece,GRC,2016,16811000000,28071000,193097239005.87,17919.2426377048,-0.0317947678412054,23.514,-0.825653978390973,12689082,77.7122988766348,17547000000,26114000,194567373678.099,-4.194449193594347,7.494064486482347,598874283.0679349,9.793686226487747,8.705976370531616
Greece,GRC,2017,19139000000,30161000,200381103984.298,18631.9930129293,1.47312472702352,21.413,1.12125452031419,13852857,77.8895342613411,16811000000,28071000,193097239005.87,13.848075664743323,7.445406291190196,634561188.2895129,9.832689106243674,9.551299807939847
Greece,GRC,2018,21594000000,33072000,213298873494.394,19873.4015238771,2.06467207892409,19.179,0.62562141345364,15125933.5152598,78.0490656849874,19139000000,30161000,200381103984.298,12.827211453053975,9.651536752760187,652939042.0899855,9.897187827062973,10.123822806109448
Greece,GRC,2019,23003000000,34005000,207305649887.019,19335.3602002969,2.27718065334808,17.045,0.253007522038157,16124738.33,78.1888100466875,21594000000,33072000,213298873494.394,6.524960637214041,2.8211175616835993,676459344.214086,9.869742550690205,11.096176111233133
Greece,GRC,2020,6193000000,7406000,191362985554.861,17886.733165236,-9.19623149726978,15.899,-1.24798355581405,5647917,78.3066842455552,23003000000,34005000,207305649887.019,-73.07742468373691,-78.22084987501839,836213880.6373211,9.791870458873307,3.2362580370719374
Greece,GRC,2021,6193000000,7406000,218303801895.326,20654.7001960815,8.65449786002131,14.656,1.22382501019854,8726345,78.3884898647442,6193000000,7406000,191362985554.861,0,0,836213880.6373211,9.93574659884871,2.8368722606899297
Greece,GRC,2022,6193000000,7406000,217990189600.69,20886.5243087629,5.52198580589408,12.426,9.64525981280632,15309117,78.5502190980809,6193000000,7406000,218303801895.326,0,0,836213880.6373211,9.946907336697725,2.84095353618629
Greece,GRC,2023,6193000000,7406000,242946187738.269,23343.7103964562,2.13591131996631,11.023,3.46480128513405,19090513,78.7746303842088,6193000000,7406000,217990189600.69,0,0,836213880.6373211,10.058125701950331,2.549124173404132
Guatemala,GTM,2010,1053300048.82813,1384000,40676578423.4871,2805.25960237322,2.88417542800377,3.497,3.8595090983316,313892,51.3270380592706,NA,NA,NA,NA,NA,761054948.5752385,7.939607773265813,2.5894509559337546
Guatemala,GTM,2011,1077400024.41406,1434000,46876006272.2387,3168.98370607705,4.16390688293349,4.126,6.214123930671,326146.206150004,51.8657469899423,1053300048.82813,1384000,40676578423.4871,2.28804466616545,3.6127167630057806,751324982.1576431,8.06148172681933,2.298404045252735
Guatemala,GTM,2012,1110000000,1491000,49593929487.1263,3286.61959336267,2.97470856847661,2.765,3.78180754679678,288013.900825685,52.3523385176,1077400024.41406,1434000,46876006272.2387,3.0258005241525083,3.9748953974895396,744466800.8048289,8.097919054033525,2.2381771549038807
Guatemala,GTM,2013,1160699951.17188,1516000,52996420177.4409,3444.15802275864,3.69481894978053,3.017,4.34337131279521,78264,52.7809822766245,1110000000,1491000,49593929487.1263,4.567563168637839,1.676727028839705,765633213.1740633,8.144725052572428,2.1901478388269657
Guatemala,GTM,2014,1164400024.41406,1739000,57852159007.6243,3689.14510410202,4.44397783368888,2.717,3.4183616966296,69768,53.1458479013964,1160699951.17188,1516000,52996420177.4409,0.3187794777146666,14.709762532981529,669580232.5555261,8.213421059866304,2.0127166287097507
Guatemala,GTM,2015,1169500000,1865000,62186066547.6566,3893.50533299068,4.09217081621244,2.506,2.3887203283955,93129,53.4411050262961,1164400024.41406,1739000,57852159007.6243,0.43799171066715253,7.245543415756182,627077747.9892762,8.267321949723728,1.8806463648954992
Guatemala,GTM,2016,1202699951.17188,1906000,66053408205.8838,4060.13784737643,2.67780277623314,2.583,4.44844199942827,111830,53.6609232857043,1169500000,1865000,62186066547.6566,2.8388158334228306,2.1983914209115283,631007319.6074922,8.30921847130534,1.8207992347997388
Guatemala,GTM,2017,1217599975.58594,2120000,71653780740.4226,4324.99768915601,3.07985126948702,2.462,4.42453655182546,155524,53.7994723140017,1202699951.17188,1906000,66053408205.8838,1.238881268727223,11.227701993704093,574339611.1254433,8.372398072337182,1.6992822472227842
Guatemala,GTM,2018,1235099975.58594,2406000,73328356007.6152,4352.94593289707,3.40687348346576,2.283,3.75186186704508,145795,53.845962303542,1217599975.58594,2120000,71653780740.4226,1.4372536424845572,13.49056603773585,513341635.7381296,8.378837823916994,1.6843415601158083
Guatemala,GTM,2019,1227199951.17188,2560000,77172331693.4093,4511.99839552697,4.01789785040324,2.193,3.69998398008605,107350,54.1882267267974,1235099975.58594,2406000,73328356007.6152,-0.6396263112475613,6.400665004156276,479374980.92651564,8.41471704430444,1.5902071691280593
Guatemala,GTM,2020,298500000,594000,77719468248.3666,4477.61785000665,-1.78555175063326,2.1835,3.21444062197345,25217.454,54.5483167911628,1227199951.17188,2560000,77172331693.4093,-75.67633540769327,-76.796875,502525252.5252525,8.40706976218478,0.38407365197879295
Guatemala,GTM,2021,298500000,594000,86455522272.7383,4912.62240414681,8.04170378184928,2.174,4.26105127422813,1766.181,54.9047071553758,298500000,594000,77719468248.3666,0,0,502525252.5252525,8.499766709295752,0.34526423778730087
Guatemala,GTM,2022,298500000,594000,95641446500.6523,5358.70156997677,4.18451817243695,3.051,6.88512823344287,111622.09049999999,55.2581228215265,298500000,594000,86455522272.7383,0,0,502525252.5252525,8.586663575271672,0.3121031842591006
Guatemala,GTM,2023,298500000,594000,104368755054.601,5758.32760847852,3.5331575177533,2.344,6.20657592272126,221478,55.6082319565539,298500000,594000,95641446500.6523,0,0,502525252.5252525,8.658576012236773,0.28600513615769235
Heavily indebted poor countries (HIPC),HPC,2010,9910939980.87561,17437169.2644298,518754130151.746,812.08054988398,6.16805649826611,NA,4.69889064976226,14165092.2265473,31.7683238189164,NA,NA,NA,NA,NA,568380098.3163594,6.700830181988043,1.910527435796311
Heavily indebted poor countries (HIPC),HPC,2011,12202929229.3629,19068517.6045939,573517854715.366,873.222093086024,4.57034247802935,NA,6.4293968107234,17296028.4634335,32.176358845272,9910939980.87561,17437169.2644298,518754130151.746,23.125851361323623,9.35558011409511,639951646.0798728,6.77333445445719,2.1277331000303645
Heavily indebted poor countries (HIPC),HPC,2012,14148822902.1348,20446470.3779588,595155344078.424,881.192621901094,4.05986356692397,NA,6.31474450315177,18073364.0300627,32.5841925844927,12202929229.3629,19068517.6045939,573517854715.366,15.946119461953915,7.22632352413662,691993416.9854159,6.782410424340802,2.377332748989044
Heavily indebted poor countries (HIPC),HPC,2013,14889545709.9632,21285585.1472542,667314194885.704,960.685520477941,5.7671668343436,NA,5.16189898581494,18079383.818,33.0126257405067,14148822902.1348,20446470.3779588,595155344078.424,5.2352256647204065,4.103959039306656,699513102.7386354,6.868687495431587,2.231264646260589
Heavily indebted poor countries (HIPC),HPC,2014,15621715576.352,21852006.860836,705465847008.08,986.983783219797,5.4603033592272,NA,4.40535234185293,19361000.3208803,33.4544444212925,14889545709.9632,21285585.1472542,667314194885.704,4.91734187631309,2.6610577518225655,714886997.6034025,6.8956662838680165,2.2143829701472533
Heavily indebted poor countries (HIPC),HPC,2015,15163804029.4747,23619335.2534751,674606540074.897,917.296109229182,4.90684629199932,NA,3.55075967356746,20661772,33.8811007245147,15621715576.352,21852006.860836,705465847008.08,-2.931250057903246,8.08771662893157,642008077.9895641,6.82251989768268,2.2477997363902174
Heavily indebted poor countries (HIPC),HPC,2016,15777030392.8309,25289047.2324128,677200621773.188,894.708764701024,4.32522802984808,NA,4.38389195513915,20915140,34.3112319405726,15163804029.4747,23619335.2534751,674606540074.897,4.04401403608381,7.069258982180866,623868121.5561805,6.797615320741998,2.329742455274212
Heavily indebted poor countries (HIPC),HPC,2017,16462865233.7835,27119321.1667896,735068264238.844,943.132832332498,5.0460102323685,NA,4.5783374121255,23844385.43,34.7491017080037,15777030392.8309,25289047.2324128,677200621773.188,4.347046458529006,7.237417517378626,607052998.5810992,6.850266868463095,2.2396376003024203
Heavily indebted poor countries (HIPC),HPC,2018,19734803845.2177,29458450.954646,790373898773.381,985.478210719267,4.19381222105785,NA,3.01748181031406,26411525.9143882,35.1961108060605,16462865233.7835,27119321.1667896,735068264238.844,19.8746607286795,8.62532573536872,669919945.0643637,6.8941412377572755,2.4968946818518534
Heavily indebted poor countries (HIPC),HPC,2019,20858320354.982,29134874.0028677,811372254522.343,983.900062178744,4.20482798138602,NA,2.83514555687506,27353506.8673374,35.6138460414848,19734803845.2177,29458450.954646,790373898773.381,5.693071583463229,-1.098418081373242,715922792.4901596,6.892540176307692,2.5707460710819285
Heavily indebted poor countries (HIPC),HPC,2020,20858320354.982,29134874.0028677,816029422839.446,962.590226473892,-0.0187133746473904,NA,3.47617372722194,12330289.393,36.0300593848953,20858320354.982,29134874.0028677,811372254522.343,0,0,715922792.4901596,6.8706661279681205,2.5560745447637956
Heavily indebted poor countries (HIPC),HPC,2021,20858320354.982,29134874.0028677,924417463438.7,1061.41414950431,4.3943156092006,NA,4.37012190478157,19149959.028,36.4724990615456,20858320354.982,29134874.0028677,816029422839.446,0,0,715922792.4901596,6.968299097067507,2.256374547208579
Heavily indebted poor countries (HIPC),HPC,2022,20858320354.982,29134874.0028677,1002501492801.3,1121.48387311982,4.87387497765388,NA,9.65914753785069,28677964.067,36.9472479538651,20858320354.982,29134874.0028677,924417463438.7,0,0,715922792.4901596,7.023299252582086,2.08062736113214
Heavily indebted poor countries (HIPC),HPC,2023,20858320354.982,29134874.0028677,1060316071770.29,1155.90445279924,3.46266952839525,NA,7.12697482131851,34616841.448,37.3896717239115,20858320354.982,29134874.0028677,1002501492801.3,0,0,715922792.4901596,7.05350314193334,1.9671794958419537
High income,HIC,2010,736520251730.009,1124271992.40308,47537047603466,35778.2487328682,3.04667100533726,8.20892305496511,2.13371996141622,1850477782.09661,78.8495856198825,NA,NA,NA,NA,NA,655108600.6827677,10.485123359996779,1.5493605279691542
High income,HIC,2011,837141829240.137,1153167524.77879,51761995686417.4,38785.8817355705,2.03552867246736,7.89123232283032,3.41374547661777,1919235819.59471,78.9755394009323,736520251730.009,1124271992.40308,47537047603466,13.661752989653491,2.570154959917407,725949882.6076673,10.565837368844111,1.6172904814406277
High income,HIC,2012,871559959487.361,1215900943.44328,51943717152963.8,38693.845536167,1.48305392455038,7.78199834720174,2.710119177355,1958181258.34131,79.0761338947917,837141829240.137,1153167524.77879,51761995686417.4,4.111385794503293,5.440095850472725,716801779.1146799,10.563461679867338,1.6778929334625634
High income,HIC,2013,937965896093.325,1266070914.76608,52667085148262.9,39008.3249033591,1.61400125208043,7.70683361821194,1.50472330251876,2030135809.00007,79.1842546952044,871559959487.361,1215900943.44328,51943717152963.8,7.619204609287353,4.12615613083783,740847834.9466106,10.571555996618045,1.7809337529366986
High income,HIC,2014,996288300465.921,1315757995.17859,53550117992137.3,39447.7093246608,2.1571968834577,7.09221646338222,1.04119621178439,2122272920.86093,79.2816692842533,937965896093.325,1266070914.76608,52667085148262.9,6.2179664117332845,3.92451005966679,757197223.2862571,10.58275660900018,1.8604782544311198
High income,HIC,2015,969581840019.396,1349915164.10243,49977567874625.5,36586.4346902662,2.34425804200285,6.60063807791852,0.330027165141066,2248007510,79.3873774562132,996288300465.921,1315757995.17859,53550117992137.3,-2.6805956101296746,2.596006944210423,718253906.4698033,10.50746014596995,1.9400340617848872
High income,HIC,2016,989702994396.272,1403510281.67581,50927970256186.1,37057.8096501124,1.8460914027705,6.10983650773268,0.394769306686392,2366901655,79.4995354743216,969581840019.396,1349915164.10243,49977567874625.5,2.075240433182356,3.970258205745532,705162624.9681287,10.520261379790652,1.9433387771350559
High income,HIC,2017,1059774547836.21,1453128423.16718,53524059312874.9,38776.5615949516,2.49707966959029,5.60452309382761,1.58909413567799,2483414750,79.5646361553009,989702994396.272,1403510281.67581,50927970256186.1,7.0800587486028865,3.535288778371131,729305497.6698949,10.565597048917517,1.979996587406231
High income,HIC,2018,1147990968330.66,1491870217.10045,56920619917132.1,41094.8560877186,2.38261992266793,5.10363125324516,1.88110801380597,2607490599.83649,79.6245241556878,1059774547836.21,1453128423.16718,53524059312874.9,8.324074273586342,2.666095667499912,769497879.3543165,10.623662570284797,2.0168279439014594
High income,HIC,2019,1152146571725.37,1522430052.79407,57456170925405.3,41342.2066107349,1.89457512942988,4.78355102406999,1.61519988737213,2717436455.22308,79.6868467579363,1147990968330.66,1491870217.10045,56920619917132.1,0.36198920630473563,2.048424544127911,756781285.0323535,10.629663397008814,2.0052616684484406
High income,HIC,2020,1152146571725.37,1522430052.79407,55889737341875.4,40108.2348602411,-3.89094841671781,6.49564324731835,0.598986330824643,930341104.7185,79.7425272244963,1152146571725.37,1522430052.79407,57456170925405.3,0,0,756781285.0323535,10.599361882547273,2.061463564728768
High income,HIC,2021,1152146571725.37,1522430052.79407,62745314846357.3,45081.6648348437,5.85360693187751,5.60347822244983,2.51837109614213,1346415630.068,79.8087649305671,1152146571725.37,1522430052.79407,55889737341875.4,0,0,756781285.0323535,10.716253079868064,1.8362272538540916
High income,HIC,2022,1152146571725.37,1522430052.79407,65081334214971.5,46553.1150181383,3.04532150391606,4.5358001898527,7.53107834634288,2141202835.091,79.9046308853316,1152146571725.37,1522430052.79407,62745314846357.3,0,0,756781285.0323535,10.748370678758173,1.7703179961241897
High income,HIC,2023,1152146571725.37,1522430052.79407,68449582732271.4,48608.1947665895,1.82733765954541,4.36662883733565,4.85604044667119,2587745705.00096,80.0174997946605,1152146571725.37,1522430052.79407,65081334214971.5,0,0,756781285.0323535,10.791567984722077,1.6832046679258665
Honduras,HND,2010,626700012.207031,1965000,15839344591.9842,1893.32722662035,3.73114034433009,4.119,4.69889064976226,501520,51.3273733161098,NA,NA,NA,NA,NA,318931303.9221532,7.546619028949885,3.9566031824585997
Honduras,HND,2011,641500000,1852000,17710275685.4074,2073.66121088074,3.83569066207505,4.474,6.7622795731476,423655.325587164,51.9908892304951,626700012.207031,1965000,15839344591.9842,2.36157451806141,-5.750636132315521,346382289.41684663,7.637553147469793,3.62219093251367
Honduras,HND,2012,683700012.207031,1903000,18528554397.5695,2126.03474686503,4.12868774866939,3.755,5.19618615531848,422016.887644915,52.6641557109031,641500000,1852000,17710275685.4074,6.578333937183323,2.75377969762419,359274835.63165057,7.662484151157557,3.6899803273196317
Honduras,HND,2013,618000000,1857000,18499729214.904,2081.12843527945,2.79155975746801,5.646,5.16189898581494,372972,53.356379133253,683700012.207031,1903000,18528554397.5695,-9.609479455023969,-2.417235943247504,332794830.3715671,7.641145935686984,3.340589436855749
Honduras,HND,2014,706000000,2082000,19756533971.8698,2179.88171977271,3.0580805621437,7.078,6.12924930313022,239124,53.8768089124249,618000000,1857000,18499729214.904,14.239482200647249,12.116316639741518,339097022.0941403,7.687484532623134,3.5735013085049885
Honduras,HND,2015,671000000,2093000,20979791685.416,2271.20265980349,3.84007997093951,6.147,3.15783117980923,276689,54.3828473751434,706000000,2082000,19756533971.8698,-4.957507082152975,0.5283381364073007,320592451.02723366,7.72850497472023,3.198315836788992
Honduras,HND,2016,585000000,2228000,21717604952.1835,2307.34468351082,3.89297219726413,6.727,2.72461223295289,275587,54.8868414578857,671000000,2093000,20979791685.416,-12.816691505216097,6.4500716674629714,262567324.95511666,7.74428595941974,2.69366719437073
Honduras,HND,2017,610000000,2144000,23136247990.5977,2413.0076562942,4.84291391050387,5.528,3.93436084442044,248964,55.3877322339915,585000000,2228000,21717604952.1835,4.273504273504273,-3.7701974865350087,284514925.3731343,7.789043573273905,2.636555418354337
Honduras,HND,2018,601000000,2323000,24067750760.499,2464.64241531918,3.84499476966735,5.648,4.34734937777528,411989,55.8852577716247,610000000,2144000,23136247990.5977,-1.4754098360655739,8.348880597014926,258717176.06543264,7.810207667256617,2.4971174331187873
Honduras,HND,2019,556000000,2315000,24882225741.8119,2502.32744328073,2.55963434592314,5.698,4.36587159819267,321243,56.3791561389766,601000000,2323000,24067750760.499,-7.487520798668886,-0.34438226431338786,240172786.17710584,7.82537610320344,2.234526789400925
Honduras,HND,2020,189000000,669000,23352232483.755,2307.61494319511,-8.96508223267296,10.982,3.46841177951184,296278.5,56.8691654042685,556000000,2315000,24882225741.8119,-66.00719424460432,-71.10151187904967,282511210.76233184,7.744403031998427,0.8093444604556674
Honduras,HND,2021,189000000,669000,28144331506.6149,2735.14751503977,12.5652843771279,8.506,4.48087963413445,271314,57.3550236357547,189000000,669000,23352232483.755,0,0,282511210.76233184,7.914306193604714,0.6715384231299948
Honduras,HND,2022,189000000,669000,31426041806.7985,3003.28996826399,4.14356194013767,8.774,9.08963911525025,351802,57.8364689017254,189000000,669000,28144331506.6149,0,0,282511210.76233184,8.007796535610375,0.6014120427953895
Honduras,HND,2023,189000000,669000,34355805527.9795,3227.45762509776,3.57584760454412,6.07,6.66325180347457,428443,58.3132392705102,189000000,669000,31426041806.7985,0,0,282511210.76233184,8.079759786720283,0.550125363371491
"Hong Kong SAR, China",HKG,2010,27208000000,36030000,228638668727.291,32550.136489179,6.76768834119794,4.329,2.29289088604673,28347688,100,NA,NA,NA,NA,NA,755148487.3716347,10.390567562209345,11.899999309588516
"Hong Kong SAR, China",HKG,2011,33169000000,41921000,248513617677.287,35142.4879344543,4.81470669259771,3.422,5.3052489299392,30293677,100,27208000000,36030000,228638668727.291,21.908997353719496,16.350263669164587,791226354.3331505,10.46719461505249,13.346954710173009
"Hong Kong SAR, China",HKG,2012,37098000000,48615000,262628865879.697,36730.796195815,1.70030613669923,3.285,4.05390950903844,32247332.0776827,100,33169000000,41921000,248513617677.287,11.845397811209262,15.968130531237327,763097809.3181117,10.511398040308324,14.125636904282093
"Hong Kong SAR, China",HKG,2013,42426000000,54299000,275696879834.966,38403.7777145477,3.10152391561608,3.4,4.33799342105267,34644497,100,37098000000,48615000,262628865879.697,14.361960213488597,11.691864650827934,781340356.1759886,10.555937150486015,15.38863988065316
"Hong Kong SAR, China",HKG,2014,46352000000,60839000,291459995978.893,40315.3739510191,2.76242639191302,3.296,4.42364532019699,37933773,100,42426000000,54299000,275696879834.966,9.253759487106963,12.044420707563676,761879715.3141899,10.604512966930786,15.903383187913283
"Hong Kong SAR, China",HKG,2015,42491000000,59308000,309385622601.348,42432.1619740441,2.38777942738729,3.314,2.99084819322581,41867157,100,46352000000,60839000,291459995978.893,-8.329737659647913,-2.516477917125528,716446347.8788697,10.655685457551343,13.733993080457662
"Hong Kong SAR, China",HKG,2016,37838000000,56655000,320860317562.562,43734.1980702999,2.17542886502997,3.392,2.40930743862224,43683583,100,42491000000,59308000,309385622601.348,-10.950554235014472,-4.473258245093411,667866913.7763658,10.685908504717597,11.792670495198356
"Hong Kong SAR, China",HKG,2017,38170000000,58472000,341273289534.466,46160.429791493,3.79611114629799,3.124,1.49387243939522,45580297,100,37838000000,56655000,320860317562.562,0.8774248110365241,3.207130879887036,652791079.4910384,10.739899875388,11.184584662945069
"Hong Kong SAR, China",HKG,2018,42313000000,65148000,361731070995.726,48537.5668888343,2.84695146463069,2.805,2.40613432046534,47101822,100,38170000000,58472000,341273289534.466,10.85407388001048,11.41743056505678,649490391.1094738,10.790113954510877,11.697363979136851
"Hong Kong SAR, China",HKG,2019,32697000000,55913000,363074545072.389,48359.0011950597,-1.6724459934221,2.917,2.88320853773996,46469864,100,42313000000,65148000,361731070995.726,-22.72587620825751,-14.175415975931724,584783502.9420707,10.786428329440469,9.0055886439191
"Hong Kong SAR, China",HKG,2020,32697000000,3569000,344943149590.058,46109.2299946609,-6.54480412699255,5.808,0.2509620210808,5878548,100,32697000000,55913000,363074545072.389,0,-93.6168690644394,9161389745.026619,10.738790113144523,9.478953282260631
"Hong Kong SAR, China",HKG,2021,32697000000,3569000,368954169748.818,49770.564237473904,6.45444409087024,5.174,1.56875834445922,777197,100,32697000000,3569000,344943149590.058,0,0,9161389745.026619,10.81519910068308,8.862076290467172
"Hong Kong SAR, China",HKG,2022,32697000000,3569000,358679533984.718,48825.8441873536,-3.68378414495199,4.318,1.88136707196853,3407434,100,32697000000,3569000,368954169748.818,0,0,9161389745.026619,10.796035526405928,9.11593690243645
"Hong Kong SAR, China",HKG,2023,32697000000,3569000,381043026173.935,50562.3633144379,3.2238599613664,2.949,2.09660511249089,25704485,100,32697000000,3569000,358679533984.718,0,0,9161389745.026619,10.830982547859048,8.580920723917087
Hungary,HUN,2010,6595000000,39904000,131898737241.166,13189.8433874768,1.06795068152046,11.172,4.85555795691956,12477063.1762511,69.5305480957031,NA,NA,NA,NA,NA,165271651.9647153,9.487278185098338,5.000047868495954
Hungary,HUN,2011,7239000000,41304000,141712804953.868,14211.460557822,1.91670916599742,11.029,3.9299209893507,13729553.5346856,69.4779934082031,6595000000,39904000,131898737241.166,9.76497346474602,3.508420208500401,175261475.88611272,9.561874362879708,5.108218697919728
Hungary,HUN,2012,6149000000,43565000,128470269689.958,12950.1594488143,-1.33948446518181,11.003,5.65214517088646,12289555.0764284,69.5772326660156,7239000000,41304000,141712804953.868,-15.057328360270755,5.474046097230293,141145414.89727995,9.468940595846842,4.786321391587024
Hungary,HUN,2013,6671000000,43611000,135646053778.582,13739.4620151401,2.03216990678146,10.177,1.73319984983101,13926540,69.9277636266638,6149000000,43565000,128470269689.958,8.48918523337128,0.10558934924824975,152965994.8178212,9.528100190767063,4.917946238885222
Hungary,HUN,2014,7483000000,45984000,141128696412.321,14352.501883174,4.33435364113967,7.725,-0.227566270988219,16482060,70.3071053512008,6671000000,43611000,135646053778.582,12.17208814270724,5.441287748503818,162730514.9617258,9.571749225087057,5.302252617807578
Hungary,HUN,2015,6929000000,48345000,125244126623.289,12782.9412577973,3.65981615406955,6.813,-0.0616446800641672,20043787,70.4847717285156,7483000000,45984000,141128696412.321,-7.403447815047441,5.134394572025052,143324025.23528802,9.45594507301719,5.532395160406317
Hungary,HUN,2016,7481000000,52890000,128983560865.293,13215.8605277789,2.43864141309342,5.115,0.394769306686392,21399963,70.4733810424805,6929000000,48345000,125244126623.289,7.966517534997836,9.401179025752404,141444507.4683305,9.489248606215098,5.799963925490441
Hungary,HUN,2017,8448000000,54962000,143335098991.862,14736.1668157258,4.12418389451805,4.156,2.34824281150154,26066294,70.4542541503906,7481000000,52890000,128983560865.293,12.926079401149579,3.917564757042919,153706197.00884247,9.598127936666453,5.8938808843182535
Hungary,HUN,2018,9618000000,57667000,161184691013.835,16605.0570511887,5.60613813768876,3.667,2.85024792594646,31226848,70.4711761474609,8448000000,54962000,143335098991.862,13.849431818181818,4.921582184054437,166785163.0915428,9.717522790392897,5.967067926552936
Hungary,HUN,2019,10225000000,61397000,164936682033.992,17012.8598553199,5.07718495088933,3.411,3.33858635382008,39803373,70.4565277099609,9618000000,57667000,161184691013.835,6.3110833853191926,6.4681707042155825,166539081.71409026,9.741783576480623,6.199348667564876
Hungary,HUN,2020,4224000000,31641000,158468487754.196,16386.9308821258,-4.33872540024058,4.248,3.32674385766738,14597294,70.2917327880859,10225000000,61397000,164936682033.992,-58.68948655256724,-48.46490870889457,133497677.06456813,9.704300421067302,2.6655141724782156
Hungary,HUN,2021,4224000000,31641000,183282685440.486,19030.628130329,7.22291580811137,4.021,5.11096534382855,20127200,70.2059275331413,4224000000,31641000,158468487754.196,0,0,133497677.06456813,9.853857512612047,2.3046366817729664
Hungary,HUN,2022,4224000000,31641000,177002580544.155,18428.028825614,4.15238057779229,3.583,14.6081439492433,41287305,70.1585064243445,4224000000,31641000,183282685440.486,0,0,133497677.06456813,9.821682353975044,2.3864058857301704
Hungary,HUN,2023,4224000000,31641000,213240316634.648,22230.6277875187,-0.817107370513455,4.096,17.1249659678737,55613579,70.2923026891431,4224000000,31641000,177002580544.155,0,0,133497677.06456813,10.009271229087094,1.9808636878161856
IDA only,IDX,2010,21911524412.5542,32648986.2388901,817513925511.557,877.624039786351,6.43380577712871,NA,4.82734190074673,23176564.3464176,30.4664366828355,NA,NA,NA,NA,NA,671124189.0400294,6.778357092636005,2.680263140330377
IDA only,IDX,2011,19403983284.7192,32417429.9202951,915782329910.959,961.368579226082,4.23955328462343,NA,6.7395240045165,28537959.851045,30.9333638048884,21911524412.5542,32648986.2388901,817513925511.557,-11.443937357449691,-0.7092297350389993,598566367.9208337,6.869397515775549,2.11884228936868
IDA only,IDX,2012,22364664025.4388,35988687.3227502,920881262225.338,945.581958388053,2.37913187875185,NA,6.05143662139967,29516939.8737304,31.4552181135266,19403983284.7192,32417429.9202951,915782329910.959,15.258108076454393,11.016472962957803,621435948.0486249,6.852857557907516,2.42861538646078
IDA only,IDX,2013,24552900672.4507,40041483.7963137,999810198192.524,1005.78892337076,4.86685793413926,NA,5.16189898581494,31190697.7034966,31.9824200381304,22364664025.4388,35988687.3227502,920881262225.338,9.784348401222918,11.261306746805209,613186584.1273116,6.914521261383755,2.4557561742056544
IDA only,IDX,2014,26791985091.8801,42827384.2085399,1065204216809.97,1049.32649145285,4.99599221130495,NA,4.40535234185293,33337428.6440473,32.383446795031396,24552900672.4507,40041483.7963137,999810198192.524,9.119429306133839,6.957535406024777,625580702.3240448,6.956856339059237,2.5151970550882385
IDA only,IDX,2015,25906385654.2697,46442583.3322505,1061259337746.72,1023.43894668408,3.01768618246332,NA,3.40274327737188,33464042,32.7380976919446,26791985091.8801,42827384.2085399,1065204216809.97,-3.305464057901412,8.441326012597598,557815345.2174542,6.931900372622658,2.441098488638459
IDA only,IDX,2016,26758326392.2471,46337010.2452196,1117475793614.79,1054.10011053311,4.19959381491357,NA,3.74103082110771,35128937,33.1218316185591,25906385654.2697,46442583.3322505,1061259337746.72,3.288535689026119,-0.2273195835718797,577472008.8896466,6.961390932908832,2.3945329773712376
IDA only,IDX,2017,28053764792.6281,50308715.5381637,1204284840620.16,1110.744251052,5.21800165910943,NA,4.31421134623784,41104603.6303111,33.5266826149303,26758326392.2471,46337010.2452196,1117475793614.79,4.841253452818103,8.571345608889041,557632300.7361774,7.013685458297607,2.329495800858998
IDA only,IDX,2018,32347248555.226,58328493.7275152,1285543472922.62,1159.06134313704,4.86177080819164,NA,3.01748181031406,47063739.1151822,33.950062765686,28053764792.6281,50308715.5381637,1204284840620.16,15.304483353072568,15.94113088271509,554570270.6868786,7.056228164716895,2.516231402247807
IDA only,IDX,2019,35608230395.6728,63144062.5081978,1346717595990.02,1186.40559680864,4.82215447558036,NA,3.09342088075364,45307285.7992447,34.362549702073,32347248555.226,58328493.7275152,1285543472922.62,10.081172235961176,8.255945718706192,563920485.6521528,7.079526035324405,2.6440755286557254
IDA only,IDX,2020,35608230395.6728,63144062.5081978,1360367078029.56,1170.98051516892,-0.368060971666011,NA,3.94180326908065,19490824.794,34.7524238206183,35608230395.6728,63144062.5081978,1346717595990.02,0,0,563920485.6521528,7.066450344716265,2.617545732380554
IDA only,IDX,2021,35608230395.6728,63144062.5081978,1492661491533.09,1256.19296430735,3.66758077651031,NA,4.37012190478157,24079604.701,35.1406165500882,35608230395.6728,63144062.5081978,1360367078029.56,0,0,563920485.6521528,7.136636708588433,2.385552960108867
IDA only,IDX,2022,35608230395.6728,63144062.5081978,1618275456730.5,1332.31730178708,4.30600397002799,NA,9.57337118555953,43323605.777,35.5511339217003,35608230395.6728,63144062.5081978,1492661491533.09,0,0,563920485.6521528,7.195425327701943,2.200381291551827
IDA only,IDX,2023,35608230395.6728,63144062.5081978,1655731054680.85,1333.20971979026,3.25506752972092,NA,7.12142371831339,52639595.157,35.9657912741954,35608230395.6728,63144062.5081978,1618275456730.5,0,0,563920485.6521528,7.196094425356254,2.1506047310646386
IDA total,IDA,2010,27268022051.1459,55256133.3363662,1598094607076.63,1109.84138279455,6.18810883117114,NA,3.99639528107218,44825565.7755834,34.5794774018143,NA,NA,NA,NA,NA,493484078.6841623,7.012873009685176,1.706283340823412
IDA total,IDA,2011,25740362369.8033,53613909.3169835,1804396546819.71,1224.50986155293,4.21798662977142,NA,6.33279483849042,52879150.5427477,35.0257888421889,27268022051.1459,55256133.3363662,1598094607076.63,-5.602385381958439,-2.972021240403894,480106052.65916353,7.111112249898606,1.4265357809053267
IDA total,IDA,2012,28635139134.617,58250533.3223872,1903781283580.33,1263.41124156596,3.43953249646631,NA,5.59607014268585,54908489.0932079,35.5089070615958,25740362369.8033,53613909.3169835,1804396546819.71,11.2460606545681,8.648173700579118,491585870.5728239,7.1423618711323416,1.5041191644013103
IDA total,IDA,2013,30741012593.1347,62020322.2939128,2071317823790.95,1346.32438528916,5.27366946982421,NA,4.88516387595471,56292311.3912287,35.9972352750717,28635139134.617,58250533.3223872,1903781283580.33,7.3541582899868345,6.471681470557053,495660316.7499483,7.205875967973918,1.4841282317974815
IDA total,IDA,2014,33902884985.3656,65941778.0346355,2229789153827.81,1419.34391837187,5.37559610535621,NA,3.52566203758282,58887388.9873868,36.4061620765395,30741012593.1347,62020322.2939128,2071317823790.95,10.285518027916332,6.322856115031163,514133619.01704144,7.258654317307109,1.5204525022989535
IDA total,IDA,2015,33715679043.3616,71927095.0490083,2166147593879.17,1350.30758062231,3.43306198935964,NA,3.15783117980923,60299703,36.7875012930537,33902884985.3656,65941778.0346355,2229789153827.81,-0.5521829250956379,9.076669135656376,468747959.58865094,7.20882798090199,1.556481152929337
IDA total,IDA,2016,33806058987.5273,71605647.798736,2153236905947.39,1314.0817741131,3.2147069999364,NA,3.21988689395718,63016688,37.1915834095229,33715679043.3616,71927095.0490083,2166147593879.17,0.2680650271034599,-0.44690703837443646,472114421.5124893,7.181654128315757,1.5700111257684939
IDA total,IDA,2017,37443652752.52,78201600.2766101,2268986582944.81,1355.23505457315,3.98520904781638,NA,3.85067166284727,67837424.6303111,37.6103588043171,33806058987.5273,71605647.798736,2153236905947.39,10.760182860518524,9.211497529375794,478809290.6037282,7.212467797558486,1.6502368517280368
IDA total,IDA,2018,42040713817.6538,93089667.6452262,2410821570722.89,1408.95016839901,4.36301999279465,NA,2.84578376094084,78259930.3957999,38.0402833464091,37443652752.52,78201600.2766101,2268986582944.81,12.277277261162554,19.038059727620524,451615253.1328725,7.2513096411867,1.743833485157004
IDA total,IDA,2019,45396369606.8399,100914423.764227,2701162201549.27,1544.27890067061,3.92770153634206,NA,2.74447528387472,76716656.1501955,38.4668213219761,42040713817.6538,93089667.6452262,2410821570722.89,7.9819191551809094,8.405611833121712,449850159.30827105,7.342959691273794,1.6806236064166196
IDA total,IDA,2020,45396369606.8399,100914423.764227,2618820711622.81,1464.52261402905,-1.8099801648997,NA,3.47617372722194,32976606.523,38.8919117214158,45396369606.8399,100914423.764227,2701162201549.27,0,0,449850159.30827105,7.289967190962666,1.7334661134060236
IDA total,IDA,2021,45396369606.8399,100914423.764227,2862019261419.67,1566.13709936781,3.97167918662413,NA,4.17270582217659,40900276.112,39.3219635762075,45396369606.8399,100914423.764227,2618820711622.81,0,0,449850159.30827105,7.357005730148386,1.586165761313625
IDA total,IDA,2022,45396369606.8399,100914423.764227,3075156030414.18,1647.52732460307,4.54563835706816,NA,8.21619710967436,68261686.475,39.7708012570462,45396369606.8399,100914423.764227,2862019261419.67,0,0,449850159.30827105,7.407637637808488,1.476229796402417
IDA total,IDA,2023,45396369606.8399,100914423.764227,2928257332685.53,1536.08719237098,3.04547759770905,NA,7.10220928557059,81071862.697,40.2218272005988,45396369606.8399,100914423.764227,3075156030414.18,0,0,449850159.30827105,7.337644470863195,1.5502862094844136
Indonesia,IDN,2010,7618000000,7003000,755094157621.936,3065.68348377765,6.22385418062366,5.614,5.13420639015885,59384361.605798,49.8521375148888,NA,NA,NA,NA,NA,1087819505.9260316,8.028351958194524,1.0088808028911032
Indonesia,IDN,2011,9038000000,7650000,892969104563.171,3579.46442466152,6.16978420771008,5.153,5.35604849112582,70912258.1090481,50.4830017089844,7618000000,7003000,755094157621.936,18.64006300866369,9.238897615307726,1181437908.496732,8.183247798539938,1.0121290819374174
Indonesia,IDN,2012,9463000000,8044000,917869913332.649,3632.27254030331,6.03005065305615,4.468,4.2795142691943,79405799.80957,51.1593933105469,9038000000,7650000,892969104563.171,4.702367780482407,5.150326797385621,1176404773.7444057,8.197889047382532,1.0309739825375968
Indonesia,IDN,2013,10302000000,8802000,912524136718.018,3566.60284506078,5.5572636889101,4.336,6.41249457900391,81721356,51.8307495117188,9463000000,8044000,917869913332.649,8.866110113071965,9.423172550969666,1170415814.5875938,8.179649177263643,1.1289564391197529
Indonesia,IDN,2014,11567000000,9435000,890814755533.537,3441.06808464008,5.006668425755,4.049,6.39492882396559,85215879.5097387,52.5002136230469,10302000000,8802000,912524136718.018,12.279169093379927,7.191547375596455,1225967143.6142023,8.14382775712207,1.2984742257746011
Indonesia,IDN,2015,12054000000,10407000,860854232686.214,3288.22269725538,4.87632230022123,4.514,6.36312061196646,90095131,53.1720771789551,11567000000,9435000,890814755533.537,4.210253306821129,10.302066772655008,1158258864.2260017,8.098406553612692,1.4002370601567047
Indonesia,IDN,2016,12566000000,11519000,931877364037.698,3521.46943457574,5.03306918280177,4.301,3.52580452815451,99274010,53.812557220459,12054000000,10407000,860854232686.214,4.247552679608429,10.685115787450753,1090893306.7106519,8.166917566538805,1.3484606971837183
Indonesia,IDN,2017,14691000000,14040000,1015618744159.73,3798.88326174526,5.06978590134916,3.783,3.80879857691949,108393123,54.4541015625,12566000000,11519000,931877364037.698,16.91071144357791,21.885580345516104,1046367521.3675214,8.242725624649237,1.4465073714403103
Indonesia,IDN,2018,17915000000,15810000,1042271532988.63,3860.95353090726,5.17429153955024,4.387,3.19834755924996,115154100.909,55.0956840515137,14691000000,14040000,1015618744159.73,21.9454087536587,12.606837606837606,1133143580.0126503,8.258928430525406,1.7188419171950495
Indonesia,IDN,2019,18405000000,16107000,1119099871350.2,4106.94856160358,5.01928768046282,3.59,3.03058460941661,91323153,55.7382049560547,17915000000,15810000,1042271532988.63,2.735138152386268,1.8785578747628084,1142670888.4336004,8.320679049451938,1.6446253342692525
Indonesia,IDN,2020,3533000000,4053000,1059054842698.48,3853.70288774146,-2.06551182934165,4.255,1.91983527270793,37523686.817,56.2785287648768,18405000000,16107000,1119099871350.2,-80.80412931268677,-74.83702737940025,871699975.3269184,8.257049211105436,0.3335993432594943
Indonesia,IDN,2021,3533000000,4053000,1186509691086.73,4287.17313995098,3.7028856282775102,3.827,1.56007882983334,33549828,56.8761702464027,3533000000,4053000,1059054842698.48,0,0,871699975.3269184,8.3636160797225525,0.2977641081687338
Indonesia,IDN,2022,3533000000,4053000,1319101183380.15,4730.83484836107,5.30719722664799,3.462,4.20946463714784,58991326,57.4934704226599,3533000000,4053000,1186509691086.73,0,0,871699975.3269184,8.462068323466625,0.26783388905366706
Indonesia,IDN,2023,3533000000,4053000,1371169301563.62,4876.30774512252,5.04902331835997,3.308,3.66938654859761,97045784.754,58.1179353397878,3533000000,4053000,1319101183380.15,0,0,871699975.3269184,8.492348655036148,0.25766329482224587
Ireland,IRL,2010,8185000000,7134000,221732824603.484,48623.9666422487,1.68297175486512,14.534,-0.918388645376774,84784226,61.8910689348512,NA,NA,NA,NA,NA,1147322680.123353,10.79189239489992,3.69137948548525
Ireland,IRL,2011,9532000000,7630000,240975871046.644,52613.8540355689,1.60886648916944,15.354,2.5489783020855,89956333.5096866,62.0872735820277,8185000000,7134000,221732824603.484,16.45693341478314,6.952621250350434,1249279161.2057667,10.870753754973,3.9555827554846594
Ireland,IRL,2012,9255000000,7550000,226921827888.137,49335.8408099555,-0.40502941658977,15.451,1.69474116680366,92637189.1903926,62.2529318511038,9532000000,7630000,240975871046.644,-2.906000839278221,-1.0484927916120577,1225827814.5695364,10.806426359049933,4.078497025223298
Ireland,IRL,2013,10165000000,8260000,242924245718.756,52537.6108648692,2.1929375750029,13.735,0.515099484900573,93408036,62.4047157756118,9255000000,7550000,226921827888.137,9.832522960561858,9.403973509933774,1230629539.9515738,10.869303623317657,4.184432052026813
Ireland,IRL,2014,11101000000,8813000,266490442124.309,57214.5379785709,9.38579335130922,11.858,0.190916398713745,98449140,62.535401730577,10165000000,8260000,242924245718.756,9.208066896212493,6.694915254237288,1259616475.6609554,10.954580783461623,4.165627821962091
Ireland,IRL,2015,11476000000,9528000,302101388556.271,64250.1385181257,24.6239856364006,9.908,-0.330959783371788,115928738,62.6392123492764,11101000000,8813000,266490442124.309,3.3780740473831186,8.113014864404857,1204450041.981528,11.070554722726937,3.7987246781099846
Ireland,IRL,2016,12649000000,10100000,305431252708.748,64129.5571542383,1.22271661130947,8.374,0.0201247735963237,134065078,62.7229399123734,11476000000,9528000,302101388556.271,10.221331474381318,6.00335852225021,1252376237.6237624,11.06867623999287,4.141357470075856
Ireland,IRL,2017,14294000000,10338000,348355212568.515,72161.4047531385,10.1088576065965,6.713,0.362173038229378,153944513,62.9035196521232,12649000000,10100000,305431252708.748,13.004980630879912,2.3564356435643563,1382665892.8225963,11.186674479474169,4.103282937725135
Ireland,IRL,2018,15276000000,10926000,395780319816.603,80804.1123164826,7.68865937437435,5.741,0.471130713712916,167598633,63.0844503476779,14294000000,10338000,348355212568.515,6.870015391073178,5.6877539175856064,1398132894.014278,11.299795513751242,3.8597169275820997
Ireland,IRL,2019,14808000000,10951000,407211793800.713,81827.6688873996,4.97288003766816,4.95,0.937842961189274,170161848,63.2737009154127,15276000000,10926000,395780319816.603,-3.063629222309505,0.2288120080541827,1352205278.0567985,11.312382936584767,3.6364369169638895
Ireland,IRL,2020,4160000000,10951000,436009027818.948,86514.0706108754,7.15369505735335,5.623,-0.326183651280033,54582262,63.4713366724915,14808000000,10951000,407211793800.713,-71.90707725553754,0,379873984.11104006,11.368073904459582,0.9541086845860982
Ireland,IRL,2021,4160000000,10951000,530394123829.763,103783.446284479,16.2581881158197,6.357,2.34034113447044,74065210,63.6774229356985,4160000000,10951000,436009027818.948,0,0,379873984.11104006,11.550071395369551,0.7843224148039782
Ireland,IRL,2022,4160000000,10951000,548341794599.09,105190.685952731,7.51113888415304,4.465,7.82945736434105,169377735,63.8920250215059,4160000000,10951000,530394123829.763,0,0,379873984.11104006,11.563539545295066,0.7586509073308022
Ireland,IRL,2023,4160000000,10951000,567372737459.116,106818.917130804,-2.53637409313261,4.243,6.29942487419125,192528432,64.1152082461268,4160000000,10951000,548341794599.09,0,0,379873984.11104006,11.578899678109936,0.7332040694499818
Israel,ISR,2010,5638000000,3444000,239679036634.372,31439.0887027614,5.53434033902194,6.637,2.70270270270273,5084798,91.7316426703946,NA,NA,NA,NA,NA,1637049941.9279907,10.355839067873813,2.352312525605113
Israel,ISR,2011,5886000000,3362000,268094998225.028,34522.5215979073,5.51879621371651,5.603,3.48837209302323,5151469,91.7304024673781,5638000000,3444000,239679036634.372,4.398722951401206,-2.380952380952381,1750743604.9970255,10.449396156155926,2.1954904190564317
Israel,ISR,2012,6183000000,3520000,263589172712.391,33321.4300881602,2.44716836741318,6.762,1.67553715750052,5381980,91.7276502819515,5886000000,3362000,268094998225.028,5.045871559633028,4.699583581201665,1756534090.909091,10.413986025438916,2.3456957417391466
Israel,ISR,2013,6600000000,3540000,298478070673.058,37034.3161080785,4.08570918638205,6.137,1.58976347421476,5565864,91.7227831465406,6183000000,3520000,263589172712.391,6.744298884036875,0.5681818181818182,1864406779.661017,10.51962722579853,2.21121772367304
Israel,ISR,2014,6616000000,3251000,315017088116.716,38343.3046626235,3.77582843213109,5.789,0.467557251908503,5886728,91.7151980935716,6600000000,3540000,298478070673.058,0.24242424242424243,-8.163841807909604,2035066133.4973855,10.55436128631759,2.1002035284983416
Israel,ISR,2015,6605000000,3109000,303469434072.296,36213.1041481958,2.23760317482488,5.176,-0.617342577642765,6331198,91.7042921554705,6616000000,3251000,315017088116.716,-0.16626360338573154,-4.367886804060289,2124477323.8983595,10.497203939286205,2.1764959690887618
Israel,ISR,2016,6616000000,3070000,321940971558.016,37671.5389138798,4.45978271860821,4.723,-0.535168195718695,6866472,91.6894623646632,6605000000,3109000,303469434072.296,0.16654049962149886,-1.2544226439369572,2155048859.9348536,10.536686697243658,2.0550351103129945
Israel,ISR,2017,7602000000,3863000,358451839052.991,41138.470964272,4.3469311670646,4.14,0.249807840123008,6993888,91.6701057535759,6616000000,3070000,321940971558.016,14.903264812575575,25.830618892508145,1967900595.3921824,10.624723303723973,2.1207869989128927
Israel,ISR,2018,8048000000,4389000,376299083108.497,42362.6652754196,4.00389862187025,3.917,0.805060379528526,7404373,91.6456193546346,7602000000,3863000,358451839052.991,5.866877137595369,13.61636034170334,1833675096.8329914,10.654046322776166,2.1387243183049556
Israel,ISR,2019,8459000000,4905000,400645216358.857,44250.6313628073,3.71049632750405,3.731,0.817645940292794,7068458,91.6154002002652,8048000000,4389000,376299083108.497,5.106858846918489,11.756664388243337,1724566768.6034658,10.697647516712603,2.1113443152715177
Israel,ISR,2020,2661000000,4905000,410768352657.612,44575.5719045492,-2.02161548237589,4.169,-0.575254620897756,1249361,91.5788453228939,8459000000,4905000,400645216358.857,-68.54238089608701,0,542507645.2599388,10.704963706373155,0.6478103736044205
Israel,ISR,2021,2661000000,4905000,489851549972.347,52270.9040241956,9.38837403354628,4.812,1.47965474722561,2437207,91.5353517549466,2661000000,4905000,410768352657.612,0,0,542507645.2599388,10.864214297754753,0.5432257997652999
Israel,ISR,2022,2661000000,4905000,525181008025.57,54949.621556429,6.26326343841286,3.695,4.41162725488371,5520059,91.4979834273327,2661000000,4905000,489851549972.347,0,0,542507645.2599388,10.914190271076786,0.506682450304913
Israel,ISR,2023,2661000000,4905000,512184638998.974,52003.7200729997,1.82652049482384,3.371,4.22522603168918,7377778,91.5089569794505,2661000000,4905000,525181008025.57,0,0,542507645.2599388,10.85908976407877,0.5195392046900748
Japan,JPN,2010,15356000000,8611000,5759071769013.11,44968.1562349739,4.09791791943181,5.102,-0.728243207517779,109617020.965748,90.6228586840649,NA,NA,NA,NA,NA,1783300429.6829636,10.713732116746254,0.2666401916125356
Japan,JPN,2011,12533000000,6219000,6233147172341.35,48760.0789494211,0.0238095237995424,4.55,-0.27245561610124,89788818,90.8631654434251,15356000000,8611000,5759071769013.11,-18.383693670226624,-27.778422947392873,2015275767.808329,10.794687711107184,0.20107017616419035
Japan,JPN,2012,16197000000,8358000,6272362996105.03,49145.2804308193,1.37475099905274,4.358,-0.0440645104432602,98907859,91.0265277326652,12533000000,6219000,6233147172341.35,29.234820075001995,34.394597202122526,1937903804.7379754,10.802556444803544,0.2582280395770765
Japan,JPN,2013,16865000000,10364000,5212328181166.18,40898.6478964744,2.00510017681211,4.038,0.335037912184741,107573000,91.1516595654317,16197000000,8358000,6272362996105.03,4.124220534666914,24.000957166786314,1627267464.299498,10.61887673310568,0.3235598261241239
Japan,JPN,2014,20790000000,13413000,4896994405353.29,38475.3952461838,0.296205514141889,3.589,2.75922671353253,110547000,91.2548945132333,16865000000,10364000,5212328181166.18,23.27305069670916,29.41914318795832,1549988816.8195035,10.557800221758049,0.42454612521657803
Japan,JPN,2015,27285000000,19737000,4444930651964.18,34960.6393843385,1.56062669680782,3.385,0.795279630579839,114128000,91.3532644103625,20790000000,13413000,4896994405353.29,31.24098124098124,47.14828897338403,1382428940.5684755,10.462006721814717,0.6138453473496369
Japan,JPN,2016,33456000000,24039000,5003677627544.24,39375.4731620781,0.753826745789127,3.132,-0.127258844489754,117708000,91.4541254852142,27285000000,19737000,4444930651964.18,22.61682242990654,21.796625626994985,1391738425.0592785,10.580923789068141,0.6686282068978913
Japan,JPN,2017,36978000000,28691000,4930837369151.42,38834.0529341227,1.67533175173359,2.822,0.484199796126385,123898000,91.5498419685883,33456000000,24039000,5003677627544.24,10.52725968436155,19.351886517742003,1288836220.4175525,10.567078543904774,0.749933474410327
Japan,JPN,2018,45276000000,31191000,5040880939324.86,39751.1330982711,0.643391023533141,2.467,0.989094598021848,126387527,91.6377318609728,36978000000,28691000,4930837369151.42,22.44036994969982,8.713533860792582,1451572569.0102916,10.590418781492266,0.8981763414960549
Japan,JPN,2019,49209000000,31881000,5117993853016.51,40415.9567649547,-0.402169200894946,2.351,0.46877615938395,130233352,91.7164207898107,45276000000,31191000,5040880939324.86,8.686721441823481,2.2121765894007885,1543521219.5351462,10.607004697795462,0.961490017636433
Japan,JPN,2020,11395000000,4115799.8046875,5054068005376.28,40028.7341726762,-4.16876457146743,2.809,-0.024995834027731,51131122,91.7809926267889,49209000000,31881000,5117993853016.51,-76.84366680891706,-87.09011698288165,2768599188.6734123,10.597377811262001,0.225461944474798
Japan,JPN,2021,11395000000,4115799.8046875,5039148168861.22,40094.5599795288,2.69657404187188,2.808,-0.233352779398264,45410146,91.8741049279527,11395000000,4115799.8046875,5054068005376.28,0,0,2768599188.6734123,10.599020883461815,0.22612948891667772
Japan,JPN,2022,11395000000,4115799.8046875,4262463317796.53,34065.6438962526,0.941998775483285,2.614,2.49770278172255,86456115,91.9776532428406,11395000000,4115799.8046875,5039148168861.22,0,0,2768599188.6734123,10.43607399967595,0.2673336789181008
Japan,JPN,2023,11395000000,4115799.8046875,4213167237905.83,33836.1756271617,1.47503481053384,2.574,3.26813365933163,120305972,92.0826903891473,11395000000,4115799.8046875,4262463317796.53,0,0,2768599188.6734123,10.429315347682643,0.2704616113378857
Jordan,JOR,2010,4390000000,8078000,27133804225.3521,3718.46571622945,2.31483422063046,12.5,4.84551875852116,3077036.69608937,82.2601083887084,NA,NA,NA,NA,NA,543451349.343897,8.22133531228268,16.179080395583686
Jordan,JOR,2011,4351000000,6813000,29524149154.9296,3946.85503855525,2.73717988632104,12.9,4.1624416292779,3267109.73620486,83.5505043825064,4390000000,8078000,27133804225.3521,-0.8883826879271071,-15.65981678633325,638632027.0071921,8.28092768218809,14.737088534432907
Jordan,JOR,2012,5123000000,6314000,31634561690.1408,4169.50470054618,2.42935800100238,12.2,4.5152295667099,3438356,84.9592629639423,4351000000,6813000,29524149154.9296,17.74304757527005,-7.324233083810363,811371555.2739943,8.335792338775187,16.194313201426873
Jordan,JOR,2013,5145000000,5389000,34454440140.8451,4311.21916713038,2.60994737548631,12.6,4.82462314269537,3294911,86.4627110188335,5123000000,6314000,31634561690.1408,0.4294358774155768,-14.649984162179283,954722583.0395249,8.369207938553753,14.932763321557205
Jordan,JOR,2014,5518000000,5327000,36847643521.1268,4191.18050084986,3.38407809933472,11.9,2.89947905006057,3211795,88.0371754329978,5145000000,5389000,34454440140.8451,7.2497570456754135,-1.1504917424383003,1035855077.9050122,8.340976283482732,14.975177440685519
Jordan,JOR,2015,4968000000,4809000,38587017887.3239,4042.75678097555,2.49652879315188,13.075,-0.876851359704049,3065145,89.8881391939133,5518000000,5327000,36847643521.1268,-9.967379485320768,-9.724047306176084,1033063006.8621335,8.304929435150568,12.87479642637018
Jordan,JOR,2016,4943000000,4236000,39892551126.7606,3986.71677010853,1.9941808493012,15.275,-0.778430463054142,3181283,90.56272794707,4968000000,4809000,38587017887.3239,-0.5032206119162641,-11.915159076731129,1166902738.4324834,8.29097410802518,12.390784395546346
Jordan,JOR,2017,5549000000,4565000,41608435915.493,4065.61628749384,2.47359815449045,18.12,3.32389447576097,3381677,90.8764609714428,4943000000,4236000,39892551126.7606,12.259761278575763,7.766761095372994,1215553121.5772178,8.310566553655315,13.336237899617412
Jordan,JOR,2018,6221000000,4922000,43370860704.2254,4145.43989673265,1.91907091341564,18.257,4.46231108475481,3383805,91.2008859099729,5549000000,4565000,41608435915.493,12.110290142367994,7.8203723986856515,1263917106.8671272,8.330005388846534,14.34373194118769
Jordan,JOR,2019,6765000000,5361000,44503006338.0282,4170.1144003465,1.75124077866225,16.801,0.761514047265601,3478444,91.515966492507,6221000000,4922000,43370860704.2254,8.7445748271982,8.919138561560342,1261891438.1645217,8.335938521379315,15.201220224574469
Jordan,JOR,2020,1745000000,1240000,43700383098.5916,4022.0401356135,-1.10275188309046,19.213,0.333294350628378,816253,91.8216722992319,6765000000,5361000,44503006338.0282,-74.20546932742054,-76.86998694273457,1407258064.516129,8.299793148438303,3.9931000056982087
Jordan,JOR,2021,1745000000,1240000,46296100140.8451,4183.49998326866,3.65564358999147,19.837,1.34609377243118,1695302,92.117972910453,1745000000,1240000,43700383098.5916,0,0,1407258064.516129,8.339142497474521,3.7692159700088
Jordan,JOR,2022,1745000000,1240000,48764963380.2817,4332.25159897931,2.64743514912058,18.2,4.22915568897117,3179936,92.4048379066163,1745000000,1240000,46296100140.8451,0,0,1407258064.516129,8.374073485823674,3.5783888247634725
Jordan,JOR,2023,1745000000,1240000,51088476338.0282,4466.08314208575,2.88408339281683,16.62,2.08486986327134,3731345,92.682236868336,1745000000,1240000,48764963380.2817,0,0,1407258064.516129,8.40449093368971,3.415643066851638
Kazakhstan,KAZ,2010,1236000000,4097000,148047348240.643,8793.07589980782,7.30000000329814,5.77,7.40046356341397,3098327,54.2054127497102,NA,NA,NA,NA,NA,301684159.14083475,9.08183358056635,0.8348680436956888
Kazakhstan,KAZ,2011,1524000000,5685000,192626464617.071,11287.1464926039,7.40000000144188,5.39,8.452904661768,3786453.06391046,54.3996086425518,1236000000,4097000,148047348240.643,23.300970873786408,38.76006834268978,268073878.62796837,9.331508471177347,0.7911685463519323
Kazakhstan,KAZ,2012,2154000000,6163000,207998568865.789,12018.7966527993,4.79999999528297,5.29,5.19568369035063,4064819.02272334,54.69208192838,1524000000,5685000,192626464617.071,41.338582677165356,8.408091468777485,349505111.1471686,9.394310290541712,1.0355840483642307
Kazakhstan,KAZ,2013,2365000000,6841000,236634603409.089,13478.459627612,5.99999999671084,5.2,5.94283871648418,4785588,55.0779764821252,2154000000,6163000,207998568865.789,9.79572887650882,11.001135810481909,345709691.5655606,9.50892229669039,0.9994311761375986
Kazakhstan,KAZ,2014,2239000000,6333000,221415613595.469,12427.7094576939,4.20000000566705,5.06,6.84944977003349,4918608,55.5524361787178,2365000000,6841000,236634603409.089,-5.3276955602537,-7.425814939336354,353544923.41702193,9.427764354311202,1.0112204661820734
Kazakhstan,KAZ,2015,1833000000,6430000,184388404706.042,10196.1226255982,1.20000000053288,4.93,6.67828585615244,5081632,56.1106048930882,2239000000,6333000,221415613595.469,-18.133095131755248,1.5316595610295278,285069984.4479005,9.229860863946346,0.9940972171879399
Kazakhstan,KAZ,2016,2038000000,6509000,137278320084.171,7475.56688689424,1.09999999910173,4.96,14.3610942386248,5007869,56.7476265001667,1833000000,6430000,184388404706.042,11.183851609383524,1.228615863141524,313104931.63312334,8.919528993268136,1.4845752765261244
Kazakhstan,KAZ,2017,2356000000,7701000,166805788827.233,8943.08416791984,4.10000000257358,4.9,7.44266321306792,6903190,57.4586448748837,2038000000,6509000,137278320084.171,15.603532875368009,18.313104931633124,305934294.24750036,9.0987476058962,1.4124210056284063
Kazakhstan,KAZ,2018,2651000000,8789000,179339977690.485,9472.48527327758,4.09999999309841,4.85,6.16366247577757,5920110,58.2388038921695,2356000000,7701000,166805788827.233,12.521222410865873,14.1280353200883,301627033.7922403,9.156252151553616,1.4781980203963474
Kazakhstan,KAZ,2019,2922000000,8515000,181667184854.501,9457.12614657136,4.50000000091883,4.8,5.33356098916675,7656866,59.0832474269546,2651000000,8789000,179339977690.485,10.22255752546209,-3.1175332802366595,343159130.94539046,9.154629560667358,1.60843577905402
Kazakhstan,KAZ,2020,589000000,2035000,171082365861.423,8781.50797787648,-2.49999999628,4.89,6.71815454861464,5282205,59.9871193541692,2922000000,8515000,181667184854.501,-79.8425735797399,-76.10099823840282,289434889.43488944,9.080517292522886,0.34427861517714275
Kazakhstan,KAZ,2021,589000000,2035000,197112255360.612,9983.60103576902,4.29999999729456,4.875,8.04147134028391,8765001,61.030254280267,589000000,2035000,171082365861.423,0,0,289434889.43488944,9.208799288694005,0.2988144998505745
Kazakhstan,KAZ,2022,589000000,2035000,225496328925.494,11255.3396437881,3.19999999970734,4.86,15.0278644440851,9756366.526,61.444157327248,589000000,2035000,197112255360.612,0,0,289434889.43488944,9.328686772804879,0.26120159153216677
Kazakhstan,KAZ,2023,589000000,2035000,261840101059.923,12879.4275257974,5.09999999973641,4.86,14.7249900200331,11884241.039,61.7560919499181,589000000,2035000,225496328925.494,0,0,289434889.43488944,9.463464192104162,0.22494644541296038
Kenya,KEN,2010,1620000000,1609000,45405615063.7551,1091.51873101194,8.05847360290906,2.757,3.96138889115385,4039583,31.8713287706458,NA,NA,NA,NA,NA,1006836544.4375389,6.99624107191379,3.5678406684400588
Kenya,KEN,2011,1844000000,1823000,46869473150.61,1096.14499807675,5.1211061197056,2.757,14.0224913014704,4508698.01161552,31.8673949025409,1620000000,1609000,45405615063.7551,13.82716049382716,13.300186451211932,1011519473.395502,7.000466628456539,3.934330548317675
Kenya,KEN,2012,2004000000,1711000,56396704671.5777,1285.00536171512,4.56867961444982,2.757,9.37777003547598,4653459.73514364,31.8558130142761,1844000000,1823000,46869473150.61,8.676789587852495,-6.14371914426769,1171244886.0315604,7.159296074085234,3.5533991066856743
Kenya,KEN,2013,1829000000,1520000,61671440407.8387,1370.87885214659,3.7978483925754,2.757,5.71749357037733,4516500,31.8324454433988,2004000000,1711000,56396704671.5777,-8.732534930139721,-11.163062536528345,1203289473.6842105,7.223936504202438,2.9657163638544213
Kenya,KEN,2014,1745000000,1350000,68285796514.2896,1482.81566253497,5.02011100232484,2.757,6.87815499275949,4448530.52817802,31.7931545274563,1829000000,1520000,61671440407.8387,-4.592673592126846,-11.18421052631579,1292592592.5925925,7.302372199391162,2.555436253328082
Kenya,KEN,2015,1596000000,1181000,70120446896.8359,1489.11959777284,4.96772112759767,2.757,6.58215429284779,4569473,31.7338026039958,1745000000,1350000,68285796514.2896,-8.538681948424069,-12.518518518518517,1351397121.0838273,7.306611662679923,2.2760836113154
Kenya,KEN,2016,1472000000,1340000,74815144163.8931,1554.12610314423,4.21351706814744,2.757,6.29724953814625,4848016,31.6502520105647,1596000000,1181000,70120446896.8359,-7.769423558897243,13.463166807790008,1098507462.686567,7.349311916594893,1.9675160910943073
Kenya,KEN,2017,1564000000,1449000,82036510877.2599,1667.48447230835,3.83795817364721,3.509333333333333,8.00564967709945,5109576,31.5383650847102,1472000000,1340000,74815144163.8931,6.25,8.134328358208954,1079365079.3650794,7.4196709917701495,1.9064682094293368
Kenya,KEN,2018,1784000000,2025000,92202979985.2863,1836.45275528993,5.64794640709219,4.261666666666667,4.6898064677633,5905365.1234425,31.3940041639796,1564000000,1449000,82036510877.2599,14.066496163682865,39.75155279503105,880987654.3209877,7.516135519349607,1.9348615416602475
Kenya,KEN,2019,1762000000,2049000,100378436207.371,1960.40808854893,5.11415885767801,5.014,5.23963795764792,6417534.056,31.1895566421135,1784000000,2025000,92202979985.2863,-1.2331838565022422,1.1851851851851851,859931673.9873109,7.581417906814777,1.7553570931907112
Kenya,KEN,2020,1762000000,2049000,100657505750.545,1927.66459027849,-0.272766327438816,5.2995,5.40516207933392,1865768,31.2063494632616,1762000000,2049000,100378436207.371,0,0,859931673.9873109,7.564583120274835,1.7504904247942383
Kenya,KEN,2021,1762000000,2049000,109703658904.994,2061.35622089594,7.59048947333467,5.585,6.10793603659176,2459106,31.2879334021971,1762000000,2049000,100657505750.545,0,0,859931673.9873109,7.631604404698149,1.6061451528484882
Kenya,KEN,2022,1762000000,2049000,114448978152.637,2109.56288513137,4.85998104287999,5.441,7.65986268272224,3728989,31.4307820066946,1762000000,2049000,109703658904.994,0,0,859931673.9873109,7.654709961097709,1.5395506612999865
Kenya,KEN,2023,1762000000,2049000,107500884685.013,1942.58802756191,5.71999241214208,5.441,7.67139634029402,5138290,31.6330340816429,1762000000,2049000,114448978152.637,0,0,859931673.9873109,7.572291042583731,1.6390562786183707
"Korea, Rep.",KOR,2010,14315000000,8798000,1192830015737.68,24071.2620526362,6.98166138853071,3.324,2.93928652655686,36987982,81.9685075986486,NA,NA,NA,NA,NA,1627074335.0761538,10.088815504451865,1.2000871717792243
"Korea, Rep.",KOR,2011,17329000000,9795000,1307103477219.1,26175.2398553363,3.6880320602952,2.992,4.0259650043609,39911749.5898122,81.9615408086376,14315000000,8798000,1192830015737.68,21.054837582954942,11.332120936576494,1769167942.8279734,10.17260740253807,1.3257557876647947
"Korea, Rep.",KOR,2012,18731000000,11140000,1335343586437.67,26600.5477433903,2.54766550568242,2.812,2.18707104433314,39969577.0157166,81.9087898200378,17329000000,9795000,1307103477219.1,8.090484159501415,13.731495661051557,1681418312.3877916,10.1887246789188,1.402710148177606
"Korea, Rep.",KOR,2013,19457000000,12176000,1434669686501.84,28449.3591104972,3.2913959543442,3.067,1.30134754547413,54530105,81.8269383502703,18731000000,11140000,1335343586437.67,3.8759276066413966,9.299820466786356,1597979632.0630748,10.255916061987897,1.3562006769266914
"Korea, Rep.",KOR,2014,22390000000,14202000,1556252422020.44,30667.0912467447,3.21468019683108,3.082,1.27477446401322,58289180,81.7315682816954,19457000000,12176000,1434669686501.84,15.074266330883487,16.63929040735874,1576538515.7020137,10.330978019982325,1.4387126203428924
"Korea, Rep.",KOR,2015,18711000000,13232000,1539212301135.55,30171.7906545222,2.92029267301234,3.546,0.70633177245575,66093149,81.639489860678,22390000000,14202000,1556252422020.44,-16.431442608307282,-6.830023940290101,1414071946.795647,10.31469582553944,1.2156217817513546
"Korea, Rep.",KOR,2016,20924000000,17242000,1579150518945.44,30832.0628072516,3.17152748983935,3.65,0.971685739912168,76859538,81.5559241797057,18711000000,13232000,1539212301135.55,11.827267382822939,30.305320435308342,1213548312.2607586,10.33634286097505,1.3250161874355773
"Korea, Rep.",KOR,2017,17173000000,13336000,1710196756713.17,33296.9845439195,3.433191763972,3.653,1.94433230786366,82818983,81.471030429984,20924000000,17242000,1579150518945.44,-17.926782641942268,-22.653984456559563,1287717456.5086982,10.41325214993025,1.0041534655348556
"Korea, Rep.",KOR,2018,23104000000,15347000,1824251454306.83,35363.9508228687,3.17611568177327,3.824,1.47583935002645,88157579,81.3823523035196,17173000000,13336000,1710196756713.17,34.53677284108775,15.079484103179364,1505440802.762755,10.473476518909777,1.2664920696899726
"Korea, Rep.",KOR,2019,25456000000,17503000,1751045752054.63,33826.9443301597,2.3138021059547502,3.746,0.383000303608136,92434079,81.2901063535619,23104000000,15347000,1824251454306.83,10.18005540166205,14.048348211376815,1454379249.2715535,10.429042495227343,1.4537598443747466
"Korea, Rep.",KOR,2020,11776000000,2519000,1744070276373.34,33645.7719545073,-0.700242317542106,3.931,0.537288023411737,30033310,81.1759595622913,25456000000,17503000,1751045752054.63,-53.73978629792583,-85.60818145460777,4674870980.547836,10.423672400441793,0.6752021497945189
"Korea, Rep.",KOR,2021,11776000000,2519000,1942313560965.9,37518.4635305697,4.61296795454287,3.639,2.49833333333339,34020088,81.1616526507785,11776000000,2519000,1744070276373.34,0,0,4674870980.547836,10.532615104792185,0.6062872770215264
"Korea, Rep.",KOR,2022,11776000000,2519000,1799363116866.52,34822.4048404971,2.72756456708991,2.857,5.08951365062842,46853301,81.1624941626873,11776000000,2519000,1942313560965.9,0,0,4674870980.547836,10.458044992588073,0.654453783653584
"Korea, Rep.",KOR,2023,11776000000,2519000,1844800934391.54,35674.095995632,1.58301467403629,2.675,3.5974562502901,76272453.877,81.1645551720421,11776000000,2519000,1799363116866.52,0,0,4674870980.547836,10.482208133179034,0.638334455521295
Kuwait,KWT,2010,574000000,5208000,115416245241.742,39212.252220155,-2.37054804425912,1.82,4.49640287769787,4563082,100,NA,NA,NA,NA,NA,110215053.76344086,10.576770035487524,0.4973303357753007
Kuwait,KWT,2011,644000000,5574000,154039231245.856,49169.6063813095,9.62863419534361,2.09,4.8394034987095,3722729.502639,100,574000000,5208000,115416245241.742,12.195121951219512,7.027649769585254,115536419.08862576,10.803051292673027,0.41807531418547317
Kuwait,KWT,2012,780000000,5729000,174047662680.041,52155.2225833921,6.62587485078971,2.36,3.25514600287211,3481039,100,644000000,5574000,154039231245.856,21.11801242236025,2.780767850735558,136149415.25571653,10.861998774181163,0.448153102425688
Kuwait,KWT,2013,619000000,6217000,174168116534.844,49651.0439275077,1.14946552780648,2.63,2.68229684085039,3244805,100,780000000,5729000,174047662680.041,-20.64102564102564,8.51806598010124,99565706.93260415,10.812794835343167,0.3554037399699176
Kuwait,KWT,2014,615000000,6528000,162650450684.725,44368.7813457751,0.500914669444924,2.9,2.90892672858625,3530851,100,619000000,6217000,174168116534.844,-0.6462035541195477,5.00241273926331,94209558.82352942,10.700313916386396,0.3781114638237867
Kuwait,KWT,2015,931000000,6941000,114585555688.511,29882.2126495698,0.592770817217982,2.2,3.27170166092133,3752995,100,615000000,6528000,162650450684.725,51.38211382113821,6.326593137254902,134130528.74225616,10.305052151859629,0.8124933325198748
Kuwait,KWT,2016,831000000,7055000,109406674124.652,27323.6890735517,2.92607584256388,2.16,3.19839776658374,4069935,100,931000000,6941000,114585555688.511,-10.741138560687432,1.6424146376602795,117788802.26789512,10.215545934152981,0.7595514685449665
Kuwait,KWT,2017,643000000,7407000,120687539805.505,29047.6536135703,-4.71222270495362,2.16,2.17183298510006,5731748,100,831000000,7055000,109406674124.652,-22.623345367027678,4.989369241672573,86809774.53759956,10.276727413996708,0.5327807667935165
Kuwait,KWT,2018,919000000,8508000,138646316350.727,32067.9623756889,2.74333045031415,2.16,0.543133148199567,6464847,100,643000000,7407000,120687539805.505,42.92379471228615,14.864317537464562,108015984.95533617,10.375643937180572,0.6628376607390343
Kuwait,KWT,2019,1198000000,8565000,140856394860.529,31707.8737443551,2.26381706595791,2.16,1.09184802655856,7385299,100,919000000,8508000,138646316350.727,30.359085963003263,0.6699576868829337,139871570.344425,10.364351849536613,0.8505116158809951
Kuwait,KWT,2020,524000000,2161000,111045470605.715,25236.0755848941,-4.81731593381585,2.16,2.101729548274,1823594,100,1198000000,8565000,140856394860.529,-56.26043405676127,-74.76941039112668,242480333.17908376,10.136069445635473,0.4718787692480923
Kuwait,KWT,2021,524000000,2161000,148350671489.144,34018.6342592913,1.67213054307859,2.16,3.42362947609188,2182888,100,524000000,2161000,111045470605.715,0,0,242480333.17908376,10.434693115136369,0.35321714067087673
Kuwait,KWT,2022,524000000,2161000,183502046693.878,39981.7691035833,6.75866711966617,2.16,3.98064961990313,7330465,100,524000000,2161000,148350671489.144,0,0,242480333.17908376,10.596203867876566,0.28555539812269665
Kuwait,KWT,2023,524000000,2161000,165384407116.233,34075.849012909,-1.6672059801285,2.16,3.64216403030709,9499895,100,524000000,2161000,183502046693.878,0,0,242480333.17908376,10.436373518127295,0.3168376082950372
Kyrgyz Republic,KGZ,2010,212000000,1224000,4794361863.01353,876.954476440354,-0.471566596791618,8.692,7.96772225579684,375602,35.267768240398,NA,NA,NA,NA,NA,173202614.37908497,6.777594743134131,4.421860636667628
Kyrgyz Republic,KGZ,2011,405000000,3025000,6197765984.28468,1117.40174350185,5.95627429693504,7.455,16.6363262731495,526018.012476417,35.2466507961984,212000000,1224000,4794361863.01353,91.0377358490566,147.140522875817,133884297.52066116,7.019655930403447,6.5346126495730115
Kyrgyz Republic,KGZ,2012,486000000,3393000,6605142884.36215,1168.62244675446,-0.0881501998439376,5.908,2.76844236540957,494640.426821988,35.218916221918,405000000,3025000,6197765984.28468,20,12.165289256198347,143236074.27055705,7.064436280632882,7.357902902458292
Kyrgyz Republic,KGZ,2013,585000000,4134000,7335033800.59056,1269.66303464348,10.9154694528045,5.526,6.61375202358082,771165,35.1850529225105,486000000,3393000,6605142884.36215,20.37037037037037,21.839080459770116,141509433.96226415,7.1472941177415725,7.975423370958431
Kyrgyz Republic,KGZ,2014,468000000,3791000,7468102412.68237,1264.52668823891,4.02403863083252,5.051,7.5342472977589,712284,35.1455493029297,585000000,4134000,7335033800.59056,-20,-8.2970488630866,123450276.97177526,7.143243668849263,6.266652144529244
Kyrgyz Republic,KGZ,2015,482000000,4000000,6678177511.66313,1105.65193844261,3.87582544512439,4.2,6.50331838993384,967629,35.1008937681291,468000000,3791000,7468102412.68237,2.9914529914529915,5.513057240833554,120500000,7.009094464517668,7.217538005813849
Kyrgyz Republic,KGZ,2016,477000000,3853000,6813095379.1187,1103.27489428412,4.33585592190116,4.009,0.388838296895799,1015750,35.0515747230627,482000000,4000000,6678177511.66313,-1.0373443983402488,-3.675,123799636.64676875,7.006944194287834,7.001222989802057
Kyrgyz Republic,KGZ,2017,480000000,4568000,7702938379.42036,1221.39046807082,4.73993722377884,3.319,3.1753098637994,1122951,34.9980805726839,477000000,3853000,6813095379.1187,0.628930817610063,18.5569685958993,105078809.10683013,7.10856362066492,6.231388287908382
Kyrgyz Republic,KGZ,2018,518000000,6947000,8271106235.41552,1283.5203037417,3.75791013557165,4.559,1.54266145238436,1175000.704,34.9408997219466,480000000,4568000,7702938379.42036,7.916666666666666,52.07968476357267,74564560.241831,7.158140623152689,6.262765647743816
Kyrgyz Republic,KGZ,2019,708000000,8508000,9371275264.36735,1421.99927504102,4.60062565707598,5.45,1.13362257718804,867935,34.8805205758044,518000000,6947000,8271106235.41552,36.67953667953668,22.47013099179502,83215796.89703809,7.26052208863155,7.555001640940453
Kyrgyz Republic,KGZ,2020,195000000,8508000,8270468614.24051,1229.51766602907,-7.14897757727955,5.945,6.32542296338078,191774,34.8174315392111,708000000,8508000,9371275264.36735,-72.45762711864407,0,22919605.077574052,7.11519022651722,2.357786591006937
Kyrgyz Republic,KGZ,2021,195000000,8508000,9249133946.26531,1349.99730650542,5.50700762671923,5.149,11.9050398185147,171347.337,34.7521210171204,195000000,8508000,8270468614.24051,0,0,22919605.077574052,7.2085983442538595,2.108305503335679
Kyrgyz Republic,KGZ,2022,195000000,8508000,12134931017.9465,1739.72018344174,8.96750520041391,4.767,13.9229093174176,824742,34.7003053497743,195000000,8508000,9249133946.26531,0,0,22919605.077574052,7.462054205105941,1.606931260767878
Kyrgyz Republic,KGZ,2023,195000000,8508000,15180842369.4894,2138.2221021147798,9.0132928339342,3.498,10.7532770416742,804478.2,34.706439175362,195000000,8508000,12134931017.9465,0,0,22919605.077574052,7.668197538247735,1.2845136999242732
Lao PDR,LAO,2010,385000000,2513000,7131771014.70456,1125.91610151261,8.52690551739717,0.708,5.98254521550082,443778,30.6468600890172,NA,NA,NA,NA,NA,153203342.61838442,7.027240067180488,5.398378596370974
Lao PDR,LAO,2011,413000000,2724000,8750104617.17303,1361.54704394913,8.03865268023725,0.9676,7.5689885610998,532707,31.2146877128668,385000000,2513000,7131771014.70456,7.2727272727272725,8.39633903700756,151615271.6593245,7.217111053610419,4.71994356718253
Lao PDR,LAO,2012,461000000,3330000,10192846339.4029,1563.5650771337,8.02609843461283,1.2271999999999998,4.2551267783209,877949.881372257,31.7422801040872,413000000,2724000,8750104617.17303,11.62227602905569,22.24669603524229,138438438.43843845,7.355363158366373,4.522779846272121
Lao PDR,LAO,2013,613000000,3779000,11983252626.5452,1812.51774424651,8.02630022699017,1.4867999999999997,6.37142717782947,1476528,32.2264033448341,461000000,3330000,10192846339.4029,32.97180043383948,13.483483483483482,162212225.45646998,7.503023743205836,5.1154725607810985
Lao PDR,LAO,2014,642400024.414063,4159000,13279245886.3854,1981.03910900473,7.61196343979319,1.7464,4.12924306873771,1310124,32.6638235172635,613000000,3779000,11983252626.5452,4.796088811429524,10.055570256681662,154460212.65065232,7.591881446786444,4.837624289137429
Lao PDR,LAO,2015,725000000,4684000,14426380125.6488,2121.01339097363,7.27006584373785,2.006,1.27735427102992,1181188,33.1240204432199,642400024.414063,4159000,13279245886.3854,12.858028089472285,12.623226737196442,154782237.40392825,7.660120629697669,5.025515712781029
Lao PDR,LAO,2016,717000000,4239000,15912501722.6143,2303.22156035363,7.02283625501138,2.6369999999999996,1.59691227583204,1220201,33.8267455533474,725000000,4684000,14426380125.6488,-1.103448275862069,-9.500426985482493,169143665.95895258,7.742498180540314,4.505891106871173
Lao PDR,LAO,2017,655000000,3869000,17071155481.4994,2432.43059478511,6.8925308726989,3.268,0.825478607568026,1196041,34.5115346444216,717000000,4239000,15912501722.6143,-8.647140864714087,-8.728473696626562,169294391.3155854,7.79705730812921,3.8368814618895954
Lao PDR,LAO,2018,833000000,4186000,18141641089.7963,2545.1075420815,6.24796000755872,2.8562,2.04039266890201,1009414,35.2050070032013,655000000,3869000,17071155481.4994,27.175572519083968,8.193331610235203,198996655.51839465,7.842321017848811,4.591646344875149
Lao PDR,LAO,2019,974000000,4791000,18740561512.5555,2589.32081035237,5.4577350924848,2.4444,3.32255881256925,979307,35.9072880879451,833000000,4186000,18141641089.7963,16.926770708283314,14.452938365981844,203297850.13567102,7.859537012023862,5.197282906104255
Lao PDR,LAO,2020,227000000,886400.024414063,18981805250.2424,2583.77730696131,0.503031829018681,2.0326,5.10407262959919,386950,36.6185033569111,974000000,4791000,18740561512.5555,-76.69404517453799,-81.49864277991938,256092050.7082046,7.857394635054119,1.1958820407616455
Lao PDR,LAO,2021,227000000,886400.024414063,18827148530.9347,2526.05105018529,2.52835100486102,1.6208,3.75562036658877,157293,37.338778268357,227000000,886400.024414063,18981805250.2424,0,0,256092050.7082046,7.834808309077803,1.205705684145523
Lao PDR,LAO,2022,227000000,886400.024414063,15468785203.7532,2046.40440255621,2.70742652643155,1.209,22.9562225132056,461727.244,38.0682382805397,227000000,886400.024414063,18827148530.9347,0,0,256092050.7082046,7.624328124798983,1.4674714078059785
Lao PDR,LAO,2023,227000000,886400.024414063,15843155731.2552,2066.94979776957,3.74568140158232,1.209,31.2301341732646,842280.306,38.8070088517156,227000000,886400.024414063,15468785203.7532,0,0,256092050.7082046,7.634312959593606,1.4327953587691935
Latin America & Caribbean,LCN,2010,63893459858.3283,157336067.730403,5397900660485.76,9183.9687871441,6.16268521254159,6.60396044168029,3.491288726188,178418790.815615,78.37135488215,NA,NA,NA,NA,NA,406095441.3059974,9.125323599401112,1.183672391862404
Latin America & Caribbean,LCN,2011,68745665395.7796,155233946.579111,6139415369063.72,10334.20548878,4.39655404168934,6.60396044168029,4.9777356370697,198178802.341581,78.5717207273562,63893459858.3283,157336067.730403,5397900660485.76,7.594213160799482,-1.3360707316608438,442852010.85669196,9.243311354722271,1.11974286252379
Latin America & Caribbean,LCN,2012,74098949813.4393,159170173.435193,6202552292365.06,10330.3504679629,2.64401559051115,6.41172565527689,3.78180754679678,217297987.707648,78.7697906096959,68745665395.7796,155233946.579111,6139415369063.72,7.787086482965869,2.535674021581352,465532883.5437193,9.242938286188755,1.1946525610860277
Latin America & Caribbean,LCN,2013,78411113783.0639,162605371.415539,6252550709058.29,10306.1195798788,2.71578850232505,6.18548424389289,2.5286478853837,234290843.071702,78.9755056336712,74098949813.4393,159170173.435193,6202552292365.06,5.819467051127501,2.158192019401583,482217242.27475756,9.240590156781737,1.2540660193201947
Latin America & Caribbean,LCN,2014,85047338480.8007,171231468.537929,6217846355596.35,10145.7982098874,1.19550821220653,6.00316121238856,3.38341272749477,248819232.967444,79.185365448744,78411113783.0639,162605371.415539,6252550709058.29,8.463372572537244,5.304927535478492,496680541.2987631,9.224913487404233,1.3677941463486656
Latin America & Caribbean,LCN,2015,88225390374.254,182042491.632718,5289615626446.62,8547.2373391789,0.238232860625814,6.51350336594388,1.86148302863371,264217989,79.4004597252698,85047338480.8007,171231468.537929,6217846355596.35,3.7368034676014377,6.313689409487415,484641742.61168754,9.053480381516723,1.667897945800662
Latin America & Caribbean,LCN,2016,93835317530.7462,193556155.198286,5148746106826.83,8241.45140922665,-0.729799173418968,7.59027433702933,1.65038994431573,266690030,79.6161243552428,88225390374.254,182042491.632718,5289615626446.62,6.358631152205472,6.3247121385250695,484796349.84802145,9.017053079778574,1.8224887299517059
Latin America & Caribbean,LCN,2017,98412826249.6212,202720683.376421,5715057427671.23,9065.54817792867,1.55329227272067,7.93416974398276,2.19201010962985,275641368.35,79.8285331741903,93835317530.7462,193556155.198286,5148746106826.83,4.878236509803601,4.73481619261683,485460213.5830599,9.112346894919776,1.721991904632924
Latin America & Caribbean,LCN,2018,101815368841.855,201522429.427424,5581100995040.84,8778.37906311973,1.2179131966471901,7.94652445177921,2.37951733360489,293327220.785988,80.019051151549,98412826249.6212,202720683.376421,5715057427671.23,3.457417820318814,-0.5910861827414119,505230951.86544794,9.080160962387913,1.8242882351049439
Latin America & Caribbean,LCN,2019,104584816431.255,201856013.686497,5473432644126.84,8539.39776066424,0.312079320235867,8.1198760192559,2.37167859363036,305061356.551081,80.2273019080141,101815368841.855,201522429.427424,5581100995040.84,2.7200683167014414,0.1655320750254878,518115930.86191577,9.05256286188817,1.9107719639790892
Latin America & Caribbean,LCN,2020,104584816431.255,201856013.686497,4627348896643.87,7168.64740599577,-6.86063404728556,10.5033399485084,1.49389017299587,121084047.422,80.4373918446532,104584816431.255,201856013.686497,5473432644126.84,0,0,518115930.86191577,8.877611756093785,2.260145469193136
Latin America & Caribbean,LCN,2021,104584816431.255,201856013.686497,5382862734265.64,8291.07156305024,7.06404255272612,9.23872746466016,3.87805442411131,187704362.696,80.6341871510642,104584816431.255,201856013.686497,4627348896643.87,0,0,518115930.86191577,9.023055103891107,1.94292185393286
Latin America & Caribbean,LCN,2022,104584816431.255,201856013.686497,6144995160894.64,9408.84820249156,4.08489707535256,6.90716237257647,7.71367726901419,281385885.235,80.8277327769,104584816431.255,201856013.686497,5382862734265.64,0,0,518115930.86191577,9.149512100939381,1.7019511601377515
Latin America & Caribbean,LCN,2023,104584816431.255,201856013.686497,6910660006084.82,10508.6472548025,2.2495421023623,6.12469630348339,4.78561281021135,316282630.805,81.0435031476023,104584816431.255,201856013.686497,6144995160894.64,0,0,518115930.86191577,9.260048900491626,1.5133839074584527
Latin America & Caribbean (excluding high income),LAC,2010,46739962747.3032,128009000,4518755264794.34,8637.63171485475,6.68617840114332,6.50384689828132,3.70694322200501,150861914.496896,77.6030533881745,NA,NA,NA,NA,NA,365130285.7400902,9.063999482920574,1.0343548169438306
Latin America & Caribbean (excluding high income),LAC,2011,50467276355.7206,124212000,5277645172887.88,9979.9897262503,4.4260068185209,6.50384689828132,5.46284592944072,165845189.870199,77.8138705226315,46739962747.3032,128009000,4518755264794.34,7.9745754795931125,-2.9661976892249764,406299523.03900266,9.208437535355358,0.9562461041333203
Latin America & Caribbean (excluding high income),LAC,2012,54141976261.4906,126982000,5250558584752.47,9823.2489447351,2.3429427855651,6.34172326974704,3.94665867874984,182147425.865868,78.0274964256144,50467276355.7206,124212000,5277645172887.88,7.281351741411081,2.2300582874440473,426375204.84391963,9.192608990531566,1.0311660252438273
Latin America & Caribbean (excluding high income),LAC,2013,58224976108.7184,129584000,5385615104389.87,9971.1692721171,2.76886473638966,6.13580813595352,2.74483621896186,195801519.472342,78.2486911735891,54141976261.4906,126982000,5250558584752.47,7.5412833611910495,2.049109322581153,449322262.84663534,9.207553419240364,1.0811202616625653
Latin America & Caribbean (excluding high income),LAC,2014,64132465411.3932,136666599.975586,5405172001075.22,9905.72193520855,1.26970326025739,5.92404086812553,3.4282641481078,208402775.400813,78.4742071158149,58224976108.7184,129584000,5385615104389.87,10.145971192232466,5.465643887814851,469262171.02678907,9.20096878907217,1.1865018430243421
Latin America & Caribbean (excluding high income),LAC,2015,66701100396.3318,145821000,4578739613722.79,8308.73911709951,0.252853446703966,6.47928162818344,3.14341696227424,223848291,78.7052501821736,64132465411.3932,136666599.975586,5405172001075.22,4.005202308162439,6.698344749960368,457417658.6111178,9.025183493505855,1.456756793865808
Latin America & Caribbean (excluding high income),LAC,2016,71234508365.4837,156330000,4438833899168.87,7977.19727122285,-0.536114860487686,7.74717200837746,2.77316004021475,224865489,78.9382028591705,66701100396.3318,145821000,4578739613722.79,6.796601468663647,7.206780916328924,455667551.75259835,8.984467759061483,1.6048022968109192
Latin America & Caribbean (excluding high income),LAC,2017,75265640563.8095,165093000,4960873741744.95,8827.8501051856,1.98152090808898,8.10810725329393,3.36296514855608,235650534.35,79.1732547040471,71234508365.4837,156330000,4438833899168.87,5.658959808697232,5.605450009595088,455898436.4195302,9.08578005920458,1.5171851670092167
Latin America & Caribbean (excluding high income),LAC,2018,79006050569.6583,164604173.905129,4816735877469.79,8484.48335233409,1.54415671756763,7.9508071678365,3.40250179472038,251841775.767079,79.39536132929,75265640563.8095,165093000,4960873741744.95,4.969611602093145,-0.29609135146312343,479975985.39144033,9.046112141553701,1.6402404570117268
Latin America & Caribbean (excluding high income),LAC,2019,81459149602.4918,165233236.99443,4748616176252.64,8282.78290882792,0.597515256905496,8.12807004068452,2.50460959460401,262820682.556,79.6346434391868,79006050569.6583,164604173.905129,4816735877469.79,3.1049508425568693,0.38216715553251146,492994939.0584038,9.022055016091443,1.7154292235675093
Latin America & Caribbean (excluding high income),LAC,2020,81459149602.4918,165233236.99443,3991303751042.44,6904.27677369596,-6.54995286111402,10.466528831035,2.52663500084706,107281953.06,79.8692548857256,81459149602.4918,165233236.99443,4748616176252.64,0,0,492994939.0584038,8.840041148124223,2.040915818076148
Latin America & Caribbean (excluding high income),LAC,2021,81459149602.4918,165233236.99443,4637976019252.06,7970.6164425206,6.90270247216083,9.18510609479714,4.27166381536798,166493092.562,80.0850327420149,81459149602.4918,165233236.99443,3991303751042.44,0,0,492994939.0584038,8.983642567094506,1.7563512459822566
Latin America & Caribbean (excluding high income),LAC,2022,81459149602.4918,165233236.99443,5336050967302.51,9111.34927084769,3.94705326197962,6.80816019473853,8.33370630096231,238047632.719,80.294444140205,81459149602.4918,165233236.99443,4637976019252.06,0,0,492994939.0584038,9.117385835258046,1.5265811758854169
Latin America & Caribbean (excluding high income),LAC,2023,81459149602.4918,165233236.99443,6014673692976.05,10196.271088969,2.16624377428548,5.98306480851736,5.08677483158112,271960144.616,80.5262275066979,81459149602.4918,165233236.99443,5336050967302.51,0,0,492994939.0584038,9.229875423179916,1.3543402977558034
Latin America & the Caribbean (IDA & IBRD countries),TLA,2010,50557168255.9194,134206000,5212616653053.23,9115.80144590362,6.43352449089936,6.62246414043339,3.79644333768703,175872865.026943,78.2956488991946,NA,NA,NA,NA,NA,376713174.1942939,9.117874302901289,0.9698999872992026
Latin America & the Caribbean (IDA & IBRD countries),TLA,2011,55251720176.167,131390000,5942223639206.5,10277.6079254264,4.56493996774476,6.62246414043339,5.46284592944072,195644076.787561,78.5011436720577,50557168255.9194,134206000,5212616653053.23,9.285630667611496,-2.098266843509232,420516935.6584748,9.237820114025054,0.9298155628411369
Latin America & the Caribbean (IDA & IBRD countries),TLA,2012,59874589651.6464,134737000,5999254994806.92,10263.4820243547,2.71601812049479,6.42534978256107,4.14457284086402,214936093.956842,78.7047750052812,55251720176.167,131390000,5942223639206.5,8.366924071756756,2.547378034858056,444381199.3115952,9.236444867815006,0.9980337509153235
Latin America & the Caribbean (IDA & IBRD countries),TLA,2013,63862361843.808,137445000,6044625148403.94,10231.0823830522,2.80431557598942,6.19814461060292,2.74483621896186,232318775.071702,78.9165836181544,59874589651.6464,134737000,5999254994806.92,6.660207970297037,2.0098413947171156,464639396.44081634,9.23328339473645,1.0565148421266553
Latin America & the Caribbean (IDA & IBRD countries),TLA,2014,70022743700.5582,144459599.975586,6005259453417.89,10058.666481587201,1.24740654236351,6.02780021584144,3.4282641481078,246692569.638564,79.1330503121854,63862361843.808,137445000,6044625148403.94,9.64634203761053,5.103568682444612,484721982.56392926,9.216289290180422,1.1660236205232533
Latin America & the Caribbean (IDA & IBRD countries),TLA,2015,72190861860.5199,154385000,5068610305411.75,8404.37747196218,0.187808812059515,6.57049156835055,2.92482169718974,262023503,79.3548258170168,70022743700.5582,144459599.975586,6005259453417.89,3.0963056363991304,6.87070989127162,467602823.20510346,9.036626955240244,1.4242732723689921
Latin America & the Caribbean (IDA & IBRD countries),TLA,2016,76695528986.0043,165767000,4922090097003.8,8082.02330614142,-0.74776428360714,7.67871674894888,2.53781710390567,264419476,79.5767193908271,72190861860.5199,154385000,5068610305411.75,6.239940914111653,7.372477896168669,462670670.1937316,8.99752125308258,1.5581902702815376
Latin America & the Caribbean (IDA & IBRD countries),TLA,2017,81435539842.3973,175407000,5482764267203.12,8918.30251254156,1.62111189870491,8.03518935371789,2.8227580554717,273553611.35,79.7952284112037,76695528986.0043,165767000,4922090097003.8,6.1802961907440075,5.815391483226456,464266191.44274336,9.09597302885551,1.48530076934968
Latin America & the Caribbean (IDA & IBRD countries),TLA,2018,85166901575.9189,173715171.225937,5347056434773.57,8620.46890240755,1.30250308015485,8.05678539022162,2.32414485367921,290659005.923914,79.992282192881,81435539842.3973,175407000,5482764267203.12,4.581981946387209,-0.9645161105674183,490267493.47729295,9.062010755452013,1.5927810490656515
Latin America & the Caribbean (IDA & IBRD countries),TLA,2019,86710962273.7145,172908916.919959,5230554354083.41,8362.63429845968,0.28965539868031,8.11816460703687,2.09604635327807,302747680.551081,80.2043693016899,85166901575.9189,173715171.225937,5347056434773.57,1.8129821200777125,-0.46412429052000964,501483462.0348338,9.031648336309477,1.6577776733363
Latin America & the Caribbean (IDA & IBRD countries),TLA,2020,86710962273.7145,172908916.919959,4387909128654.57,6964.3711102796,-6.78294271787128,10.4833441108065,1.76751592356698,119711410.66,80.4192977316043,86710962273.7145,172908916.919959,5230554354083.41,0,0,501483462.0348338,8.848706166959516,1.9761339565457683
Latin America & the Caribbean (IDA & IBRD countries),TLA,2021,86710962273.7145,172908916.919959,5118940165028.38,8075.78816650564,7.26349029603928,9.24431431941264,4.26105127422813,186616854.562,80.621099914497,86710962273.7145,172908916.919959,4387909128654.57,0,0,501483462.0348338,8.996749568344084,1.6939241225382393
Latin America & the Caribbean (IDA & IBRD countries),TLA,2022,86710962273.7145,172908916.919959,5851879329574.93,9174.55690452428,4.11782588294029,6.91088091732378,7.8962761916855,279942987.939,80.8195255101746,86710962273.7145,172908916.919959,5118940165028.38,0,0,501483462.0348338,9.124298369121513,1.4817626507690311
Latin America & the Caribbean (IDA & IBRD countries),TLA,2023,86710962273.7145,172908916.919959,6591336702938.76,10260.5196915782,2.32602977369942,6.12260187424979,4.92637573192674,314680200.616,81.0398075940594,86710962273.7145,172908916.919959,5851879329574.93,0,0,501483462.0348338,9.236156225843903,1.3155292497052116
Least developed countries: UN classification,LDC,2010,12341231333.7977,20467099.629639,711250147781.566,831.532954611079,6.33851199773525,NA,5.04968075857402,17654275.9208997,29.9310226455345,NA,NA,NA,NA,NA,602979003.2353195,6.724472806189542,1.7351463999397088
Least developed countries: UN classification,LDC,2011,14414479462.9519,23220314.7083813,810122964149.02,925.130488690388,3.33299155653481,NA,6.61038986512481,21331556.2160192,30.3603055533776,12341231333.7977,20467099.629639,711250147781.566,16.7993620172762,13.451906369553646,620770202.4705565,6.8310151412306785,1.7792952552694696
Least developed countries: UN classification,LDC,2012,16578249162.9365,26001684.9402131,849599155573.471,947.489031265643,3.30736831222637,NA,6.31474450315177,22107026.9609922,30.7716900531857,14414479462.9519,23220314.7083813,810122964149.02,15.011084552487114,11.978176294173453,637583648.9464298,6.854870225012623,1.9513024529486906
Least developed countries: UN classification,LDC,2013,18979582440.8268,28995508.7662871,924685867947.027,1006.9873103895,5.79229976095579,NA,5.52412877994266,24484619.1460037,31.2005300334167,16578249162.9365,26001684.9402131,849599155573.471,14.484842484204485,11.513960856605411,654569733.326916,6.915710859652767,2.052543798789201
Least developed countries: UN classification,LDC,2014,21096261687.6754,31645081.8002882,993379212416.681,1056.46705317141,5.34950229838451,NA,4.40535234185293,25368159.4712815,31.651744149734,18979582440.8268,28995508.7662871,924685867947.027,11.152401552815142,9.137873921639006,666652145.8472979,6.963631755041628,2.1236866469505302
Least developed countries: UN classification,LDC,2015,20150891370.9732,33502770.9851016,946044369982.556,982.894810600519,2.75062771857759,NA,3.40274327737188,25261970,32.1047483080213,21096261687.6754,31645081.8002882,993379212416.681,-4.481221984720121,5.870388316697227,601469394.2758983,6.891518991541843,2.1300154633703663
Least developed countries: UN classification,LDC,2016,20172369303.0441,32624657.6546745,952622086763.392,966.721782937566,3.65690967534613,NA,5.34414600997244,26570744,32.5666253276981,20150891370.9732,33502770.9851016,946044369982.556,0.1065855186031042,-2.6210170221967273,618316658.4172196,6.874944631644469,2.1175626288050182
Least developed countries: UN classification,LDC,2017,21500887186.3327,34557520.6921775,1044504274790.04,1035.19428808636,4.4987096336715,NA,4.5725365531752,32239144.6303111,33.039366595905,20172369303.0441,32624657.6546745,952622086763.392,6.585829672908663,5.924546574440617,622176786.8665323,6.9433099419995035,2.0584776630669777
Least developed countries: UN classification,LDC,2018,24732461286.5662,38555567.9067446,1116339519831.8,1080.56177999961,4.65941908831795,NA,3.46147484973729,38126472.4073573,33.5157241184012,21500887186.3327,34557520.6921775,1044504274790.04,15.029957007019185,11.569253622619136,641475735.6547639,6.9861613681255275,2.215496347409851
Least developed countries: UN classification,LDC,2019,26746319783.4889,40176417.3590637,1169366192253.69,1105.24693378698,4.91325561043519,NA,3.32255881256925,36685985.8099406,33.9602697628177,24732461286.5662,38555567.9067446,1116339519831.8,8.142572118435117,4.20393095036103,665721872.2230093,7.008728424600314,2.2872492774860707
Least developed countries: UN classification,LDC,2020,26746319783.4889,40176417.3590637,1179778077659.19,1088.72161311357,-0.084161466625801,NA,4.33296874711709,16979803.794,34.386093996674,26746319783.4889,40176417.3590637,1169366192253.69,0,0,665721872.2230093,6.993677541789609,2.267063635947241
Least developed countries: UN classification,LDC,2021,26746319783.4889,40176417.3590637,1303898952961.36,1175.55718251136,2.8680415794319,NA,4.15649125482107,21218687.426,34.8170450065276,26746319783.4889,40176417.3590637,1179778077659.19,0,0,665721872.2230093,7.070347810905843,2.051257094941582
Least developed countries: UN classification,LDC,2022,26746319783.4889,40176417.3590637,1474237106700.91,1299.36172423082,4.75099901471464,NA,9.45801281304023,35908626.762,35.2589263540141,26746319783.4889,40176417.3590637,1303898952961.36,0,0,665721872.2230093,7.170397754153764,1.8142481736430158
Least developed countries: UN classification,LDC,2023,26746319783.4889,40176417.3590637,1459966948607.94,1257.69806699331,3.02879949936965,NA,7.12697482131851,45046231.766,35.6959352473229,26746319783.4889,40176417.3590637,1474237106700.91,0,0,665721872.2230093,7.137833185579517,1.831981183477556
Lebanon,LBN,2010,8026000000,2168000,38443907042.1227,7625.81051551165,7.97513555844932,11.301,3.98347941855833,1893359,87.6392192810679,NA,NA,NA,NA,NA,3702029520.2952027,8.939425017947357,20.877170447857893
Lebanon,LBN,2011,6797000000,1655000,39927125961.5257,7834.96257108993,0.86733987855277,11.301,4.97148571692384,2029610,87.8270813653079,8026000000,2168000,38443907042.1227,-15.312733615748817,-23.662361623616235,4106948640.4833837,8.966479002520344,17.02351430591242
Lebanon,LBN,2012,7361000000,1366000,44016799515.7546,8406.98405608118,2.56479133680038,11.301,6.58147447683677,2148669,88.0195066808075,6797000000,1655000,39927125961.5257,8.297778431661026,-17.462235649546827,5388726207.906296,9.036937016275395,16.723160431883134
Lebanon,LBN,2013,7032000000,1274000,46880103080.597,8162.37929361396,3.8278734986016,11.301,4.82101956297399,2241480,88.2165478464663,7361000000,1366000,44016799515.7546,-4.469501426436626,-6.734992679355783,5519623233.908948,9.007413491349714,14.99996701779959
Lebanon,LBN,2014,6835000000,1355000,48095213746.6003,7577.6413302369,2.48406010500743,11.301,1.8546042134091,2419476,88.4182574811842,7032000000,1274000,46880103080.597,-2.8014789533560864,6.357927786499215,5044280442.804428,8.933089218538214,14.211393333256876
Lebanon,LBN,2015,7087000000,1518000,49929337836.8159,7714.1099998804,0.462320792597581,11.301,-3.74914524799629,2591297,88.6246882038608,6835000000,1355000,48095213746.6003,3.6869056327724943,12.029520295202952,4668642951.251647,8.950936022619196,14.194059659197661
Lebanon,LBN,2016,7373000000,1688000,51147308774.1294,8089.012088155,1.55454940856943,11.301,-0.783359624361508,2647258,88.835892633396,7087000000,1518000,49929337836.8159,4.0355580640609565,11.198945981554678,4367890995.260664,8.99838550426094,14.415225701433787
Lebanon,LBN,2017,8086000000,1857000,53027680685.9038,8608.21084982387,0.903028464073813,11.301,4.32135218303191,2879528,89.0519233886895,7373000000,1688000,51147308774.1294,9.670419096704192,10.011848341232229,4354334948.842218,9.060587938148473,15.248639758346963
Lebanon,LBN,2018,8694000000,1964000,54901519155.5556,9174.53666204759,-1.88470575631651,11.301,6.07698907889607,2981937,89.272833088641,8086000000,1857000,53027680685.9038,7.519168933959931,5.7619816908993,4426680244.399185,9.124296162988498,15.835627381032563
Lebanon,LBN,2019,8717000000,1936000,51605959131.2741,8905.88005497437,-6.91492472851026,11.301,3.00538949390383,3164358,89.4986743521503,8694000000,1964000,54901519155.5556,0.26455026455026454,-1.4256619144602851,4502582644.628099,9.094579296963557,16.891460107980723
Lebanon,LBN,2020,2369000000,1936000,31712128253.7961,5561.19166950397,-21.3998996914321,11.301,84.8643330472041,1077762,89.729499798117,8717000000,1936000,51605959131.2741,-72.82321899736148,0,1223657024.7933884,8.623747494736651,7.470328011543718
Lebanon,LBN,2021,2369000000,1936000,23131941556.7843,4045.37391066234,-7.00123862514116,11.301,154.756096023393,1603134,89.965362045441,2369000000,1936000,31712128253.7961,0,0,1223657024.7933884,8.305576428351998,10.241250152671265
Lebanon,LBN,2022,2369000000,1936000,20992421948.8081,3654.35845534878,-0.621678970663112,11.301,171.205491336641,2385930,90.206313713022,2369000000,1936000,23131941556.7843,0,0,1223657024.7933884,8.203949439973922,11.28502469022878
Lebanon,LBN,2023,2369000000,1936000,20078620356.9931,3477.72489842684,-0.760584470257314,11.301,221.341644023365,2693218,90.4524074197598,2369000000,1936000,20992421948.8081,0,0,1223657024.7933884,8.15442109712649,11.798619416472562
Low income,LIC,2010,11355525611.3823,13439676.3492832,354666141780.162,825.735188857174,6.49463830942211,NA,4.18698335814119,8414514.13486198,31.6467020992516,NA,NA,NA,NA,NA,844925526.2004834,6.7174844368023345,3.201750681467915
Low income,LIC,2011,7688657792.66604,11065512.0992608,384118933677.744,869.718827485855,-0.130377122985365,NA,7.20710277400571,9727355.84828665,32.0804495525882,11355525611.3823,13439676.3492832,354666141780.162,-32.29148472916785,-17.665337976304954,694830724.8409823,6.769319108990997,2.0016346809700427
Low income,LIC,2012,8932397339.92461,11790113.0654175,351076378355.804,773.887672422173,-4.40020470808533,NA,6.70977471405567,8736330.9948031,32.6854591692447,7688657792.66604,11065512.0992608,384118933677.744,16.176289552708827,6.548282263458061,757617614.8916605,6.652718080038603,2.5442889042429186
Low income,LIC,2013,9370763421.96222,12106324.920729,359280509583.968,772.500259604632,2.54938567710938,NA,5.61162933815824,9143844,33.2775752184144,8932397339.92461,11790113.0654175,351076378355.804,4.907597203253264,2.682008675887982,774038651.9708531,6.650926005636377,2.6082025525996877
Low income,LIC,2014,9850364367.46096,12210720.2183772,378789607464.815,794.990235916855,2.85948860771073,NA,3.74052951571967,8444757.15906759,33.6207338641016,9370763421.96222,12106324.920729,359280509583.968,5.118056276767188,0.862320302253332,806698064.5937746,6.679586919333038,2.600484325160885
Low income,LIC,2015,8488774696.70176,11563292.8281863,361782469708.524,740.889503942237,-2.06294694087138,NA,4.37712665065654,5792888,33.8598112051753,9850364367.46096,12210720.2183772,378789607464.815,-13.822734063086894,-5.302122877375566,734113960.6885856,6.6092003155583186,2.346375351890566
Low income,LIC,2016,8614503881.66773,13028546.9680762,317624904429.654,633.792954627598,0.5040766240799,NA,5.70637504616212,5511797,34.1587699266868,8488774696.70176,11563292.8281863,361782469708.524,1.4811228882634973,12.671599358949424,661202197.204018,6.4532988900204025,2.712162604861367
Low income,LIC,2017,8999448387.80904,14021098.7639868,326806567421.383,634.710788724745,1.88483357710479,NA,8.15686323403372,6353144.08,34.5083826756174,8614503881.66773,13028546.9680762,317624904429.654,4.468562687173415,7.618284666299677,641850438.3496768,6.454743725207419,2.7537538363496807
Low income,LIC,2018,11679698812.7254,17021655.3602576,341989728902.808,645.846067078284,2.84688971301978,NA,2.79180778478365,6322238.46811814,34.8905984783002,8999448387.80904,14021098.7639868,326806567421.383,29.782385646514953,21.40029570277139,686167036.3738726,6.472108348231465,3.4152191793001836
Low income,LIC,2019,11751847677.4162,17409971.529363,352056761148.886,645.998249720369,3.01032914733617,NA,2.83514555687506,6059516.68588695,35.2627989918991,11679698812.7254,17021655.3602576,341989728902.808,0.6177288117412004,2.2813067289098417,675006714.261191,6.4723435892737005,3.3380548179406513
Low income,LIC,2020,11751847677.4162,17409971.529363,339434568554.002,605.437906755342,-1.15043022279075,NA,4.46414437232861,3086754.252,35.6481034487706,11751847677.4162,17409971.529363,352056761148.886,0,0,675006714.261191,6.4076023435144975,3.4621835152145244
Low income,LIC,2021,11751847677.4162,17409971.529363,375494019860.55,651.812637638679,1.2793291388175,NA,5.13320340824963,4851947.427,36.0231245330033,11751847677.4162,17409971.529363,339434568554.002,0,0,675006714.261191,6.4812901625903905,3.129703019446374
Low income,LIC,2022,11751847677.4162,17409971.529363,434268149844.662,734.204117595357,3.35759142339809,NA,9.62147608489064,8224020.469,36.4160805989563,11751847677.4162,17409971.529363,375494019860.55,0,0,675006714.261191,6.6001481716723625,2.7061270050819624
Low income,LIC,2023,11751847677.4162,17409971.529363,434043376409.571,714.151764242762,-0.209388253554664,NA,7.11459205344455,9165804.44,36.8047741771747,11751847677.4162,17409971.529363,434268149844.662,0,0,675006714.261191,6.572494777852718,2.707528398343061
Lower middle income,LMC,2010,81041906828.3795,126945397.09463,3803232283642.59,1491.30888839804,6.86685706586931,3.39883266598401,4.84551875852116,159652958.153943,35.7948959086843,NA,NA,NA,NA,NA,638399726.8366315,7.308079789093402,2.130869239224081
Lower middle income,LMC,2011,84015611029.5627,125756815.608249,4244475908827.19,1636.38338498875,4.75659480074799,3.6194087676371947,6.38109582460691,180352554.506069,36.2446630908034,81041906828.3795,126945397.09463,3803232283642.59,3.669341353826409,-0.9362934880537611,668079981.3767843,7.400854749699433,1.979410717229808
Lower middle income,LMC,2012,92259215009.2332,136178040.836699,4486071662557.55,1701.13738449151,5.17824141866905,3.83998486929038,5.98172132315561,184963765.2345,36.6627181194957,84015611029.5627,125756815.608249,4244475908827.19,9.811990746302866,8.286807500687411,677489663.1085179,7.4396400253184005,2.056570245617418
Lower middle income,LMC,2013,93880688708.9913,142764863.440686,4743115979872.43,1769.94084181484,5.67299067698571,4.28259913167878,5.4961444543898,192022862.876669,37.095879578515,92259215009.2332,136178040.836699,4486071662557.55,1.7575195058789814,4.8369197878868855,657589594.8515061,7.479266233393654,1.9793040926550634
Lower middle income,LMC,2014,99605093629.1792,140616367.298845,5122618957687.69,1881.19816238537,6.11865958483224,4.72521339406718,5.19400979076006,214627823.706916,37.5291505186416,93880688708.9913,142764863.440686,4743115979872.43,6.097531876797628,-1.5049194108840531,708346372.0655891,7.540195608112113,1.9444173859486154
Lower middle income,LMC,2015,98307158972.3268,145156136.985487,5110516313268.72,1848.28029294397,5.91703922812876,5.16782765645558,3.32437113264095,242140759,37.9496934088792,99605093629.1792,140616367.298845,5122618957687.69,-1.3030806051791846,3.2284788562300673,677251138.0773087,7.522551811539143,1.923624795347711
Lower middle income,LMC,2016,98018347429.2237,146764495.238977,5319173245722.59,1895.24399500136,5.68510177129704,5.61044191884398,3.37153003512095,276464837,38.3536374974923,98307158972.3268,145156136.985487,5110516313268.72,-0.2937848536385873,1.108019465722471,667861442.0307866,7.547630363881912,1.8427365100026607
Lower middle income,LMC,2017,118023139753.334,166574125.990859,5770458203695,2026.19304074045,5.44113248186868,6.05305618123238,3.52025688811617,305346465.900311,38.751684345238,98018347429.2237,146764495.238977,5319173245722.59,20.409232402694002,13.497563371594708,708532246.8377274,7.614407376619215,2.045299274115879
Lower middle income,LMC,2018,133339168765.262,192813989.629173,6022782110520.98,2085.0452543512,5.42349581142072,6.49567044362078,4.29159105337875,346975005.166943,39.1530054045371,118023139753.334,166574125.990859,5770458203695,12.977140791151792,15.752664756442403,691543020.4089693,7.643025329645246,2.2139132101813317
Lower middle income,LMC,2019,145059485965.47,207722217.280817,6527442965633.65,2228.84805859217,4.06407680471648,6.27784327253294,3.46428057999021,360683101.843184,39.5561176956246,133339168765.262,192813989.629173,6022782110520.98,8.789853205730669,7.731922191079624,698333995.5849111,7.709688726972397,2.2223018527958653
Lower middle income,LMC,2020,145059485965.47,207722217.280817,6297797215276.78,2121.61421722256,-3.97738356122989,6.6376905288135,4.87167398565555,148092749.594,39.9662945211379,145059485965.47,207722217.280817,6527442965633.65,0,0,698333995.5849111,7.660403729327792,2.303336881244672
Lower middle income,LMC,2021,145059485965.47,207722217.280817,7124669005626.3,2369.9577651033,6.49061665770458,6.16235991623165,4.15919657911798,153270066.455,40.3837157469299,145059485965.47,207722217.280817,6297797215276.78,0,0,698333995.5849111,7.771049272791314,2.036017193934449
Lower middle income,LMC,2022,145059485965.47,207722217.280817,7588963714927.97,2493.61487371356,6.24089400201117,4.78779189311563,7.6702057938028,296763574.031,40.7971368007103,145059485965.47,207722217.280817,7124669005626.3,0,0,698333995.5849111,7.821889637037964,1.9114531497907792
Lower middle income,LMC,2023,145059485965.47,207722217.280817,7684634708973.7,2493.38985253651,6.04200595481342,3.95140620561735,7.38281384280984,372575068.795,41.2145785460972,145059485965.47,207722217.280817,7588963714927.97,0,0,698333995.5849111,7.821799430197302,1.887656231675884
Luxembourg,LUX,2010,4519000000,805000,56213985987.4168,110885.991378721,3.76041454320028,4.423,2.2736791162154,786920,88.48791681658,NA,NA,NA,NA,NA,5613664596.273292,11.616266865995831,8.038924692178124
Luxembourg,LUX,2011,5358000000,874000,61696281326.2453,119025.057203467,1.04429855323325,5.122,3.41068341068342,785200,88.9562814837254,4519000000,805000,56213985987.4168,18.566054436822306,8.571428571428571,6130434782.608696,11.687097716220013,8.68447803469272
Luxembourg,LUX,2012,5395000000,950000,59776383527.3602,112584.676270958,1.64990212764553,5.03,2.66284165508021,781146,89.4405768017292,5358000000,874000,61696281326.2453,0.6905561776782382,8.695652173913043,5678947368.421053,11.631469777634685,9.02530344200341
Luxembourg,LUX,2013,5629000000,945000,65203276466.9763,120000.140729859,3.17178989968683,6.045,1.73403963519162,1555788,89.9413746679705,5395000000,950000,59776383527.3602,4.337349397590361,-0.5263157894736842,5956613756.613757,11.69525652780116,8.63300175237503
Luxembourg,LUX,2014,6033000000,1038000,68804811897.6445,123678.702143275,2.62308679154881,6.044,0.628543985440717,1710624,90.4577807676859,5629000000,945000,65203276466.9763,7.177118493515722,9.841269841269842,5812138728.323699,11.725450455533057,8.768282091919412
Luxembourg,LUX,2015,6182000000,1090000,60071584216.1375,105462.012584423,2.26978423302835,6.796,0.474743161437779,1830972,90.9893679353068,6033000000,1038000,68804811897.6445,2.4697497099287253,5.009633911368015,5671559633.027522,11.566115578809805,10.291055381121913
Luxembourg,LUX,2016,5606000000,1054000,62216885435.9488,106899.293549552,4.97819011520116,6.669,0.290833333333317,1845726,91.5357090052649,6182000000,1090000,60071584216.1375,-9.317373018440636,-3.302752293577982,5318785578.747628,11.579651843029497,9.010415678507853
Luxembourg,LUX,2017,5472000000,1046000,65712180342.9836,110193.213797228,1.31718713754285,5.523,1.73079959118887,1901012,92.0963768119916,5606000000,1054000,62216885435.9488,-2.3902961113093113,-0.7590132827324478,5231357552.581262,11.609999667945202,8.327223311475878
Luxembourg,LUX,2018,5642000000,1018000,71085623495.1145,116926.759593905,1.61129561338169,5.589,1.5281952430738,2099102,92.6709441899184,5472000000,1046000,65712180342.9836,3.1067251461988303,-2.676864244741874,5542239685.658154,11.669311583717374,7.936907243118937
Luxembourg,LUX,2019,5645000000,1041000,69872035113.6469,112696.649059674,2.74931929072659,5.592,1.74332075653848,2114417,93.2589839734767,5642000000,1018000,71085623495.1145,0.053172633817795106,2.259332023575639,5422670509.125841,11.632463839647682,8.079054790401345
Luxembourg,LUX,2020,4454000000,525000,73670782100.3909,116860.02817236,-0.510051634039826,6.766,0.819957302127036,753114,93.8600689970981,5645000000,1041000,69872035113.6469,-21.098317094774135,-49.56772334293948,8483809523.809524,11.668740714395582,6.045816092912589
Luxembourg,LUX,2021,4454000000,525000,86386759695.1653,134965.815442152,6.9297342584233,5.571,2.52692009066166,1081478,94.5861743396533,4454000000,525000,73670782100.3909,0,0,8483809523.809524,11.812784215664344,5.155882702067909
Luxembourg,LUX,2022,4454000000,525000,80801680397.0139,123719.658915996,-1.0974168968152,4.588,6.33600807777919,2060543,94.7605400940185,4454000000,525000,86386759695.1653,0,0,8483809523.809524,11.725781552649646,5.512261599159269
Luxembourg,LUX,2023,4454000000,525000,88788881539.3937,133230.619178899,0.0994399943552651,5.184,3.74140361983136,2457682.909,94.8015300320787,4454000000,525000,80801680397.0139,0,0,8483809523.809524,11.799844390140926,5.0163938578546645
"Macao SAR, China",MAC,2010,22688000000,24965000,28244172833.6035,52596.2250160214,25.1031075246958,2.84,2.80947242060845,1329721,100,NA,NA,NA,NA,NA,908792309.2329261,10.870418640984733,80.32807380716406
"Macao SAR, China",MAC,2011,31118000000,28002000,36848881944.6939,67046.7284292101,21.6223064381087,2.56,5.80624616691043,1327732,100,22688000000,24965000,28244172833.6035,37.15620592383639,12.165031043460846,1111277765.873866,11.113160009376942,84.4476096905862
"Macao SAR, China",MAC,2012,36593000000,28082000,43193350975.6862,76058.0224963659,9.21747479596735,1.97,6.10738928336549,1561850,100,31118000000,28002000,36848881944.6939,17.59431840092551,0.28569387900864224,1303076703.9384658,11.239264929655857,84.71905784896944
"Macao SAR, China",MAC,2013,43755000000,29325000,51559125350.236,87107.8313063626,10.7816711590297,1.82,5.50057779178484,1767100,100,36593000000,28082000,43193350975.6862,19.572049299046267,4.426322911473542,1492071611.253197,11.374913550425873,84.86373595901142
"Macao SAR, China",MAC,2014,43412000000,31526000,54930501310.2956,88355.3181764446,-2.03874227961819,1.67,6.04823452094085,2078758,100,43755000000,29325000,51559125350.236,-0.7839104102388299,7.505541346973573,1377022140.455497,11.38913298822367,79.03077336718809
"Macao SAR, China",MAC,2015,31620000000,30715000,44940613353.1038,69902.9605741233,-21.7540078753246,1.81,4.56056338028164,2276436,100,43412000000,31526000,54930501310.2956,-27.162996406523543,-2.5724798578950705,1029464431.0597428,11.154877587190763,70.35952035535844
"Macao SAR, China",MAC,2016,31155000000,30950000,44964868323.7558,68911.6755919628,-0.701510212552961,1.939,2.36895749705898,2788571,100,31620000000,30715000,44940613353.1038,-1.4705882352941175,0.765098486081719,1006623586.4297254,11.14059541093696,69.28742629841132
"Macao SAR, China",MAC,2017,36595000000,32611000,50297028370.6668,77570.9876166977,9.91855844513513,1.981,1.22812404052816,2776815,100,31155000000,30950000,44964868323.7558,17.46108168833253,5.366720516962843,1122167366.83941,11.25896165667988,72.75777751781094
"Macao SAR, China",MAC,2018,41478000000,35804000,55076322634.344,83588.2875009014,6.35917030567686,1.803,3.00446293166938,3157724,100,36595000000,32611000,50297028370.6668,13.343352917065173,9.791174756983839,1158473913.5292146,11.333670650920798,75.31003889888524
"Macao SAR, China",MAC,2019,41166000000,39406000,55025172016.004,81882.6964523869,-2.4609094006739,1.73,2.75193081051982,3659911,100,41478000000,35804000,55076322634.344,-0.7522059887169101,10.060328454921239,1044663249.2513831,11.31305518350937,74.8130328207369
"Macao SAR, China",MAC,2020,9442000000,5897000,25280064167.7333,36883.6652578543,-54.4020925789353,2.542,0.811410511491651,544411,100,41166000000,39406000,55025172016.004,-77.06359617159792,-85.03527381617013,1601153128.7095132,10.515551167985214,37.349588740567675
"Macao SAR, China",MAC,2021,9442000000,5897000,30633941629.3633,44884.8961602393,22.4622020023362,2.542,0.0264543647054126,698047,100,9442000000,5897000,25280064167.7333,0,0,1601153128.7095132,10.711878907686906,30.822021254194848
"Macao SAR, China",MAC,2022,9442000000,5897000,24929307447.3237,36806.891255461,-18.956941494497,2.542,1.04502802369954,374108,100,9442000000,5897000,30633941629.3633,0,0,1601153128.7095132,10.51346753745855,37.87509949865716
"Macao SAR, China",MAC,2023,9442000000,5897000,45626467279.891,67216.3631112124,75.3084184293413,2.542,0.476384495788075,2053176,100,9442000000,5897000,24929307447.3237,0,0,1601153128.7095132,11.11568687276811,20.694129006479937
Malawi,MWI,2010,45000000,746000,10128323010.6049,683.124694716799,6.87406585416142,1.736,7.41159092883827,91520.1893953931,15.4776969380518,NA,NA,NA,NA,NA,60321715.81769437,6.528140203225063,0.44429862626697997
Malawi,MWI,2011,36000000,767000,11648142958.3651,763.061000394572,4.93266999813729,1.736,7.6228226284852,82709.5449902358,15.5523153908723,45000000,746000,10128323010.6049,-20,2.8150134048257374,46936114.732724905,6.638647629427595,0.30906214088097744
Malawi,MWI,2012,35000000,770000,8773203178.16512,558.46208832772,1.90000000072909,3.357,21.2712650013779,53518.9979970389,15.6253133040464,36000000,767000,11648142958.3651,-2.7777777777777777,0.3911342894393742,45454545.45454545,6.326975765541464,0.3989420886445276
Malawi,MWI,2013,33000000,795000,8031571927.62055,496.947368267313,5.41034999817167,4.978,27.2833333333334,5856,15.6966173464742,35000000,770000,8773203178.16512,-5.714285714285714,3.2467532467532463,41509433.96226415,6.210494385229257,0.41087847182832427
Malawi,MWI,2014,36000000,819000,8801326169.14547,529.5133440206,5.62527000105139,4.676,23.7920649469687,5856,15.766154187056,33000000,795000,8031571927.62055,9.090909090909092,3.018867924528302,43956043.95604396,6.273845111405173,0.40902926795514133
Malawi,MWI,2015,39000000,805000,9219474379.31534,539.605363240686,2.80000000003355,4.374,21.8673475542553,6011,15.8338504946918,36000000,819000,8801326169.14547,8.333333333333332,-1.7094017094017095,48447204.968944095,6.292689554697105,0.42301760811331884
Malawi,MWI,2016,30000000,849000,7909868618.46366,450.506105510719,2.49999999914311,4.072,21.7111132136499,6744,15.899632938282,39000000,805000,9219474379.31534,-23.076923076923077,5.46583850931677,35335689.0459364,6.112588895491454,0.37927305050266336
Malawi,MWI,2017,35000000,837000,8943543793.5839,495.769683367165,4.00000000089172,3.77,11.5433939188771,10545,15.9634281867266,30000000,849000,7909868618.46366,16.666666666666664,-1.4134275618374559,41816009.55794504,6.208126504939134,0.3913437537490341
Malawi,MWI,2018,55000000,871000,9879220354.29186,533.202567189331,4.35356471619211,2.815666666666667,12.420178108921,10545,16.0221486554255,35000000,837000,8943543793.5839,57.14285714285714,4.062126642771804,63145809.41446613,6.280775106335094,0.5567240938816207
Malawi,MWI,2019,62000000,871000,11051852712.6142,580.889139762475,5.71682519194337,1.8613333333333335,9.3708360560567,7117,16.1383746619001,55000000,871000,9879220354.29186,12.727272727272727,0,71182548.7944891,6.3662799480797565,0.5609919134122675
Malawi,MWI,2020,35000000,871000,11769313597.8545,602.507478176106,0.793596429787286,0.907,8.62551469650552,1792.164,16.2961471756409,62000000,871000,11051852712.6142,-43.54838709677419,0,40183696.90011481,6.402758431804817,0.29738352801118634
Malawi,MWI,2021,35000000,871000,12378119199.0839,617.446994451007,4.55829212016083,0.907,9.33014410835212,1290.356,16.4881925800694,35000000,871000,11769313597.8545,0,0,40183696.90011481,6.427211488000021,0.28275701208783266
Malawi,MWI,2022,35000000,871000,12429059928.102,604.269740360317,0.921115069005936,0.907,20.953969729969,3594.5,16.7146031979436,35000000,871000,12378119199.0839,0,0,40183696.90011481,6.40567421050368,0.2815981273118275
Malawi,MWI,2023,35000000,871000,13363669672.9405,633.214767978695,1.94575281675984,0.907,28.7897428247298,3506.999,16.9748746665356,35000000,871000,12429059928.102,0,0,40183696.90011481,6.452387647829182,0.2619041091001369
Malaysia,MYS,2010,19619000000,24577000,255017638455.59,8899.34505544675,7.42484738326097,3.32,1.62285235577035,34239014.1725209,70.8625314831025,NA,NA,NA,NA,NA,798266672.0917931,9.0938453252436,7.693193348826554
Malaysia,MYS,2011,21338000000,24714000,297951668674.835,10217.1068585031,5.29391283414003,3.05,3.1744709215131,38218608.8523534,71.4245166681964,19619000000,24577000,255017638455.59,8.761914470666191,0.5574317451275582,863397264.7082626,9.23191660770483,7.161564187541739
Malaysia,MYS,2012,21711000000,25033000,314443047642.111,10600.5744240026,5.47345419253853,3.04,1.66357102479206,39165195.2176778,71.9680127926087,21338000000,24714000,297951668674.835,1.7480551129440434,1.2907663672412397,867295170.3751048,9.26875779963687,6.904588974951917
Malaysia,MYS,2013,23283000000,25715000,323276235524.415,10713.6407638899,4.69372252557893,3.14,2.10501231233612,47995842.0041797,72.4882717118078,21711000000,25033000,314443047642.111,7.240569296669891,2.7244037870011586,905424849.3097414,9.279366380877141,7.20219967985911
Malaysia,MYS,2014,24469000000,27437000,338066095097.254,11013.3107334403,6.00672194558203,2.88,3.14299050879095,49673884,72.9802206910773,23283000000,25715000,323276235524.415,5.09384529485032,6.696480653315186,891824907.970988,9.306950682012102,7.237933751670902
Malaysia,MYS,2015,19194000000,25721000,301355266964.947,9648.6797937523,5.09153242155011,3.1,2.10438980238359,50345820,73.4387869957006,24469000000,27437000,338066095097.254,-21.557889574563735,-6.254328097095163,746238482.174099,9.174680011787917,6.369226658392072
Malaysia,MYS,2016,19682000000,26757000,301256033870.334,9476.53409809923,4.44978139761541,3.44,2.09056659525742,53817353,73.8588978909614,19194000000,25721000,301355266964.947,2.542461185787225,4.0278371758485285,735583211.869791,9.156679445178714,6.533313124765988
Malaysia,MYS,2017,20311000000,25948000,319109094160.343,9862.54806612235,5.81272240983328,3.41,3.87120115774237,58711937,74.2354806421432,19682000000,26757000,301256033870.334,3.1958134335941466,-3.0235078671001983,782757823.3389857,9.196601227302516,6.364907917602096
Malaysia,MYS,2018,21775000000,25832000,358788845712.53,10901.8019954421,4.84308697634881,3.3,0.884709160571235,60481772,74.5634625145296,20311000000,25948000,319109094160.343,7.207916892324357,-0.447047942037922,842946732.7345927,9.296775098984025,6.069029252221134
Malaysia,MYS,2019,22200000000,26101000,365177721021.516,10920.191763972,4.41318742129586,3.33,0.662891865764326,63623130,74.8377707734042,21775000000,25832000,358788845712.53,1.951779563719862,1.0413440693713223,850542124.8228037,9.298460379238879,6.079231760880614
Malaysia,MYS,2020,3386000000,4333000,337456163961.211,9957.52626697613,-5.45684658426701,4.54,-1.1387021539305,15893988,75.0511895575672,22200000000,26101000,365177721021.516,-84.74774774774775,-83.3991034826252,781444726.5174243,9.20618437446768,1.0033895840732678
Malaysia,MYS,2021,3386000000,4333000,373784553029.978,10903.1037480772,3.31534954399166,4.64,2.47710241465447,4965360.963,75.5088628191907,3386000000,4333000,337456163961.211,0,0,781444726.5174243,9.296894488011699,0.9058694300105116
Malaysia,MYS,2022,3386000000,4333000,407830525989.553,11754.5678336248,9.03173723044451,3.93,3.37869862549928,28006856.4,75.9741357073003,3386000000,4333000,373784553029.978,0,0,781444726.5174243,9.372082265517806,0.8302468266160968
Malaysia,MYS,2023,3386000000,4333000,399949418752.657,11386.0395636528,3.5370638041057,3.93,2.48886560125754,46698381,76.4434752105739,3386000000,4333000,407830525989.553,0,0,781444726.5174243,9.34023110726253,0.8466070561022677
Maldives,MDV,2010,1966000000,792000,2588176054.6875,7173.59601844692,6.7854678229144,3.846,6.14988536750173,1024693.84477856,36.7646137762553,NA,NA,NA,NA,NA,2482323232.323232,8.87830173499348,75.96082949764318
Maldives,MDV,2011,1966000000,931000,2774350240.04918,7424.520410971,8.84342600490342,3.846,11.2734146055937,1024693.84477856,37.1274623517731,1966000000,792000,2588176054.6875,0,17.55050505050505,2111707841.0311491,8.912678050234444,70.86343936031484
Maldives,MDV,2012,2032000000,958000,2886163997.20531,7461.29703686309,2.38928797963442,3.846,10.884695658563,1024693.84477856,37.475963433544,1966000000,931000,2774350240.04918,3.3570701932858595,2.9001074113856067,2121085594.9895616,8.917618559590704,70.40486964592442
Maldives,MDV,2013,2422000000,1125000,3295009237.50107,8236.08177944126,6.97496226412528,3.846,3.8056300091943,1024693.84477856,37.8257075155926,2032000000,958000,2886163997.20531,19.19291338582677,17.432150313152402,2152888888.888889,9.01640140719611,73.50510500652923
Maldives,MDV,2014,2811000000,1205000,3697353039.20043,8939.07416571472,7.86068643108074,3.846,2.12000175718134,1024693.84477856,38.1938859868107,2422000000,1125000,3295009237.50107,16.061106523534267,7.111111111111111,2332780082.9875517,9.098299164074392,76.02736255361464
Maldives,MDV,2015,2691000000,1234000,4129505319.12921,9644.90655028145,3.86813536494475,4.8085,0.953206658777607,1313533,38.5771510715291,2811000000,1205000,3697353039.20043,-4.268943436499466,2.406639004149378,2180713128.038898,9.17428891265761,65.16519030825349
Maldives,MDV,2016,2640000000,1286000,4409942623.85538,9947.80744731739,6.37528306716864,5.771,0.502509413611612,1409704,38.9560872317815,2691000000,1234000,4129505319.12921,-1.89520624303233,4.213938411669368,2052877138.4136858,9.205207968428542,59.864724446051575
Maldives,MDV,2017,2771000000,1390000,4816426256.52914,10509.628805812,7.07442863215275,5.368,2.81747338234509,1485752,39.32787719143,2640000000,1286000,4409942623.85538,4.962121212121212,8.087091757387247,1993525179.8561153,9.260142291368831,57.53228332404417
Maldives,MDV,2018,3054000000,1484000,5404344162.69888,11423.2838427029,8.5689555834747,4.965,-0.133373386117595,1191383.08265957,39.6923354428279,2771000000,1390000,4816426256.52914,10.212919523637677,6.762589928057554,2057951482.4797845,9.343496530445679,56.51009462126595
Maldives,MDV,2019,3171000000,1703000,5726094799.37709,11740.2724029785,6.92305989050099,4.562,0.220029731065383,1221786.67512409,40.0492764783282,3054000000,1484000,5404344162.69888,3.831041257367387,14.757412398921833,1862008220.7868466,9.370865469364267,55.37805626873231
Maldives,MDV,2020,1409000000,555000,3712604583.36665,7393.8886543933,-32.9088287752921,4.562,-1.36977425569811,292931,40.3985147902839,3171000000,1703000,5726094799.37709,-55.56606748659729,-67.41045214327657,2538738738.7387385,8.908544318154371,37.95179282794226
Maldives,MDV,2021,1409000000,555000,5252457369.55218,10176.143882547,37.507870124321,4.562,0.543149688737013,277881.434,40.7398648710483,1409000000,555000,3712604583.36665,0,0,2538738738.7387385,9.22789968910388,26.82553899757077
Maldives,MDV,2022,1409000000,555000,6177123352.26211,11786.0191492983,13.8260895184139,4.562,2.33314337624567,1516025.005,41.0641769690663,1409000000,555000,5252457369.55218,0,0,2538738738.7387385,9.374754132836966,22.809970266888282
Maldives,MDV,2023,1409000000,555000,6621008703.95743,12587.6126038651,4.94286301229583,4.562,2.92746542425035,1414193.945,41.5096832933973,1409000000,555000,6177123352.26211,0,0,2538738738.7387385,9.440547922702821,21.280745321446705
Mauritius,MUS,2010,1585000000,956000,10144716154.9356,8113.17670740212,4.37720322344293,7.654,2.93236301369857,1265458,40.3046131827718,NA,NA,NA,NA,NA,1657949790.794979,9.001368021616772,15.62389697053147
Mauritius,MUS,2011,1808000000,983000,11677718382.4259,9324.24232310496,4.07753806610333,7.447,6.52249254869341,1321491,40.1665923228716,1585000000,956000,10144716154.9356,14.069400630914828,2.8242677824267783,1839267548.321465,9.140480230566329,15.482476463218243
Mauritius,MUS,2012,1778000000,984000,11832323837.1071,9421.52514098225,3.49611836470866,7.472,3.85216033315983,1313976,40.0369511615085,1808000000,983000,11677718382.4259,-1.6592920353982303,0.10172939979654119,1806910569.1056912,9.150858393323695,15.02663402791641
Mauritius,MUS,2013,1593000000,1015000,12434596541.2996,9877.13865958834,3.36040609974133,7.322,3.54329573934839,1318052,39.9108848558771,1778000000,984000,11832323837.1071,-10.404949381327334,3.1504065040650406,1569458128.0788178,9.19807937821488,12.811030858211566
Mauritius,MUS,2014,1719000000,1065000,13230490081.5656,10490.3315563853,3.82696982009337,7.467,3.21769191994684,1354388,39.7887571971735,1593000000,1015000,12434596541.2996,7.909604519774012,4.926108374384237,1614084507.0422535,9.25830462911974,12.992715987105644
Mauritius,MUS,2015,1680000000,1174000,12162211503.0793,9630.5437837507,3.69055690369433,7.41,1.28654970760232,1466527,39.6709610617726,1719000000,1065000,13230490081.5656,-2.2687609075043627,10.234741784037558,1431005110.7325385,9.17279880178304,13.813277293974439
Mauritius,MUS,2016,1824000000,1307000,12757680846.5663,10095.1225574156,3.8624682634,6.814,0.97767513471896506,1593666,39.5578893260494,1680000000,1174000,12162211503.0793,8.571428571428571,11.328790459965928,1395562356.5416987,9.219906723912505,14.297269401365572
Mauritius,MUS,2017,2005000000,1371000,13896938315.2799,10986.7034093005,3.93798380632353,6.752,3.66699702675925,1674395,39.4499348663789,1824000000,1307000,12757680846.5663,9.923245614035087,4.896710022953328,1462436177.9722831,9.304532054613928,14.427638336679319
Mauritius,MUS,2018,2161000000,1431000,14957535715.9696,11818.7480619272,4.00674057198549,6.426,3.2160538314457,1745291,39.3474905591359,2005000000,1371000,13896938315.2799,7.780548628428928,4.3763676148796495,1510132774.2837176,9.377526976175163,14.447567039353823
Mauritius,MUS,2019,2024000000,1418000,14645235204.6176,11568.2533399824,2.89128499346516,6.331,0.405655190309553,1726868,39.2509492806955,2161000000,1431000,14957535715.9696,-6.339657565941693,-0.9084556254367574,1427362482.3695347,9.356106283963767,13.820194566502003
Mauritius,MUS,2020,518000000,316000,11566111137.5568,9135.84773751062,-14.5465381490166,8.626,2.5808007718283,407291,39.1607039074325,2024000000,1418000,14645235204.6176,-74.40711462450594,-77.71509167842031,1639240506.329114,9.12007071847437,4.478601267438808
Mauritius,MUS,2021,518000000,316000,11622048696.8129,9177.71195973013,3.40379866177662,7.719,4.02852888157376,153242,39.077147315722,518000000,316000,11566111137.5568,0,0,1639240506.329114,9.124642164372663,4.457045513344394
Mauritius,MUS,2022,518000000,316000,12936444123.3037,10246.5017455553,8.69306675264066,6.322,10.7737512242899,1111493,39.0000125885784,518000000,316000,11622048696.8129,0,0,1639240506.329114,9.234789222718103,4.004191531016435
Mauritius,MUS,2023,518000000,316000,14072212290.4596,11269.9684462139,5.00791900868131,5.571,7.05298238454736,1504656,39.0039901092226,518000000,316000,12936444123.3037,0,0,1639240506.329114,9.32998553468301,3.681013257248708
Mexico,MEX,2010,12628000000,81953000,1105424238731.09,9728.80078377082,4.9713345832195,5.303,4.15672722680174,31269061,76.5244441414713,NA,NA,NA,NA,NA,154088318.91449976,9.182948700537848,1.14236684501288
Mexico,MEX,2011,12458000000,75732000,1229013703416.76,10664.4944032313,3.44404505794418,5.175,3.40737824605742,29538937,76.5667802279537,12628000000,81953000,1105424238731.09,-1.3462147608489072,-7.590936268348932,164501135.58337295,9.274768987377273,1.0136583477764103
Mexico,MEX,2012,13320000000,76749000,1255110424817.79,10744.1335242686,3.55321075993527,4.892,4.11150981070289,32909408.724554,76.6585199140734,12458000000,75732000,1229013703416.76,6.919248675549848,1.3428933607986056,173552749.87296253,9.282208235641429,1.061261203525875
Mexico,MEX,2013,14311000000,78100000,1327436290282.67,11216.8008505428,0.852101559410627,4.921,3.80639069747204,35986501.817,76.7955768077952,13320000000,76749000,1255110424817.79,7.439939939939939,1.7602835216094022,183239436.6197183,9.325257157240243,1.0780931713832047
Mexico,MEX,2014,16606000000,81042000,1364507717614.13,11391.3773497683,2.50376350288664,4.819,4.01861608078679,39570522,76.9741367091766,14311000000,78100000,1327436290282.67,16.036615191111732,3.76696542893726,204906098.07260433,9.340699757205018,1.2169956817126646
Mexico,MEX,2015,18729000000,87129000,1213294467716.88,10021.2386118827,2.70232342550646,4.311,2.72064064964023,46966763,77.1903854182753,16606000000,81042000,1364507717614.13,12.784535709984343,7.510920263567039,214957132.52763143,9.212561764045136,1.5436483473994032
Mexico,MEX,2016,20619000000,94853000,1112233497452.7,9097.92397674769,1.77249323845399,3.853,2.8217078474766,53313307,77.4405087351486,18729000000,87129000,1213294467716.88,10.091302258529552,8.86501624028739,217378469.8428094,9.11591144120009,1.8538373504504946
Mexico,MEX,2017,22467000000,99349000,1190721475906,9649.27816772402,1.87172853327193,3.419,6.04145724018986,58537832,77.7206924598541,20619000000,94853000,1112233497452.7,8.962607303942965,4.739966052734231,226142185.62844115,9.174742019588463,1.8868392360946742
Mexico,MEX,2018,23802000000,96497000,1256300182879.73,10084.7937562021,1.97208209405635,3.275,4.89935015356551,64569640,78.0271223924494,22467000000,99349000,1190721475906,5.942048337561758,-2.8706881800521398,246660517.943563,9.2188831539051,1.8946108839561198
Mexico,MEX,2019,25847000000,97406000,1304106203902.45,10369.555358527101,-0.392690505066824,3.477,3.63596142127046,69937838,78.355984332992,23802000000,96497000,1256300182879.73,8.591714981934292,0.9419981968351347,265353263.65932283,9.246725854131645,1.9819704808285241
Mexico,MEX,2020,11449000000,51128000,1121064767308.42,8841.27075039868,-8.35403458167995,4.378,3.39683415570006,34133108,78.677960602824,25847000000,97406000,1304106203902.45,-55.70472395248965,-47.510420302650765,223928180.25348145,9.087298994862715,1.0212612450115672
Mexico,MEX,2021,11449000000,51128000,1316569466685.95,10314.0506722115,6.0484834621255,3.941,5.68920847683753,54217876,78.9324007418057,11449000000,51128000,1121064767308.42,0,0,223928180.25348145,9.241359337971376,0.8696085007059491
Mexico,MEX,2022,11449000000,51128000,1466934724293.06,11405.7940473759,3.70975709163623,3.174,7.8962761916855,70196270,79.199683215791,11449000000,51128000,1316569466685.95,0,0,223928180.25348145,9.34196442593161,0.7804709923624897
Mexico,MEX,2023,11449000000,51128000,1798317581486.88,13860.9597809326,3.35354140652768,2.704,5.52796087314389,78763320,79.4734935748046,11449000000,51128000,1466934724293.06,0,0,223928180.25348145,9.536903661083777,0.6366506182147077
"Middle East, North Africa, Afghanistan & Pakistan",MEA,2010,80180356238.9644,130361782.059819,3041621845298.68,4867.92943497015,4.80966519096368,6.83725194313973,3.74915727597096,159660254.620073,51.496551443161,NA,NA,NA,NA,NA,615060295.8325018,8.490629363362574,2.636105351587218
"Middle East, North Africa, Afghanistan & Pakistan",MEA,2011,71917597407.184,111858609.823284,3662713826837.54,5731.46333788345,3.84226414950793,6.95349711270605,4.7531638888563,170491595.0274,51.8428269722488,80180356238.9644,130361782.059819,3041621845298.68,-10.305215914923847,-14.193709186979712,642933052.0091441,8.65390061922682,1.9635057721470717
"Middle East, North Africa, Afghanistan & Pakistan",MEA,2012,78853040450.4274,124595751.506222,3951058204949.1,6048.09249990772,4.24819927226845,7.99996081874835,4.5152295667099,185049292.112597,52.3441905145837,71917597407.184,111858609.823284,3662713826837.54,9.643596690217846,11.386822796260683,632871020.858923,8.707663539758506,1.9957448450558382
"Middle East, North Africa, Afghanistan & Pakistan",MEA,2013,78684512628.1735,125860611.653485,3915741985695.48,5866.59647635813,2.41717330451516,7.59311059993158,3.25423910998847,198775778.233726,52.9394246896376,78853040450.4274,124595751.506222,3951058204949.1,-0.2137239366944319,1.0151711691388141,625171859.5234935,8.677200370088192,2.009440686225352
"Middle East, North Africa, Afghanistan & Pakistan",MEA,2014,88079100650.9964,133162231.787784,3955125832586.57,5810.23874019206,3.12206429423114,7.53551939719863,2.64755321246189,214782513.09247,53.3224917392575,78684512628.1735,125860611.653485,3915741985695.48,11.939564355208466,5.801354401805672,661442058.0706772,8.667549035414973,2.226960768866221
"Middle East, North Africa, Afghanistan & Pakistan",MEA,2015,100067330445.655,126208646.076229,3558416509933.66,5125.68064083245,2.77016552351637,7.8690270285752,1.6859921764201,227397945,53.6392632351358,88079100650.9964,133162231.787784,3955125832586.57,13.610754090417682,-5.2218903349687595,792872228.3037181,8.542213680167873,2.8121309061574853
"Middle East, North Africa, Afghanistan & Pakistan",MEA,2016,103732379641.388,119350820.631413,3624240285092.23,5126.05331639032,4.49846676594123,7.4106372538925,2.70750189418473,250739334,53.9026375690062,100067330445.655,126208646.076229,3558416509933.66,3.6625831621674294,-5.433720793323412,869138386.2515794,8.54228637086954,2.8621827329737384
"Middle East, North Africa, Afghanistan & Pakistan",MEA,2017,118782686001.923,127054293.453213,3795353115732.68,5279.47951180077,2.07651843299037,7.314678966018285,2.06932928164424,266850504.79,54.0927613956461,103732379641.388,119350820.631413,3624240285092.23,14.508783479724693,6.454478302742784,934897064.660503,8.57177218920566,3.129687340804715
"Middle East, North Africa, Afghanistan & Pakistan",MEA,2018,131897142629.07,139804138.011964,4050508431278.92,5545.88899607591,2.3999522914998,7.21872067814407,1.94579304594437,272712361.921165,54.2444653262483,118782686001.923,127054293.453213,3795353115732.68,11.040713986661903,10.03495766433587,943442336.5764943,8.620992508330918,3.256310778432929
"Middle East, North Africa, Afghanistan & Pakistan",MEA,2019,145143594987.669,152571279.95283,4019889117584.4,5412.42875673528,1.59137160696825,7.01563135422559,1.33601568147656,284913666.143239,54.4404080887212,131897142629.07,139804138.011964,4050508431278.92,10.04301692558387,9.132163126511623,951316624.1545762,8.596637952367926,3.6106367798246026
"Middle East, North Africa, Afghanistan & Pakistan",MEA,2020,145143594987.669,152571279.95283,3587451756047.23,4742.76402632259,-3.58499748950123,7.80870295662595,1.44703656998741,96419409.68,54.6812240122644,145143594987.669,152571279.95283,4019889117584.4,0,0,951316624.1545762,8.464586197940115,4.045868902432096
"Middle East, North Africa, Afghanistan & Pakistan",MEA,2021,145143594987.669,152571279.95283,4310652927209.13,5615.91186098726,5.03631361698847,7.85298485177233,2.86833027751019,121253526.316,54.8188568175474,145143594987.669,152571279.95283,3587451756047.23,0,0,951316624.1545762,8.633537300934735,3.367090727056983
"Middle East, North Africa, Afghanistan & Pakistan",MEA,2022,145143594987.669,152571279.95283,5030925398736.26,6430.53553485753,6.4465289217368,7.85298485177233,5.17980847967061,217241674.151,55.12536380356,145143594987.669,152571279.95283,4310652927209.13,0,0,951316624.1545762,8.768968596631009,2.8850277729049267
"Middle East, North Africa, Afghanistan & Pakistan",MEA,2023,145143594987.669,152571279.95283,4905729965245.33,6149.061198935,2.25920706136691,7.85298485177233,4.22522603168918,286507268.592,55.4304551226559,145143594987.669,152571279.95283,5030925398736.26,0,0,951316624.1545762,8.724217311797394,2.958654390191461
"Middle East, North Africa, Afghanistan & Pakistan (IDA & IBRD)",TMN,2010,50339801577.1245,62437036.0111398,1616377453369.58,2817.90380218571,4.82401058544104,6.95782586298267,3.96677908889859,61357712.7706611,48.4579212313616,NA,NA,NA,NA,NA,806249059.7430513,7.9441033657307525,3.1143593021656955
"Middle East, North Africa, Afghanistan & Pakistan (IDA & IBRD)",TMN,2011,39460727242.2865,49845259.010905,1894874707193.34,3234.88259884042,-0.443113071279598,6.98481260784163,5.43508465931645,62510145.6812856,48.7709197134048,50339801577.1245,62437036.0111398,1616377453369.58,-21.611277744451193,-20.16716007785543,791664604.1232005,8.082056997804688,2.082497966355524
"Middle East, North Africa, Afghanistan & Pakistan (IDA & IBRD)",TMN,2012,42401636570.1985,52940791.7144618,2040682875800.41,3414.87165876956,3.53707375357656,8.20161622105613,6.51134364308897,60685403.4159418,49.2354754411305,39460727242.2865,49845259.010905,1894874707193.34,7.452749945166991,6.210285120355327,800925622.7011745,8.136187983584858,2.077816062114377
"Middle East, North Africa, Afghanistan & Pakistan (IDA & IBRD)",TMN,2013,38441546950.4903,51346515.8374683,1916908014701.75,3147.24679176234,1.09016621407683,7.77126410580432,5.07042922798113,63599011.2337263,49.7861078087819,42401636570.1985,52940791.7144618,2040682875800.41,-9.33947352044308,-3.0114318758062693,748669044.5009503,8.054601002831149,2.0053934072820594
"Middle East, North Africa, Afghanistan & Pakistan (IDA & IBRD)",TMN,2014,42344851255.6805,51423560.2895256,1905795277902.52,3071.92771988993,2.41652131998269,7.73430907255881,3.77123895800744,64250755.0924703,50.1424314222312,38441546950.4903,51346515.8374683,1916908014701.75,10.153868964267602,0.15004806227004316,823452343.9697672,8.03038604082878,2.221899264137352
"Middle East, North Africa, Afghanistan & Pakistan (IDA & IBRD)",TMN,2015,38719457235.1112,46829784.8356119,1766686955969.3,2799.45441811583,1.09198112085784,8.18946996039061,2.52932817254229,61012644,50.385107716384,42344851255.6805,51423560.2895256,1905795277902.52,-8.561593471373822,-8.933211601938416,826812623.0139505,7.937536975179569,2.191642220727645
"Middle East, North Africa, Afghanistan & Pakistan (IDA & IBRD)",TMN,2016,35252808777.8044,40984877.3879004,1833719341125.58,2858.61689096826,5.54085474867692,7.92558784849551,3.7651191635658,67306499,50.5924176765155,38719457235.1112,46829784.8356119,1766686955969.3,-8.953246519590179,-12.481175107314867,860141862.67181,7.95844294063433,1.92247570209765
"Middle East, North Africa, Afghanistan & Pakistan (IDA & IBRD)",TMN,2017,43252384809.6557,48055307.589623,1862132539942.56,2854.66192638041,3.4198181339446,7.747589397610979,4.97595150553833,75565653.79,50.7866571436082,35252808777.8044,40984877.3879004,1833719341125.58,22.69202457674219,17.251314758867476,900054270.3631673,7.957058943336722,2.3227339559293605
"Middle East, North Africa, Afghanistan & Pakistan (IDA & IBRD)",TMN,2018,49728453994.3907,58212100.3830495,1861598748076.98,2804.12633142444,2.10715733011398,7.56959094672645,4.46231108475481,75246086.9211654,50.9917156514723,43252384809.6557,48055307.589623,1862132539942.56,14.972744770571072,21.135631635452796,854263180.1148835,7.939203854883596,2.6712767209238772
"Middle East, North Africa, Afghanistan & Pakistan (IDA & IBRD)",TMN,2019,55056396011.2723,65078454.6035971,1817220775856.43,2688.96932958269,1.39256894290483,7.39159249584192,3.00538949390383,77266751.2532391,51.2234331146053,49728453994.3907,58212100.3830495,1861598748076.98,10.714071299064685,11.795407098121089,846000359.8215308,7.8972850708887625,3.0297032007750966
"Middle East, North Africa, Afghanistan & Pakistan (IDA & IBRD)",TMN,2020,55056396011.2723,65078454.6035971,1652429826440.19,2402.73480964451,-2.56591730467834,8.1187692536446,3.73003191530476,31123156.245,51.4495362826798,55056396011.2723,65078454.6035971,1817220775856.43,0,0,846000359.8215308,7.78477897744236,3.331844725284319
"Middle East, North Africa, Afghanistan & Pakistan (IDA & IBRD)",TMN,2021,55056396011.2723,65078454.6035971,1921603222007.44,2746.96809945183,4.3128229659946,8.22398231280597,5.46019980671871,39460765.316,51.6735754616086,55056396011.2723,65078454.6035971,1652429826440.19,0,0,846000359.8215308,7.918617044632875,2.865128210690476
"Middle East, North Africa, Afghanistan & Pakistan (IDA & IBRD)",TMN,2022,55056396011.2723,65078454.6035971,2141649636190.98,3010.19656726913,4.33155082949985,8.22398231280597,8.78598837999588,65139850.893,51.925275557204,55056396011.2723,65078454.6035971,1921603222007.44,0,0,846000359.8215308,8.01009280940274,2.570747104516711
"Middle East, North Africa, Afghanistan & Pakistan (IDA & IBRD)",TMN,2023,55056396011.2723,65078454.6035971,2076820247144.99,2868.88626501212,2.90736899917957,8.22398231280597,7.70665764216232,76054114.829,52.1776709218643,55056396011.2723,65078454.6035971,2141649636190.98,0,0,846000359.8215308,7.962027679052783,2.65099476408507
"Middle East, North Africa, Afghanistan & Pakistan (excluding high income)",MNA,2010,50766825856.509,62924889.1240411,1626058953369.58,2816.19347268465,4.83036957893697,7.03865981068169,3.95007875923885,61357712.7706611,48.6902296244778,NA,NA,NA,NA,NA,806784510.2823235,7.943496445917218,3.1220778158939497
"Middle East, North Africa, Afghanistan & Pakistan (excluding high income)",MNA,2011,40091887155.5126,50267660.084527,1906060807193.34,3232.55085445141,-0.375513449292285,7.05287648282677,5.0687139477799,62510145.6812856,49.0044547569398,50766825856.509,62924889.1240411,1626058953369.58,-21.027390467879183,-20.11482136196292,797568199.6754286,8.081336148133133,2.1033897242002264
"Middle East, North Africa, Afghanistan & Pakistan (excluding high income)",MNA,2012,42877446813.0156,53404835.8225871,2052891275800.41,3412.57302470262,3.55602439287178,8.26565843387645,6.44121280934117,60685403.4159418,49.4690950778976,40091887155.5126,50267660.084527,1906060807193.34,6.947938486153267,6.240942452433275,802875734.988796,8.13551482954078,2.088637002770541
"Middle East, North Africa, Afghanistan & Pakistan (excluding high income)",MNA,2013,38977156884.6655,51878546.9522724,1930423514701.75,3148.36412420635,1.11753964540209,7.85146562030106,4.82462314269537,63599011.2337263,50.0190261281607,42877446813.0156,53404835.8225871,2052891275800.41,-9.096367014012968,-2.857960045762695,751315508.5188485,8.054955846110813,2.019098741173771
"Middle East, North Africa, Afghanistan & Pakistan (excluding high income)",MNA,2014,42760551001.9141,51968618.0440225,1919784977902.52,3073.79994256301,2.39632511204408,7.80950190522732,2.91692692067458,64250755.0924703,50.3756426552581,38977156884.6655,51878546.9522724,1930423514701.75,9.7066959718067,0.1736191490346954,822814856.5677028,8.030995118795065,2.2273614750664716
"Middle East, North Africa, Afghanistan & Pakistan (excluding high income)",MNA,2015,39031279223.199,47236883.3574178,1780659355969.3,2802.63134980954,1.11209373505632,8.29491010463038,2.04361764300244,61012644,50.6192148296493,42760551001.9141,51968618.0440225,1919784977902.52,-8.721290281194385,-9.104984632449643,826288197.88699615,7.938670766547365,2.1919565408372206
"Middle East, North Africa, Afghanistan & Pakistan (excluding high income)",MNA,2016,35484947278.8251,41373623.8181917,1849124741125.58,2863.14057781135,5.56693551530638,8.03362856693895,3.69725926870481,67306499,50.827361882472204,39031279223.199,47236883.3574178,1780659355969.3,-9.085871677672461,-12.41246060808406,857670757.4554447,7.960023611307272,1.9190131682097915
"Middle East, North Africa, Afghanistan & Pakistan (excluding high income)",MNA,2017,43470158784.1131,48550026.9757678,1878260539942.56,2859.85560174494,3.40363074392963,7.871926530994696,4.64865184428512,75565653.79,51.0212891329828,35484947278.8251,41373623.8181917,1849124741125.58,22.503095305577645,17.3453579727785,895368375.5069764,7.958876020523315,2.3143838599432263
"Middle East, North Africa, Afghanistan & Pakistan (excluding high income)",MNA,2018,49964342953.8253,58807590.7872825,1877875348076.98,2809.30894215325,2.10017249362863,7.710224495050443,4.36615064471282,75246086.9211654,51.2278326304515,43470158784.1131,48550026.9757678,1878260539942.56,14.93940751853341,21.127823093969514,849624041.470347,7.941049700111191,2.6606847469929673
"Middle East, North Africa, Afghanistan & Pakistan (excluding high income)",MNA,2019,55317558282.0073,65756226.1253439,1834354275856.43,2695.63342343004,1.39233381379324,7.54852245910619,2.65388100453608,77266751.2532391,51.461592912125,49964342953.8253,58807590.7872825,1877875348076.98,10.714071299064594,11.815881666017995,841252023.4443122,7.8997593937794095,3.015642016926116
"Middle East, North Africa, Afghanistan & Pakistan (excluding high income)",MNA,2020,55317558282.0073,65756226.1253439,1667961526440.19,2408.49731335268,-2.63476856206411,8.26365189720738,2.41513094083414,31123156.245,51.6896857274925,55317558282.0073,65756226.1253439,1834354275856.43,0,0,841252023.4443122,7.787173421057014,3.316476873424507
"Middle East, North Africa, Afghanistan & Pakistan (excluding high income)",MNA,2021,55317558282.0073,65756226.1253439,1939712222007.44,2753.47858029524,4.33216201656492,8.35941064751036,5.21404940513043,39460765.316,51.9157887433595,55317558282.0073,65756226.1253439,1667961526440.19,0,0,841252023.4443122,7.920983440623774,2.851843570112594
"Middle East, North Africa, Afghanistan & Pakistan (excluding high income)",MNA,2022,55317558282.0073,65756226.1253439,2160815136190.98,3015.7557973385,4.32972249891917,8.35941064751036,8.30646124447623,65139850.893,52.1693289932022,55317558282.0073,65756226.1253439,1939712222007.44,0,0,841252023.4443122,8.011937293668446,2.5600319692095193
"Middle East, North Africa, Afghanistan & Pakistan (excluding high income)",MNA,2023,55317558282.0073,65756226.1253439,2094668147144.99,2873.03929302735,2.85265290265325,8.35941064751036,6.09114152504141,76054114.829,52.4233912654293,55317558282.0073,65756226.1253439,2160815136190.98,0,0,841252023.4443122,7.963473738440901,2.6408745632287642
Moldova,MDA,2010,222000000,64000,6974982369.60155,2436.79935102421,7.10000010705836,2.972,7.48385086350851,479457,39.2804946899414,NA,NA,NA,NA,NA,3468750000,7.798851006007988,3.1828037439567303
Moldova,MDA,2011,253000000,75000,8414352020.49442,2941.36224066021,5.81816614684824,2.677,7.68725103356181,540679,39.3469161987305,222000000,64000,6974982369.60155,13.963963963963963,17.1875,3373333333.3333335,7.986968020930647,3.0067674775642907
Moldova,MDA,2012,279000000,89000,8709138634.82921,3044.8084324815,-0.589733954762579,2.189,4.54633427355302,543872,39.3614196777344,253000000,75000,8414352020.49442,10.276679841897234,18.666666666666668,3134831460.6741576,8.021521639974235,3.203531505219532
Moldova,MDA,2013,324000000,95599.9984741211,9496717875.51932,3321.04397795719,9.0438656074181,1.894,4.59787897363136,557653,39.4275512695312,279000000,89000,8709138634.82921,16.129032258064516,7.41572862260797,3389121393.0061593,8.108335528483323,3.411705014794728
Moldova,MDA,2014,328000000,93900.0015258789,9402090137.7423,3289.95758568777,4.99962585407656,1.45,5.08878554625869,692496,39.6298484802246,324000000,95599.9984741211,9496717875.51932,1.2345679012345678,-1.7782395139915994,3493077685.5163627,8.09893386088939,3.4885859973127404
Moldova,MDA,2015,300000000,94400.0015258789,7797667196.73087,2749.55137054338,-0.338235622387202,1.781,9.67624033101867,1005936,39.6954040527344,328000000,93900.0015258789,9402090137.7423,-8.536585365853659,0.5324813544994456,3177966050.3263626,7.919556668942914,3.847304487754663
Moldova,MDA,2016,344000000,121000,7980917075.7748,2847.08794770479,4.64601436259409,1.591,6.35930898037931,936254,39.7373237609863,300000000,94400.0015258789,7797667196.73087,14.666666666666666,28.177964029829962,2842975206.6115704,7.9544031525693955,4.310281597138433
Moldova,MDA,2017,442000000,145000,9514404016.20949,3453.26727720294,4.17561205106279,1.622,6.57022997455597,1092606,39.9736557006836,344000000,121000,7980917075.7748,28.488372093023255,19.834710743801654,3048275862.068966,8.147365637647637,4.645587881773508
Moldova,MDA,2018,500000000,160000,11252353420.8798,4156.44981956646,4.07559546585034,1.239,3.04505397337071,1423791,40.3258094787598,442000000,145000,9514404016.20949,13.122171945701359,10.344827586206897,3125000000,8.332657141136504,4.443514892379784
Moldova,MDA,2019,527000000,174000,11736797054.6965,4405.33418162155,3.5523140853476,1.502,4.83778351428734,1408166,40.772289276123,500000000,160000,11252353420.8798,5.4,8.75,3028735632.1839085,8.390798371426943,4.490151764097514
Moldova,MDA,2020,354000000,29000,11530746234.4492,4375.7788930524,-8.27597831976949,1.206,3.76597122245351,306631.727,41.3368530273438,527000000,174000,11736797054.6965,-32.82732447817837,-83.33333333333334,12206896551.724138,8.38406832027692,3.0700528205398485
Moldova,MDA,2021,354000000,29000,13691869264.0794,5274.60582195352,13.9299997889786,0.794,5.10641129002841,528581,41.8115425109863,354000000,29000,11530746234.4492,0,0,12206896551.724138,8.570848799513469,2.5854760454711507
Moldova,MDA,2022,354000000,29000,14525337523.7271,5744.29618434435,-4.6000000255323,0.909,28.7372976766235,779683.818,42.4048843383789,354000000,29000,13691869264.0794,0,0,12206896551.724138,8.656136744105257,2.437120648120857
Moldova,MDA,2023,354000000,29000,16711906746.2133,6799.58594644576,1.2000000493378,1.57,13.4170104381299,827604.333,43.0011825561523,354000000,29000,14525337523.7271,0,0,12206896551.724138,8.824764056046863,2.118250211515881
Mongolia,MNG,2010,288000000,557000,7189481998.90094,2625.21881402433,6.3651616786311,6.549,10.0462065881651,391188,67.8298018313254,NA,NA,NA,NA,NA,517055655.2962298,7.873300377371649,4.005851882569936
Mongolia,MNG,2011,197000000,627000,10409797377.8571,3736.04201455077,17.2907775869555,4.769,8.41121495327101,496649.107733126,67.9196058798676,288000000,557000,7189481998.90094,-31.59722222222222,12.567324955116696,314194577.35247207,8.226049672277721,1.8924479780849806
Mongolia,MNG,2012,215000000,624000,12292770631.565,4328.89001905655,12.3198198494032,3.905,14.3303348325838,626469.96653678,67.9522782537785,197000000,627000,10409797377.8571,9.137055837563452,-0.4784688995215311,344551282.05128205,8.373297420917963,1.7489954579314249
Mongolia,MNG,2013,236000000,515000,12582122604.2577,4340.14310544449,11.6489161878925,4.231,10.4906567588241,585864,67.9776750055915,215000000,624000,12292770631.565,9.767441860465116,-17.467948717948715,458252427.184466,8.375892980765093,1.8756771605463396
Mongolia,MNG,2014,257000000,506000,12226514668.0622,4126.23975800524,7.88522548204762,4.798,12.2539808129759,683254,67.9941357229626,236000000,515000,12582122604.2577,8.898305084745763,-1.7475728155339807,507905138.33992094,8.325364123050653,2.101989053931527
Mongolia,MNG,2015,279000000,467000,11619892590.6941,3838.92126989984,2.37983580731722,4.861,5.73568281938327,529311,67.9999999906095,257000000,506000,12226514668.0622,8.560311284046692,-7.707509881422925,597430406.8522483,8.25320714274134,2.4010548963545477
Mongolia,MNG,2016,379000000,471000,11181350649.3573,3619.90026383792,1.48978448679577,7.235,0.733272227314397,537853,67.9776754820979,279000000,467000,11619892590.6941,35.842293906810035,0.8565310492505354,804670912.9511678,8.194477965569103,3.3895726185976
Mongolia,MNG,2017,462000000,543000,11480847740.736,3645.96708669551,5.63687638694772,6.359,4.30143105302342,602775,67.9260583223672,379000000,471000,11181350649.3573,21.899736147757256,15.286624203821656,850828729.2817678,8.201651166006648,4.024093084700927
Mongolia,MNG,2018,526000000,598000,13178094720.4986,4107.64288528468,7.74488062024881,5.377,6.82424790145522,670360,67.8683444833372,462000000,543000,11480847740.736,13.852813852813853,10.128913443830571,879598662.2073579,8.32084805473527,3.9914722966879577
Mongolia,MNG,2019,605000000,637000,14206359017.5143,4347.54610314873,5.60224422064255,9.024,7.30106953550729,744413,67.8277299551557,526000000,598000,13178094720.4986,15.019011406844108,6.521739130434782,949764521.1930926,8.377596839054503,4.25865627677103
Mongolia,MNG,2020,49000000,66900.0015258789,13312981429.0891,4001.25193077703,-4.55775197583431,6.413,3.7237230614026,143860,68.0894771770775,605000000,637000,14206359017.5143,-91.90082644628099,-89.4976449723895,732436455.641116,8.294612464380982,0.36806180689874723
Mongolia,MNG,2021,49000000,66900.0015258789,15286441737.6686,4517.61578018785,1.63676957736662,7.871,7.35894657888155,61614,69.2153244018555,49000000,66900.0015258789,13312981429.0891,0,0,732436455.641116,8.415960982602943,0.3205454928026514
Mongolia,MNG,2022,49000000,66900.0015258789,17146471713.748,4993.51487463495,5.0327096366527,5.954,15.1509728200805,358016,69.783805847168,49000000,66900.0015258789,15286441737.6686,0,0,732436455.641116,8.516095564170783,0.28577307808878205
Mongolia,MNG,2023,49000000,66900.0015258789,20325121393.9074,5838.63108083902,7.4221127615025,5.178,10.347583131434,773702,70.4464492797852,49000000,66900.0015258789,17146471713.748,0,0,732436455.641116,8.672422902737686,0.24108097093426514
Montenegro,MNE,2010,765000000,1088000,4136936189.28052,6678.63930800758,2.77559782547836,19.649,0.654946570148479,659355.414807816,64.3069625751293,NA,NA,NA,NA,NA,703125000,8.806819269265617,18.491945850705662
Montenegro,MNE,2011,926000000,1201000,4507126949.08507,7265.51668681954,3.40978812497193,19.759,3.4501431124869,523356,64.4210914835811,765000000,1088000,4136936189.28052,21.045751633986928,10.386029411764707,771024146.5445461,8.891032320467572,20.545238917398912
Montenegro,MNE,2012,860000000,1264000,4071829462.26447,6552.48071710904,-2.48732882965353,19.808,4.14524724981119,544519,64.5244008658951,926000000,1201000,4507126949.08507,-7.127429805615551,5.245628642797668,680379746.835443,8.787751594674717,21.120727377460632
Montenegro,MNE,2013,929000000,1324000,4422097762.7848,7102.77882895852,3.38612548540247,19.585,2.20589268141178,528852,64.6252987959653,860000000,1264000,4071829462.26447,8.023255813953488,4.746835443037975,701661631.4199395,8.868382150876336,21.00812894319563
Montenegro,MNE,2014,959000000,1350000,4579636601.80039,7342.17339453427,2.37030892464516,18.054,-0.710514051710227,503040,64.7232143772459,929000000,1324000,4422097762.7848,3.229278794402583,1.9637462235649545,710370370.3703703,8.901526370755038,20.940526146179128
Montenegro,MNE,2015,947000000,1560000,4010885990.83986,6421.00307345999,2.52306333975571,17.555,1.54869158222486,526980,64.8181652937171,959000000,1350000,4579636601.80039,-1.251303441084463,15.555555555555555,607051282.051282,8.76748535323234,23.61074341586316
Montenegro,MNE,2016,978000000,1662000,4357469330.46719,6968.01539365317,3.4393056210999,17.732,-0.271385023385176,544597,64.9101692293409,947000000,1560000,4010885990.83986,3.2734952481520594,6.538461538461539,588447653.4296029,8.849229230311552,22.444219932011382
Montenegro,MNE,2017,1110000000,1877000,4803962015.62122,7674.2813940676,3.21668504736274,16.082,2.3802359905313,507637,64.9992438680584,978000000,1662000,4357469330.46719,13.496932515337424,12.936221419975933,591369206.1800746,8.945760235505462,23.105927906810507
Montenegro,MNE,2018,1224000000,2077000,5433467174.79183,8673.59128084795,4.73292113433965,15.19,2.611223782638,565522,65.0854068937869,1110000000,1877000,4803962015.62122,10.27027027027027,10.655301012253595,589311506.981223,9.068153489105473,22.527052444131026
Montenegro,MNE,2019,1276000000,2510000,5483476883.4658,8749.02375172644,4.39391565821528,15.128,0.361563704540767,597380,65.1686759904159,1224000000,2077000,5433467174.79183,4.248366013071895,20.847376023110257,508366533.8645419,9.076811693830997,23.26990752614446
Montenegro,MNE,2020,180000000,351000,4723571497.76347,7538.53635992191,-14.9926187023533,17.878,-0.255655699848551,299484.6425,65.2490688418027,1276000000,2510000,5483476883.4658,-85.8934169278997,-86.01593625498008,512820512.82051283,8.927915968384832,3.8106758855079663
Montenegro,MNE,2021,180000000,351000,5823715809.63286,9317.15520065156,13.0462607426359,16.543,2.41080198403165,1589.285,65.3266031317675,180000000,351000,4723571497.76347,0,0,512820512.82051283,9.139719948242707,3.090810161139158
Montenegro,MNE,2022,180000000,351000,6251215144.13471,10024.5435616209,7.73954689516201,14.851,13.0403036347004,318363,65.4012965440866,180000000,351000,5823715809.63286,0,0,512820512.82051283,9.21289147131545,2.879440170426505
Montenegro,MNE,2023,180000000,351000,7644389159.84471,12259.8775034436,6.47836283518564,13.146,8.58476910455403,379068,65.4731667624849,180000000,351000,6251215144.13471,0,0,512820512.82051283,9.414168781434872,2.3546681917441337
Morocco,MAR,2010,8176000000,9752000,100865329473.44,3067.9853515625,3.49955709403216,9.09,0.993557401226392,7144446,58.3287516486646,NA,NA,NA,NA,NA,838392124.6923708,8.029102281575598,8.105857624896686
Morocco,MAR,2011,9101000000,9784000,110080631332.375,3301.98876953125,5.52464523319847,8.91,0.9069249096918,7502696.74521668,58.902576690412,8176000000,9752000,100865329473.44,11.313600782778865,0.3281378178835111,930192150.4497137,8.102583025303645,8.267576130191918
Morocco,MAR,2012,8491000000,9830000,106937392311.129,3164.17724609375,3.06234368502997,8.99,1.28712240079219,6563646.6759083,59.4348555979895,9101000000,9784000,110080631332.375,-6.7025601582243715,0.47015535568274736,863784333.6724313,8.059964334935582,7.940159953868951
Morocco,MAR,2013,8201000000,10349000,115739287305.08,3379.7431640625,4.12221286860944,9.23,1.88065466724086,6507408,59.9083499302469,8491000000,9830000,106937392311.129,-3.415380991638205,5.279755849440488,792443714.368538,8.125850835333381,7.085752980647604
Morocco,MAR,2014,9070000000,10507000,119130841411.664,3435.40698242188,2.7192440802029,9.7,0.442310053557048,6976810,60.3030486171654,8201000000,10349000,115739287305.08,10.596268747713694,1.5267175572519083,863234034.4532217,8.142181722662047,7.613477662478731
Morocco,MAR,2015,7765000000,10542000,110413823841.592,3146.24780273438,4.34458297635238,9.46,1.5579071134626,7043971,60.6417124737154,9070000000,10507000,119130841411.664,-14.388092613009922,0.3331112591605596,736577499.5257068,8.054283636491984,7.032633894774132
Morocco,MAR,2016,7922000000,10677000,111572947004.917,3140.85546875,0.52118550608968,9.3,1.63531114327064,7738637,60.9657656537179,7765000000,10542000,110413823841.592,2.0218931101094655,1.2805919180421172,741968717.8046268,8.052568817996246,7.100287491421087
Morocco,MAR,2017,9086000000,11540000,118540573367.844,3296.52661132813,5.05789816173446,9.896,0.754663249323619,8667392,61.2761057031842,7922000000,10677000,111572947004.917,14.693259277960111,8.082794792544721,787348353.5528597,8.100927954711485,7.664886158265134
Morocco,MAR,2018,9520000000,12489000,127341147581.818,3501.69799804688,3.06564133025955,10.492,1.80391671141896,8132917,61.5695822753314,9086000000,11540000,118540573367.844,4.776579352850539,8.223570190641247,762270798.3025062,8.161288807104988,7.4759810012575105
Morocco,MAR,2019,9949000000,13109000,128920266409.458,3508.09765625,2.89097476137077,11.088,0.303386036590383,9380951,61.8430450233765,9520000000,12489000,127341147581.818,4.506302521008403,4.964368644407078,758944236.7838889,8.163114205418248,7.717173007075101
Morocco,MAR,2020,4514000000,2802000,121353645057.144,3268.0302734375,-7.17820744246774,11.684,0.705968661338261,3012310,62.0933436005366,9949000000,13109000,128920266409.458,-54.628605890039196,-78.62537188191318,1610992148.4653819,8.092248667445325,3.7197069753235765
Morocco,MAR,2021,4514000000,2802000,142022058447.231,3785.93627929688,8.15473889823681,12.28,1.40195883962006,4740714,62.3173276600289,4514000000,2802000,121353645057.144,0,0,1610992148.4653819,8.239312601590939,3.178379506221
Morocco,MAR,2022,4514000000,2802000,131245312804.483,3463.1376953125,1.81269242194809,11.79,6.65704202759067,7466482,62.5118468550703,4514000000,2802000,142022058447.231,0,0,1610992148.4653819,8.150219019271198,3.439360921577851
Morocco,MAR,2023,4514000000,2802000,146036093666.762,3813.72607421875,3.65564411017931,11.79,6.09114152504141,9354197,62.673750838878,4514000000,2802000,131245312804.483,0,0,1610992148.4653819,8.246624138838879,3.091016670372218
Mozambique,MOZ,2010,135000000,1836000,11411894723.864,496.185839392659,6.67972935662864,3.426,12.4255421735156,558192,30.9861779822921,NA,NA,NA,NA,NA,73529411.76470588,6.208963878524334,1.1829762126853005
Mozambique,MOZ,2011,171000000,2013000,14619279988.716,618.17649286789,7.13405842300445,3.426,11.1666056127874,577019.814468816,31.2062230032794,135000000,1836000,11411894723.864,26.666666666666668,9.640522875816995,84947839.04619971,6.42839035784023,1.1696882482036572
Mozambique,MOZ,2012,224000000,2206000,16688114144.0745,685.685748199513,7.9945031610722,3.426,2.60245456956618,559608.795668202,31.4315251735105,171000000,2013000,14619279988.716,30.994152046783626,9.58768007948336,101541251.1332729,6.531876761369487,1.342272698197815
Mozambique,MOZ,2013,228000000,1970000,17198073057.1981,686.505672517351,6.57141389665537,3.426,4.26135250941963,701472,31.6619153976179,224000000,2206000,16688114144.0745,1.7857142857142856,-10.698096101541251,115736040.60913706,6.533070080441016,1.3257299189374743
Mozambique,MOZ,2014,225000000,1751000,17978246586.0662,697.142680444123,7.70256844839309,3.426,2.55974875844295,739636.744147151,31.8972245802342,228000000,1970000,17198073057.1981,-1.3157894736842104,-11.116751269035532,128498001.14220446,6.548423495116562,1.2515124816142151
Mozambique,MOZ,2015,202000000,1634000,16208985769.615,610.563774706589,7.3930936986377,3.426,3.55075967356746,676028,32.1372836259918,225000000,1751000,17978246586.0662,-10.222222222222223,-6.6818960593946315,123623011.01591188,6.41601924193216,1.2462223292136185
Mozambique,MOZ,2016,114000000,1715000,12069051237.1711,441.489734819071,4.69699024225795,3.9064285714285716,17.4180418197597,632965,32.3819234395234,202000000,1634000,16208985769.615,-43.56435643564357,4.957160342717258,66472303.20699708,6.092417266029911,0.9445647197925128
Mozambique,MOZ,2017,164000000,1514000,13264640645.7768,470.93856305196,2.63820737310658,4.386857142857143,15.1132073899384,569211,32.6274411492675,114000000,1715000,12069051237.1711,43.859649122807014,-11.720116618075801,108322324.9669749,6.1568488140881055,1.2363697169000532
Mozambique,MOZ,2018,331000000,2870000,15017358952.8452,517.507260258101,3.48493202422782,4.867285714285714,3.91133439990729,540124,32.9902559073541,164000000,1514000,13264640645.7768,101.82926829268293,89.56406869220608,115331010.45296167,6.250954029997973,2.2041159237076666
Mozambique,MOZ,2019,324000000,2033000,15512759046.672,519.09255091362,2.31781394821475,5.347714285714286,2.80270307928111,587364,33.4177241517032,331000000,2870000,15017358952.8452,-2.1148036253776437,-29.16376306620209,159370388.58829316,6.254006778264655,2.088603316954818
Mozambique,MOZ,2020,113000000,2033000,14235420174.1884,462.433876479921,-1.21952250011192,5.828142857142857,3.48393567493204,327742,33.9044006416285,324000000,2033000,15512759046.672,-65.12345679012346,0,55582882.43974422,6.138663713512573,0.7937946236732168
Mozambique,MOZ,2021,113000000,2033000,16168055475.4449,509.907829475551,2.37743572761507,6.308571428571428,6.40847652975692,411739,34.4499259401554,113000000,2033000,14235420174.1884,0,0,55582882.43974422,6.236189201088286,0.6989090318969885
Mozambique,MOZ,2022,113000000,2033000,18883528581.3734,578.251663751351,4.36445074432608,6.789,10.2794018093421,549525,35.0536638047945,113000000,2033000,16168055475.4449,0,0,55582882.43974422,6.36173703555929,0.5984051101098897
Mozambique,MOZ,2023,113000000,2033000,20921079532.6094,622.000297682823,5.48149036541776,6.789,7.12697482131851,680108,35.7149783148407,113000000,2033000,18883528581.3734,0,0,55582882.43974422,6.434546996608884,0.5401250916515491
Myanmar,MMR,2010,91000000,792000,49540813342.4834,1010.53417343401,9.6344394520444,3.868,7.71838195873614,924207,29.1415329218024,NA,NA,NA,NA,NA,114898989.8989899,6.919223440944676,0.1836869317645287
Myanmar,MMR,2011,334000000,816000,59977326085.9908,1213.62898703376,5.59148237823661,3.868,5.0214601462073,1539676,29.2724765136213,91000000,792000,49540813342.4834,267.032967032967,3.0303030303030303,409313725.4901961,7.102193948676607,0.5568771097283278
Myanmar,MMR,2012,550000000,1059000,59937796648.2158,1202.6658960055,7.33267044704149,3.868,1.46758322674679,1663425.4345762,29.3956289363345,334000000,816000,59977326085.9908,64.67065868263472,29.77941176470588,519357884.7969783,7.093127092347858,0.9176179819021962
Myanmar,MMR,2013,964000000,2044000,60269732854.827,1199.09561597055,8.42600102501767,3.868,5.64303883425501,1572120,29.5103946237239,550000000,1059000,59937796648.2158,75.27272727272727,93.01227573182247,471624266.1448141,7.090156512577269,1.5994761455505495
Myanmar,MMR,2014,1687000000,3081000,65531374210.3224,1293.00042319714,8.16990745558277,3.868,4.953299184844,1926969,29.6164342116462,964000000,2044000,60269732854.827,75,50.73385518590998,547549496.9165856,7.165493802106496,2.5743394218860534
Myanmar,MMR,2015,2199000000,4681000,59607290408.4359,1166.73305547935,6.99284029026121,0.766,9.45417189526018,2095503,29.7166821191682,1687000000,3081000,65531374210.3224,30.34973325429757,51.9311911716975,469771416.36402476,7.0628195888760414,3.6891460506461597
Myanmar,MMR,2016,2289000000,2907000,63298361983.5653,1229.19713491328,5.86247291518572,1.061,6.92882525816076,2741388,29.8129165582094,2199000000,4681000,59607290408.4359,4.092769440654844,-37.897885067293316,787409700.7223942,7.114929707811452,3.616207320806047
Myanmar,MMR,2017,1988000000,3443000,66053040475.0257,1272.82241815234,6.13610824360305,1.356,4.5725365531752,3149037,29.9051727703437,2289000000,2907000,63298361983.5653,-13.149847094801222,18.43825249398005,577403427.2436829,7.149777437211146,3.0097024840993534
Myanmar,MMR,2018,1670000000,3551000,67860515993.1186,1298.21310327675,6.26886221471075,0.767,6.87232865662935,3407788.43290303,29.993574050729,1988000000,3443000,66053040475.0257,-15.995975855130784,3.1367993029334884,470290059.1382709,7.169514055006761,2.46093030027851
Myanmar,MMR,2019,2501000000,4364000,75065106243.3578,1425.98954241668,6.57911006765414,0.407,8.82506696804558,3701663.849,30.0782436945232,1670000000,3551000,67860515993.1186,49.76047904191617,22.894959166431992,573098075.1604034,7.263322289080453,3.331774409126748
Myanmar,MMR,2020,2501000000,903000,79006113670.2831,1490.21683599469,-9.04834717984643,1.476,8.82506696804558,1506581.713,30.1593049968842,2501000000,4364000,75065106243.3578,0,-79.30797433547204,2769656699.889258,7.307347734100083,3.1655778063422346
Myanmar,MMR,2021,2501000000,903000,66345291149.4433,1242.7213439951,-12.0163724829177,1.476,8.82506696804558,1132655.764,30.2368812529698,2501000000,903000,79006113670.2831,0,0,2769656699.889258,7.125863248203438,3.769672205321215
Myanmar,MMR,2022,2501000000,903000,62253049903.28,1158.05005055976,4.0374934360085,1.476,8.82506696804558,2491745,30.311095757938,2501000000,903000,66345291149.4433,0,0,2769656699.889258,7.055356026669426,4.017473848888851
Myanmar,MMR,2023,2501000000,903000,66757619000,1233.19666209269,0.958446625126115,1.476,8.82506696804558,3541244,30.3820718069466,2501000000,903000,62253049903.28,0,0,2769656699.889258,7.1181755613724444,3.7463888578770312
Namibia,NAM,2010,471000000,1114000,11431412421.1316,5418.21633365814,6.03924947955858,22.12,4.8749198764395,485849,41.7946176561991,NA,NA,NA,NA,NA,422800718.1328545,8.597706496093904,4.120225766059585
Namibia,NAM,2011,516000000,1163000,12523359440.5499,5834.7917675794,5.09133813864338,19.445500000000003,5.005595180812,540867.9,42.6276075621535,471000000,1114000,11431412421.1316,9.554140127388536,4.3985637342908435,443680137.57523644,8.671765228330884,4.120300167455246
Namibia,NAM,2012,416000000,1245000,13042053591.6857,5942.64680978673,5.0616820696264,16.771,6.72199777334886,632330.085,43.3804079185694,516000000,1163000,12523359440.5499,-19.379844961240313,7.05073086844368,334136546.18473893,8.690078165013528,3.1896817251632807
Namibia,NAM,2013,357000000,1327000,12043307277.1235,5346.62131149967,5.61471962254485,19.028,5.60092502290401,510000,44.1106769079132,416000000,1245000,13042053591.6857,-14.182692307692307,6.586345381526105,269027882.4415976,8.584407126346683,2.9643020126051964
Namibia,NAM,2014,552000000,1429000,12435430969.6301,5378.32326241205,6.09251915977956,18.521,5.35016966859602,522216,44.8214248210559,357000000,1327000,12043307277.1235,54.621848739495796,7.6865109269027885,386284114.76557034,8.590317857588147,4.438929389323928
Namibia,NAM,2015,540000000,1488000,11335161083.5061,4774.10650865775,4.26417453763675,20.936500000000002,3.39401538410559,553322,45.5103554445325,552000000,1429000,12435430969.6301,-2.1739130434782608,4.128761371588523,362903225.8064516,8.47117155814413,4.763937592256709
Namibia,NAM,2016,295000000,1551000,10722018732.0936,4395.68776162376,0.0337944502063294,23.352,6.72858234593338,558713,46.1751725648784,540000000,1488000,11335161083.5061,-45.370370370370374,4.233870967741935,190199871.05093488,8.388606754974976,2.751347552835303
Namibia,NAM,2017,449000000,1581000,12895153370.9132,5143.96072323076,-1.02724808856709,21.6145,6.14579981111164,623076,46.8135799686288,295000000,1551000,10722018732.0936,52.20338983050847,1.9342359767891684,283997469.95572424,8.545773014270257,3.481928342262152
Namibia,NAM,2018,488000000,1639000,13682019076.4022,5308.60813408705,1.05993949860752,19.877,4.29159105337875,602893,47.4232814423189,449000000,1581000,12895153370.9132,8.68596881959911,3.6685641998734972,297742525.9304454,8.577273313789078,3.5667250372546886
Namibia,NAM,2019,451000000,1651000,12541928303.48,4731.9210318831,-0.83915216341935694,19.877,3.72239414422695,212578,48.0019807724839,488000000,1639000,13682019076.4022,-7.581967213114754,0.7321537522879805,273167777.10478497,8.46229784518711,3.595938272704536
Namibia,NAM,2020,155000000,187100.006103516,10583748541.5258,3878.58982993966,-8.10140201443319,19.877,2.20938236933469,62262.67,48.547381745659,451000000,1651000,12541928303.48,-65.6319290465632,-88.66747388833942,828433965.4924641,8.26348471309613,1.4645094731025659
Namibia,NAM,2021,155000000,187100.006103516,12402486183.6396,4412.8355693052,3.60382919248703,19.877,3.61690530108814,2245.772,49.0571881483796,155000000,187100.006103516,10583748541.5258,0,0,828433965.4924641,8.392499334039707,1.249749426888812
Namibia,NAM,2022,155000000,187100.006103516,12569449123.3661,4349.79908493314,5.3987247803654,19.877,6.08128114112413,31274.886000000002,49.5291037671807,155000000,187100.006103516,12402486183.6396,0,0,828433965.4924641,8.378114804898155,1.2331487122364115
Namibia,NAM,2023,155000000,187100.006103516,12408271449.2244,4187.60500396525,4.44280600303956,19.877,5.87993463284275,60304,49.9545837830821,155000000,187100.006103516,12569449123.3661,0,0,828433965.4924641,8.340123022866651,1.249166740381784
Nepal,NPL,2010,378000000,603000,16002656434.4746,585.278491984574,4.81641464694573,3.1,9.32650410745395,917939,62.0156581578338,NA,NA,NA,NA,NA,626865671.6417911,6.373794918979654,2.3621078259586503
Nepal,NPL,2011,415000000,736000,21573872420.7008,785.518656222132,3.42180870116162,3.1,9.2270754612596,901116.117937972,63.139949798584,378000000,603000,16002656434.4746,9.788359788359788,22.056384742951906,563858695.6521739,6.667616442779155,1.9236231303648326
Nepal,NPL,2012,379000000,803000,21703100877.1309,788.202937148377,4.67014192446953,3.1,9.45980980357125,776864.1215957,63.6558406194333,415000000,736000,21573872420.7008,-8.674698795180722,9.103260869565217,471980074.7198007,6.671023495819661,1.7462942376098973
Nepal,NPL,2013,460000000,798000,22162204924.5726,803.269595420477,3.52515317129149,3.1,9.04016311917645,643140,64.1314570156048,379000000,803000,21703100877.1309,21.372031662269126,-0.62266500622665,576441102.7568922,6.689934530659715,2.0756057511676995
Nepal,NPL,2014,511000000,790000,22731612922.1906,821.455224911731,6.01148284250441,3.1,8.36415469659563,517548,64.5640847098488,460000000,798000,22162204924.5726,11.08695652173913,-1.0025062656641603,646835443.0379746,6.7122940433604485,2.24797070823409
Nepal,NPL,2015,509000000,539000,24360801286.7638,875.543635474862,3.97605327162971,3.1,7.86890895590891,510342,64.9510094249155,511000000,790000,22731612922.1906,-0.3913894324853229,-31.772151898734176,944341372.9128014,6.77598648689264,2.0894222402961766
Nepal,NPL,2016,498000000,753000,24524109483.5293,877.256454696737,0.433113719381524,6.880000000000001,8.7903433200464,634292,65.2895168835553,509000000,539000,24360801286.7638,-2.161100196463654,39.70315398886827,661354581.6733068,6.777938640617064,2.0306547739662597
Nepal,NPL,2017,712000000,940000,28971588940.364,1034.28374906846,8.97727935643466,10.66,2.77703998300211,2443630.512,65.5768928085184,498000000,753000,24524109483.5293,42.971887550200805,24.833997343957503,757446808.5106384,6.942430821815547,2.4575800846325775
Nepal,NPL,2018,740000000,1173000,33111525237.149,1179.19843190389,7.62237610397935,10.66,4.40659410175714,4525805,65.8104229225551,712000000,940000,28971588940.364,3.932584269662921,24.78723404255319,630861040.0682012,7.073437865952376,2.234871376960212
Nepal,NPL,2019,801000000,1197000,34186180699.0255,1203.14294706401,6.65705543110467,10.66,5.56616035243723,1659671,65.9873929484157,740000000,1173000,33111525237.149,8.243243243243244,2.0460358056265986,669172932.330827,7.093523345618649,2.343052027519509
Nepal,NPL,2020,238000000,230000,33433659301.2466,1154.21517578318,-2.3696206292072,10.66,5.05635826238499,1989284,66.1050886088505,801000000,1197000,34186180699.0255,-70.28714107365793,-80.78529657477026,1034782608.6956521,7.052041904983696,0.711857466320254
Nepal,NPL,2021,238000000,230000,36924841394.2605,1252.75076731986,4.838149614115,10.66,4.12676744440695,2550505,66.144235274522,238000000,230000,33433659301.2466,0,0,1034782608.6956521,7.133894951295787,0.6445525316108578
Nepal,NPL,2022,238000000,230000,41182939600.6209,1385.91066274851,5.6313145568451,10.66,7.6702057938028,4438086,66.2992968721053,238000000,230000,36924841394.2605,0,0,1034782608.6956521,7.234834007821148,0.5779092078128676
Nepal,NPL,2023,238000000,230000,41047772331.0994,1382.33055769304,1.98254843628392,10.66,7.11587261530826,4289298,66.5432933453944,238000000,230000,41182939600.6209,0,0,1034782608.6956521,7.232249318067662,0.5798122199671281
Niger,NER,2010,105500000,74000,7851192502.30917,474.425692340831,8.57816674262253,0.316,0.804073080882659,0,16.2416301279116,NA,NA,NA,NA,NA,1425675675.6756756,6.164210597093957,1.3437449147880485
Niger,NER,2011,54000000,82000,8772950777.79176,510.75956176268,2.35775693603874,0.316,2.9423851401332,0,16.2303066053496,105500000,74000,7851192502.30917,-48.81516587677725,10.81081081081081,658536585.3658537,6.237854908807844,0.6155283594739642
Niger,NER,2012,51000000,94000,9426912647.59111,528.510104469655,10.5489445763446,2.177,0.455089820359289,119652,16.2141284004355,54000000,82000,8772950777.79176,-5.555555555555555,14.634146341463413,542553191.4893616,6.271952247899335,0.5410042705024131
Niger,NER,2013,59000000,123000,10224897437.8648,552.103334363117,5.31513063394726,1.3505,2.29723114955317,87936,16.2162595696064,51000000,94000,9426912647.59111,15.686274509803921,30.851063829787233,479674796.7479675,6.31554484548204,0.5770229027580408
Niger,NER,2014,100000000,135000,10862943543.5419,565.30989731175,6.64213665495603,0.524,-0.930287259984466,13227.5,16.2450424611665,59000000,123000,10224897437.8648,69.49152542372882,9.75609756097561,740740740.7407407,6.339141450120047,0.9205608001106728
Niger,NER,2015,80000000,135000,9683867926.44282,485.662574175279,4.39264883207291,2.939,-0.576090369833189,15243,16.3035606587493,100000000,135000,10862943543.5419,-20,0,592592592.5925926,6.187571016770036,0.8261161821667516
Niger,NER,2016,84000000,152000,10398861981.7583,502.706475406446,5.74089315058157,5.354,1.65388922387806,15044,16.3898280543236,80000000,135000,9683867926.44282,5,12.592592592592592,552631578.9473684,6.221993708349825,0.807780698958722
Niger,NER,2017,91000000,164000,11185104251.6943,521.804130023434,5.00536078615544,7.769,2.79637318871284,14713,16.5036987906896,84000000,152000,10398861981.7583,8.333333333333332,7.894736842105263,554878048.7804878,6.259206881534154,0.8135820458375744
Niger,NER,2018,114000000,157000,12837307496.8821,578.568035680892,7.21141802762897,4.15,2.96760366004456,14789.55,16.6449011799221,91000000,164000,11185104251.6943,25.274725274725274,-4.2682926829268295,726114649.6815287,6.3622830599970115,0.8880366854785406
Niger,NER,2019,130000000,192000,12889555561.2299,561.691304349698,5.93985257123522,0.531,-2.48979265070855,14866.1,16.813146499685,114000000,157000,12837307496.8821,14.035087719298245,22.29299363057325,677083333.3333334,6.332731172880513,1.008568521873811
Niger,NER,2020,130000000,85000,13744653103.058,579.512495758236,3.55064109436891,0.48833333333333334,2.8981937602627,14942.650000000001,17.0081420003794,130000000,192000,12889555561.2299,0,-55.729166666666664,1529411764.7058823,6.363911326760249,0.9458223428794775
Niger,NER,2021,130000000,85000,14915002436.069,608.722439593808,1.38359636198477,0.4456666666666667,3.8378680284051,15019.2,17.2295936666686,130000000,85000,13744653103.058,0,0,1529411764.7058823,6.41300383655635,0.8716056236479088
Niger,NER,2022,130000000,85000,15433852712.2963,609.745147574878,11.9000000000277,0.403,4.22621791916392,16149,17.477207007512,130000000,85000,14915002436.069,0,0,1529411764.7058823,6.414679765079482,0.8423042672710471
Niger,NER,2023,130000000,85000,16698786977.59,638.336080897887,1.66763406484279,0.403,3.70097316425834,5775,17.7506873295237,130000000,85000,15433852712.2963,0,0,1529411764.7058823,6.460430264312265,0.7784996609302327
North America,NAC,2010,206969357937.937,188476000,16672942337486.3,48545.7752706944,2.72408861915019,9.47758645184374,1.70845749165809,783774409.375339,80.7342788376108,NA,NA,NA,NA,NA,1098120492.46555,10.79028305072452,1.241348729867561
North America,NAC,2011,228403300798.486,172989421.875,17399367444174.5,50251.9815319984,1.68675931889908,8.80784798616693,3.03448832867276,796874011.954739,80.739712124815,206969357937.937,188476000,16672942337486.3,10.356094773689293,-8.216737475858995,1320331025.5787048,10.82482515813125,1.312710370255201
North America,NAC,2012,248930130172.222,197557890.625,18088716899521.6,51812.8921210048,2.24317308229351,7.99588953313322,1.79250774825292,807166400.792869,80.7337652170105,228403300798.486,172989421.875,17399367444174.5,8.987098392175277,14.202295425758962,1260036384.1945226,10.855413579955876,1.3761624528426641
North America,NAC,2013,271830923131.598,205052906.25,18696254170835,53133.8537338421,2.13356731596357,7.34976348971497,1.20156227672124,814697725.918431,80.7164808734964,248930130172.222,197557890.625,18088716899521.6,9.199687054167418,3.793832583091744,1325662377.1046793,10.880588371075842,1.4539325398968816
North America,NAC,2014,284052062212.414,204449359.375,19362844040439.9,54580.8673039295,2.54956232851526,6.26083245211775,1.76442944229339,838238607,80.6863203799841,271830923131.598,205052906.25,18696254170835,4.495860492994591,-0.2943371474404548,1389351686.308819,10.907457005914727,1.466995559222408
North America,NAC,2015,293969247357.57,205016531.25,19769184098217.1,55285.5686917861,2.76027570206345,5.4606408215288,0.621934248247613,878450302,80.6417223720746,284052062212.414,204449359.375,19362844040439.9,3.4913265786255545,0.2774143566572376,1433880700.0841303,10.92028527721058,1.487007485473727
North America,NAC,2016,291480722526.511,206045484.375,20230005494907.4,56112.2253713869,1.75713430738413,5.10340701910414,1.34517137635811,909445425,80.5816899364942,293969247357.57,205016531.25,19769184098217.1,-0.8465255646391133,0.501887881297377,1414642613.550414,10.935126810097511,1.4408336300248998
North America,NAC,2017,298204194729.914,206060750,21133744509244.1,58184.8571647569,2.50304866957114,4.57971738602629,1.86349706609469,940807001,80.5059159293977,291480722526.511,206045484.375,20230005494907.4,2.306661018651584,0.0074088617114349215,1447166404.7127557,10.971397600147284,1.4110334048917674
North America,NAC,2018,308764195752.146,201364921.875,22265612481783,60890.5689258698,2.94780933880656,4.10721129091519,2.3554044847046,980528000,80.4126136678733,298204194729.914,206060750,21133744509244.1,3.5411980142654516,-2.2788561746960543,1533356420.1604862,11.016850002831184,1.3867312026775225
North America,NAC,2019,305557753783.124,198713000,23132124767672.5,62874.6117089583,2.53012511444722,3.890566885067,1.88073954968807,1020089000,80.2981427760977,308764195752.146,201364921.875,22265612481783,-1.0384759674647888,-1.3169731104637066,1537683763.9365518,11.04891363632423,1.3209238530917216
North America,NAC,2020,305557753783.124,198713000,22723045707000.2,61468.3372208474,-2.38862032137294,8.23059990715153,0.97529201430706,397121000,80.2018989946434,305557753783.124,198713000,23132124767672.5,0,0,1537683763.9365518,11.026293747686548,1.3447042166930645
North America,NAC,2021,305557753783.124,198713000,25344749345423.2,68424.560031595,6.0466919748077,5.59210979982087,4.04652602445635,691104000,80.2350393397056,305557753783.124,198713000,22723045707000.2,0,0,1537683763.9365518,11.133501718480355,1.2056057434961462
North America,NAC,2022,305557753783.124,198713000,27803134368745.3,74535.6365392629,2.64058278650343,3.83303148633239,7.40280048696867,919704000,80.2778760108654,305557753783.124,198713000,25344749345423.2,0,0,1537683763.9365518,11.219046049118251,1.0990047011628108
North America,NAC,2023,305557753783.124,198713000,29474089705278.7,78190.0640735535,2.78367390829352,3.84073751321764,3.99766999081457,1030175000,80.3358741691711,305557753783.124,198713000,27803134368745.3,0,0,1537683763.9365518,11.266910649844908,1.0366995447136735
North Macedonia,MKD,2010,199000000,262000,9407170321.37752,4833.36586759968,3.35875085773812,33.135,1.50997522027621,NA,58.1206815541291,NA,NA,NA,NA,NA,759541984.7328244,8.483505244704636,2.115407643335407
North Macedonia,MKD,2011,242000000,327000,10494626767.6445,5416.86672931659,2.33988604520331,31.502,3.9047542206973,NA,58.2409503926967,199000000,262000,9407170321.37752,21.608040201005025,24.80916030534351,740061162.0795107,8.597457424578868,2.3059419392226412
North Macedonia,MKD,2012,237000000,351000,9745261300.57788,5049.8265386157,-0.456183223607937,31.096,3.31605566687647,NA,58.3924217811729,242000000,327000,10494626767.6445,-2.066115702479339,7.339449541284404,675213675.2136753,8.527307179889776,2.4319512087987443
North Macedonia,MKD,2013,270000000,400000,10817702346.0674,5626.26115664893,2.92525766450484,29.017,2.78500056726118,NA,58.578694432799,237000000,351000,9745261300.57788,13.924050632911392,13.96011396011396,675000000,8.635378129703192,2.4959089403874577
North Macedonia,MKD,2014,298000000,425000,11362265252.778,5925.38592218015,3.62912351276373,28.215,-0.281705032928494,NA,58.8033670608162,270000000,400000,10817702346.0674,10.37037037037037,6.25,701176470.5882353,8.68716984956692,2.622716451080395
North Macedonia,MKD,2015,268000000,486000,10064519962.5655,5262.68671928674,3.85586514041738,26.395,-0.299920475631552,NA,59.0700383784659,298000000,425000,11362265252.778,-10.06711409395973,14.352941176470587,551440329.218107,8.568586957420827,2.6628194985634006
North Macedonia,MKD,2016,283000000,510000,10672467073.2873,5598.48622617967,2.84820519363306,24.312,-0.23929078768441,NA,59.3823070989891,268000000,486000,10064519962.5655,5.597014925373134,4.938271604938271,554901960.7843137,8.630430127189323,2.651683046259624
North Macedonia,MKD,2017,331000000,631000,11307067069.6658,5955.2973863451,1.08177273813243,22.857,1.35161889677442,NA,59.7437719356273,283000000,510000,10672467073.2873,16.96113074204947,23.72549019607843,524564183.83518225,8.692204323105615,2.9273727480399856
North Macedonia,MKD,2018,387000000,707000,12683068114.2388,6713.98925398989,2.88059670964267,21.208,1.45831298507117,NA,60.1580316016216,331000000,631000,11307067069.6658,16.91842900302115,12.044374009508717,547383309.7595475,8.812097508656711,3.051312162910564
North Macedonia,MKD,2019,401000000,758000,12606338448.547,6718.85826635458,3.91041953840173,17.414,0.766439573459716,NA,60.6286848102132,387000000,707000,12683068114.2388,3.6175710594315245,7.213578500707214,529023746.70184696,8.812822341978487,3.1809395062387766
North Macedonia,MKD,2020,253000000,118000,12361036913.8409,6659.59651070776,-4.68845000956652,16.575,1.20007348888487,NA,61.1593302746435,401000000,758000,12606338448.547,-36.907730673316706,-84.43271767810026,2144067796.6101696,8.803964325695961,2.0467538586241973
North Macedonia,MKD,2021,253000000,118000,14000283827.0154,7620.80296977508,4.51067949038222,15.801,3.23074912132919,NA,61.6841975628139,253000000,118000,12361036913.8409,0,0,2144067796.6101696,8.938768230899615,1.8071062210310553
North Macedonia,MKD,2022,253000000,118000,13932436550.0883,7606.2375253797,2.75888415332967,14.476,14.2047173195833,NA,61.9530566607267,253000000,118000,14000283827.0154,0,0,2144067796.6101696,8.936855379089776,1.8159063498365369
North Macedonia,MKD,2023,253000000,118000,15855131188.9092,8674.35846327485,2.554965253403,13.174,9.36187249769016,NA,62.2518322545779,253000000,118000,13932436550.0883,0,0,2144067796.6101696,9.068241925376322,1.5956979288634057
Norway,NOR,2010,5299000000,4767000,431052143940.438,88163.2085931423,0.787051861494078,3.527,2.41890639481001,NA,79.245002746582,NA,NA,NA,NA,NA,1111600587.3715124,11.386956361372793,1.2293176300109545
Norway,NOR,2011,6565000000,4963000,501360549669.404,101221.813476644,1.10565603382983,3.196,1.28495158809152,NA,79.311620451463,5299000000,4767000,431052143940.438,23.891300245329308,4.1116005873715125,1322788635.905702,11.525079440041171,1.3094368921385908
Norway,NOR,2012,6784000000,4538000,512777309840.997,102175.919298374,2.71795924894734,3.129,0.696864111498362,NA,79.4905925441617,6565000000,4963000,501360549669.404,3.3358720487433358,-8.56336893008261,1494931687.968268,11.534461092678603,1.3229914564869487
Norway,NOR,2013,7175000000,4778000,526014468085.106,103553.840134417,1.01619084044641,3.425,2.12048620353112,NA,79.9723980455359,6784000000,4538000,512777309840.997,5.763561320754717,5.288673424416043,1501674340.7283382,11.547856607734419,1.3640309222139357
Norway,NOR,2014,7503000000,4855000,501736471832.848,97666.6951838749,2.04813200438943,3.486,2.04170286707211,NA,80.6117159535579,7175000000,4778000,526014468085.106,4.571428571428571,1.6115529510255338,1545417095.7775488,11.489326130168562,1.4954065373385097
Norway,NOR,2015,6370000000,5361000,388159512245.53,74809.9658049898,1.85733971623901,4.296,2.17113665389527,NA,81.2378240971353,7503000000,4855000,501736471832.848,-15.100626416100226,10.422245108135943,1188211154.6353292,11.22271975488858,1.641077907159637
Norway,NOR,2016,6285000000,5960000,370956547619.048,70867.3609970749,1.16472423928819,4.68,3.54999999999998,NA,81.6800003051758,6370000000,5361000,388159512245.53,-1.3343799058084773,11.173288565566125,1054530201.3422819,11.168579364643614,1.6942685175230687
Norway,NOR,2017,6565000000,6252000,401745275035.261,76131.8384032764,2.46374626574153,4.164,1.87510059552554,NA,81.9699745912375,6285000000,5960000,370956547619.048,4.455051710421639,4.899328859060403,1050063979.5265515,11.240234967242131,1.634120027777251
Norway,NOR,2018,7280000000,5688000,439788625883.8,82792.8427113304,0.828931500516902,3.801,2.76483134528788,NA,82.2452112401723,6565000000,6252000,401745275035.261,10.891089108910892,-9.021113243761997,1279887482.419128,11.324108974218527,1.655340673117705
Norway,NOR,2019,7040000000,5879000,408742840909.091,76430.5889473338,1.12374694968757,3.684,2.16773003305402,NA,82.4935894878281,7280000000,5688000,439788625883.8,-3.296703296703297,3.3579465541490854,1197482565.0620854,11.244151357597355,1.7223543253607163
Norway,NOR,2020,2196000000,1397000,367633418886.627,68340.0181033702,-1.27817177234034,4.424,1.28658490708005,NA,82.7029885700532,7040000000,5879000,408742840909.091,-68.80681818181819,-76.23745534954924,1571939871.1524696,11.132265423178598,0.5973341614727402
Norway,NOR,2021,2196000000,1397000,503367986030.268,93072.8925119571,3.90868676830634,4.359,3.48388055266678,NA,82.8612877226956,2196000000,1397000,367633418886.627,0,0,1571939871.1524696,11.441148999792414,0.4362613556969339
Norway,NOR,2022,2196000000,1397000,596297651035.798,109269.520580298,3.24622860260932,3.231,5.76412317852272,NA,82.9563661816034,2196000000,1397000,503367986030.268,0,0,1571939871.1524696,11.601581926718337,0.36827245523866164
Norway,NOR,2023,2196000000,1397000,482949731776.587,87497.2179649556,0.0721204806030329,3.574,5.51784987104659,NA,83.0718560702166,2196000000,1397000,596297651035.798,0,0,1571939871.1524696,11.37937370602352,0.454705708588295
OECD members,OED,2010,660380918074.752,1023509318.93545,45454235949425.1,35162.1991743522,2.96705999909368,8.50934064969534,1.80735230566098,1714226706.49298,78.7569427727752,NA,NA,NA,NA,NA,645212413.6608866,10.467755336691495,1.4528479123695497
OECD members,OED,2011,735999347131.552,1038728158.55374,48907463676194.2,37631.4111773315,1.87802028856423,8.11157505298668,3.37429759432522,1767775671.20223,78.9249730148856,660380918074.752,1023509318.93545,45454235949425.1,11.450728963710063,1.4869273133848113,708558193.085197,10.535620957466984,1.504881447143621
OECD members,OED,2012,754917816337.328,1089410317.44598,48848423144456.1,37353.4975162109,1.37675440586294,8.10356024885957,2.52945520915772,1813901529.85301,79.1610424174923,735999347131.552,1038728158.55374,48907463676194.2,2.5704464656806993,4.87925146486899,692960039.2505568,10.52820859873894,1.5454292436520645
OECD members,OED,2013,810930871926.864,1129790906.25,49513745558643.5,37640.7879025687,1.62046550836888,8.00537481534947,1.45156526398378,1880658281.43694,79.5300908320047,754917816337.328,1089410317.44598,48848423144456.1,7.41975541937761,3.706646445086771,717770755.1377841,10.535870092639467,1.6377893911629187
OECD members,OED,2014,860418165627.088,1163739359.375,50544319752323.1,38191.0527518506,2.17833905340592,7.4140493858487,0.624517311086569,1959633535.87687,79.9154433383975,810930871926.864,1129790906.25,49513745558643.5,6.10252925537741,3.0048438996275557,739356419.1978397,10.550382729805417,1.702304373356497
OECD members,OED,2015,837044510307.726,1200190531.25,47647221796959.1,35779.9123271942,2.51027367143098,6.86073564424497,0.338705695410168,2082857593,80.2234060840687,860418165627.088,1163739359.375,50544319752323.1,-2.7165460067113907,3.132245341824352,697426357.3267345,10.485169854982303,1.7567540745075445
OECD members,OED,2016,847291744905.13,1244329484.375,48552474323847.7,36229.3490773616,1.86249391596978,6.43812360171629,0.443258157565783,2190437625,80.3858304019222,837044510307.726,1200190531.25,47647221796959.1,1.224216212067005,3.677662169108202,680922340.5412647,10.497652418878909,1.7451051809505052
OECD members,OED,2017,907571275803.942,1299260750,50696690374014.3,37605.2706249889,2.61694093867455,5.91848995874386,1.82264336059063,2295787113,80.4525361907853,847291744905.13,1244329484.375,48552474323847.7,7.1143772214565155,4.41452736712984,698528971.8048837,10.534926087414286,1.790198273513211
OECD members,OED,2018,984306024850.827,1331200523.4375,53652083661572.9,39552.695671629,2.3646207330156,5.47611771934802,1.9324681228636,2413352567.63458,80.5375650291866,907571275803.942,1299260750,50696690374014.3,8.454955670441649,2.4583035728201597,739412288.0218657,10.585414411855027,1.8346091291805953
OECD members,OED,2019,997063700763.716,1364524985.83971,54168727321922,39708.8864576635,1.84575810333803,5.3879649204749,1.74071267870181,2504574292.338,80.6506807759512,984306024850.827,1331200523.4375,53652083661572.9,1.2961086888422084,2.5033390398734006,730703879.4530659,10.589355464832957,1.8406629619304455
OECD members,OED,2020,997063700763.716,1364524985.83971,52851603026620.4,38597.246423496,-3.88927214744993,7.14133648901973,0.73285164517586,872244225.3065,80.7381442404731,997063700763.716,1364524985.83971,54168727321922,0,0,730703879.4530659,10.560962124977864,1.8865344543315232
OECD members,OED,2021,997063700763.716,1364524985.83971,59024824389525.6,43027.7494275705,5.9755204126343,6.1919250033542,2.81528854435832,1302098734.934,80.8557897295598,997063700763.716,1364524985.83971,52851603026620.4,0,0,730703879.4530659,10.669623762606932,1.689227729308844
OECD members,OED,2022,997063700763.716,1364524985.83971,60588200976081.3,43950.173710934,3.09501591343316,4.98751389942902,8.23803240697186,2078770540.079,80.9495516047505,997063700763.716,1364524985.83971,59024824389525.6,0,0,730703879.4530659,10.690834608352503,1.6456400498792358
OECD members,OED,2023,997063700763.716,1364524985.83971,64648892594414.4,46580.4448807226,1.82235680918733,4.81803254986433,5.67767862615429,2431373977.12296,81.0542645072705,997063700763.716,1364524985.83971,60588200976081.3,0,0,730703879.4530659,10.748957562294352,1.5422749884038405
Oman,OMN,2010,1072000000,1500000,64993498049.4148,23570.1798147325,2.47199856582773,3.266,3.25657959078624,3262849,75.1579724666274,NA,NA,NA,NA,NA,714666666.6666666,10.067780050457339,1.6493957583033219
Oman,OMN,2011,1515000000,1393000,77497529258.7776,25188.0074151885,2.89460973541192,3.266,4.0421886711639,3795755,75.6585803514688,1072000000,1500000,64993498049.4148,41.32462686567165,-7.133333333333333,1087580760.9475951,10.134162964647652,1.9549010329621659
Oman,OMN,2012,1723000000,1714000,87408842652.7958,24642.2978768596,8.86312225557018,3.266,2.94773495257209,4430383,76.088156621068,1515000000,1393000,77497529258.7776,13.72937293729373,23.043790380473798,1005250875.1458577,10.112260251096377,1.9711964461582872
Oman,OMN,2013,1888000000,1923000,89936020806.2419,23458.0233840053,5.22770408145942,3.266,1.05354820265932,4994729,76.4914234214313,1723000000,1714000,87408842652.7958,9.576320371445155,12.193698949824972,981799271.9708788,10.063010492355675,2.099270106765682
Oman,OMN,2014,1971000000,2225000,92699089726.9181,23160.6502252547,1.29225229411081,3.266,1.01401483924156,5051804,76.8892576748951,1888000000,1923000,89936020806.2419,4.396186440677966,15.704628185127406,885842696.6292135,10.05025318239788,2.126234470916987
Oman,OMN,2015,2247000000,2634000,78710793237.9714,18808.3077921839,5.01705799719045,3.266,0.0652901330286599,6365784,77.3025363037955,1971000000,2225000,92699089726.9181,14.00304414003044,18.382022471910112,853075170.8428246,9.842107121627716,2.8547546118694296
Oman,OMN,2016,2324000000,3207000,75128738621.5865,17110.1897460545,5.04642394571691,3.266,1.10920805807027,7709851,77.7521362304688,2247000000,2634000,78710793237.9714,3.4267912772585665,21.753986332574033,724664795.7592766,9.747487899597626,3.0933568733340246
Oman,OMN,2017,2629000000,3178000,80856697009.1027,17820.0661809335,0.304057565922449,2.533,1.58909413567799,9035230,78.3142260040136,2324000000,3207000,75128738621.5865,13.123924268502583,-0.904271905207359,827249842.6683449,9.788136529814905,3.2514313560248844
Oman,OMN,2018,2874000000,3242000,91505851755.5267,19901.7615642016,1.28710391543288,1.8,0.889312370970404,10438241,78.9655839720276,2629000000,3178000,80856697009.1027,9.319132750095093,2.0138451856513533,886489821.0980875,9.898613773155063,3.1407827421555234
Oman,OMN,2019,3077000000,3506000,88060858257.4772,19180.1864152801,-1.12863801728058,2.37,0.490815362820671,11239996,79.5780017545962,2874000000,3242000,91505851755.5267,7.063326374391092,8.143121529919803,877638334.2840844,9.861685203421143,3.494174439003646
Oman,OMN,2020,669000000,869000,75909492847.8544,16784.8630630058,-3.37972052697999,2.94,-0.40640291946585,2496069,80.0176378922722,3077000000,3506000,88060858257.4772,-78.25804354891129,-75.21391899600684,769850402.7617952,9.728292326799764,0.8813126987172454
Oman,OMN,2021,669000000,869000,87323797139.1417,19403.4600160211,2.5821749892893,1.9,1.68221185876085,2075390,80.1239942103569,669000000,869000,75909492847.8544,0,0,769850402.7617952,9.873258216362032,0.7661141887062192
Oman,OMN,2022,669000000,869000,109852795838.752,23223.5829405935,7.98570728354278,3.3,2.5061425061425,5656180,80.0117053152301,669000000,869000,87323797139.1417,0,0,769850402.7617952,10.052966606172838,0.608996789651121
Oman,OMN,2023,669000000,869000,106174708036.51,21027.7384778886,1.41401395818599,3.2,0.950782997762827,8697025,79.5702973228932,669000000,869000,109852795838.752,0,0,769850402.7617952,9.95364528011138,0.6300935621786243
Pacific island small states,PSS,2010,1378233234.83129,1349967.00415346,6641384396.17265,2900.92919415648,3.66597211061234,NA,2.10244243416258,1679808.52104507,37.0835259513667,NA,NA,NA,NA,NA,1020938460.4148568,7.973131034165246,20.752197924660845
Pacific island small states,PSS,2011,1581634365.63766,1427095.93276674,7750253720.19441,3339.33261214487,3.87026168877591,NA,4.87864641704221,1691669.50847461,37.2915597502513,1378233234.83129,1349967.00415346,6641384396.17265,14.758106659013226,5.71339361450883,1108288748.7257519,8.113825665487054,20.407517259937986
Pacific island small states,PSS,2012,1671951539.1079,1519503.13739346,8215475282.96577,3493.08705679511,1.02877043788416,NA,2.0490188352116,1701510.525037,37.5021404218298,1581634365.63766,1427095.93276674,7750253720.19441,5.710369945953161,6.475192207125711,1100327796.6085336,8.15882740646692,20.351245442544
Pacific island small states,PSS,2013,1705351733.34213,1571298.37390325,8541905877.81349,3584.6215764592,3.24267307557558,NA,1.60563054554341,1807896,37.7261145063194,1671951539.1079,1519503.13739346,8215475282.96577,1.9976771726321279,3.4086955949718667,1085313751.77706,8.18468712055957,19.964534352591773
Pacific island small states,PSS,2014,1820070721.1771,1590536.61141141,9287744622.48688,3846.91150223659,3.56865422427055,NA,1.45142452367373,2006028,37.9658622454185,1705351733.34213,1571298.37390325,8541905877.81349,6.726998635650662,1.224352919068469,1144312371.1324105,8.255285813141866,19.596476810639945
Pacific island small states,PSS,2015,1806695409.41858,1675831.86865082,9105865614.90318,3722.7745565917,4.00430128788743,NA,0.648242939254492,2120856,38.2258875864973,1820070721.1771,1590536.61141141,9287744622.48688,-0.73487868371783,5.362671731505816,1078088705.2071135,8.222493098592308,19.841006729350795
Pacific island small states,PSS,2016,1932423304.09539,1836886.92745203,9556119494.38469,3856.70459060951,3.71614197204156,NA,1.07339388853343,2238966,38.5106153371305,1806695409.41858,1675831.86865082,9105865614.90318,6.958997848855499,9.610454474223127,1052009938.7804344,8.257827619929929,20.221841148291514
Pacific island small states,PSS,2017,2029445731.80946,1885809.47177424,10290493043.4688,4099.79965867267,3.9129814304377,NA,1.58394248575812,2543172,38.8043513180851,1932423304.09539,1836886.92745203,9556119494.38469,5.02076473143591,2.6633400015574846,1076166899.246763,8.318937272375475,19.7215597273788
Pacific island small states,PSS,2018,2248465667.51225,1928869.84006484,10796141328.2336,4247.0901276249,2.72096683103047,NA,2.89621932270298,2681606,39.0330726122061,2029445731.80946,1885809.47177424,10290493043.4688,10.792106054864112,2.2833891193730773,1165690717.3356326,8.354224779180912,20.826567559208957
Pacific island small states,PSS,2019,2233673134.26989,1752269.77187474,10624838178.1263,4136.34140894161,1.13416567850717,NA,1.40719939417024,2609710.5531334,39.2708800377762,2248465667.51225,1928869.84006484,10796141328.2336,-0.6578945569903625,-9.155623905870362,1274731305.716756,8.32780868878553,21.023126157991047
Pacific island small states,PSS,2020,2233673134.26989,1752269.77187474,9323221713.12119,3592.04110507296,-10.2494743524661,NA,0.386388224517504,787299.92,39.4509108653665,2233673134.26989,1752269.77187474,10624838178.1263,0,0,1274731305.716756,8.186754227368969,23.958168141880538
Pacific island small states,PSS,2021,2233673134.26989,1752269.77187474,9453908127.9322,3600.81254375167,-2.70502133423179,NA,2.47788271992717,449526.842,39.6583318985728,2233673134.26989,1752269.77187474,9323221713.12119,0,0,1274731305.716756,8.189192482113935,23.626981604256912
Pacific island small states,PSS,2022,2233673134.26989,1752269.77187474,10350119919.8256,3896.81060847355,8.46598449677872,NA,6.09871755232029,1626077.156,39.9427900823495,2233673134.26989,1752269.77187474,9453908127.9322,0,0,1274731305.716756,8.268170292040937,21.581132890946517
Pacific island small states,PSS,2023,2233673134.26989,1752269.77187474,11224282183.2085,4173.79964748513,6.92898966603425,NA,7.92164684826777,2840873.427,40.2526358335376,2233673134.26989,1752269.77187474,10350119919.8256,0,0,1274731305.716756,8.336821647507149,19.900365099618217
Panama,PAN,2010,2621000000,1726000,30231009532.9507,8331.46422259967,6.07339340909564,5.832,3.491288726188,5524157.42969209,65.0926097647906,NA,NA,NA,NA,NA,1518539976.825029,9.027914516455265,8.669905638259303
Panama,PAN,2011,3630000000,2004000,35687738251.8135,9662.29590911979,11.9088772241134,3.922,5.8758024367877,6380080.18386967,65.1896678664818,2621000000,1726000,30231009532.9507,38.49675696299123,16.10660486674392,1811377245.508982,9.176090060434275,10.171560815613018
Panama,PAN,2012,4585000000,2086000,41595439720.9767,11064.8063662003,9.62729355007232,3.714,5.69819959165992,7517581.27701275,65.2829468288151,3630000000,2004000,35687738251.8135,26.30853994490358,4.091816367265469,2197986577.181208,9.311615125220767,11.022842962488918
Panama,PAN,2013,5419000000,2202000,46949496479.4008,12273.3224983788,6.32435373509259,3.732,4.0271599157106,11656416,65.3709770103365,4585000000,2086000,41595439720.9767,18.189749182115595,5.560882070949185,2460944595.82198,9.415264757524737,11.542189813212584
Panama,PAN,2014,5749000000,2305000,51427104881.9655,13213.1989591137,4.62581384604574,4.444,2.62652699929151,11812712.8383915,65.4531164770096,5419000000,2202000,46949496479.4008,6.089684443624285,4.677565849227975,2494143167.028199,9.489047209167392,11.178929891532869
Panama,PAN,2015,5754000000,2553000,55767806073.1781,14082.6548434996,5.26691726402875,4.402,0.137492058461504,12193261,65.5287232947981,5749000000,2305000,51427104881.9655,0.08697164724299877,10.759219088937092,2253819036.427732,9.552770172980862,10.317780822235761
Panama,PAN,2016,6283000000,2379000,59760858717.8359,14832.3611652459,4.57196696307969,4.843,0.739734025300033,13285098,65.5971555296656,5754000000,2553000,55767806073.1781,9.1936044490789,-6.815511163337249,2641025641.025641,9.604634055793174,10.513570478740144
Panama,PAN,2017,6827000000,2517000,64327688826.3137,15694.6297518495,5.74405946988693,5.461,0.875585918759878,11975372,65.6577712475758,6283000000,2379000,59760858717.8359,8.65828425911189,5.800756620428752,2712355979.3404846,9.661137592832324,10.612848253312915
Panama,PAN,2018,7139000000,2487000,67316471181.2488,16151.3273433486,3.9181980847881,5.313,0.761578359399944,12631703,65.7099285144924,6827000000,2517000,64327688826.3137,4.570089351105903,-1.1918951132300357,2870526739.0430236,9.689819426215532,10.605131069301489
Panama,PAN,2019,7052000000,2494000,69778991192.5571,16477.9066268111,3.10306793272473,6.409,-0.355083821021245,12497758,65.752985396379,7139000000,2487000,67316471181.2488,-1.2186580753606948,0.2814636107760354,2827586206.8965516,9.709836455802014,10.106193683052549
Panama,PAN,2020,1841000000,647000,57059846521.5327,13290.5608397749,-17.8212299459324,18.548,-1.5502754080376,3074172,65.7862999591993,7052000000,2494000,69778991192.5571,-73.89393079977312,-74.05773857257418,2845440494.5904174,9.494884589489526,3.2264369994497986
Panama,PAN,2021,1841000000,647000,67396392506.2378,15509.8069124139,16.4671248604202,10.293,1.63070337301898,8208378,65.8092302689169,1841000000,647000,57059846521.5327,0,0,2845440494.5904174,9.649292280118019,2.7316002111383164
Panama,PAN,2022,1841000000,647000,76479304470.9375,17378.6070017557,11.0385475261766,8.281,2.85965128834711,13807991,65.8211343914956,1841000000,647000,67396392506.2378,0,0,2845440494.5904174,9.763052786466815,2.407187163554277
Panama,PAN,2023,1841000000,647000,83812155244.3352,18797.1933994045,7.16632946099945,6.678,1.48641355277038,15750293,65.8601271176084,1841000000,647000,76479304470.9375,0,0,2845440494.5904174,9.84151604842419,2.196578759528358
Paraguay,PRY,2010,243000000,3171000,27260886405.2341,4750.96273669458,11.0952312685449,4.569,4.65116279069765,715072,59.5122792618786,NA,NA,NA,NA,NA,76631977.29422896,8.466313019407059,0.8913870091668916
Paraguay,PRY,2011,261000000,3365000,33756238766.4931,5805.40154542925,4.28637120706239,4.67,8.2539682539683,845395.688848872,59.693499539898,243000000,3171000,27260886405.2341,7.4074074074074066,6.117943866288237,77563150.0742942,8.666716302618395,0.773190407276868
Paraguay,PRY,2012,291000000,3655000,33271921136.3071,5642.16991672846,-0.708043112304196,4.085,3.67591897974496,794176,59.9212909454702,261000000,3365000,33756238766.4931,11.494252873563218,8.618127786032689,79616963.06429549,8.638201228578803,0.8746113541440623
Paraguay,PRY,2013,299000000,3538000,38501122141.4135,6435.68342733004,8.29307648937821,4.385,2.68385738718582,711548.47,60.2375315600901,291000000,3655000,33271921136.3071,2.7491408934707904,-3.20109439124487,84511023.17693612,8.769768690686334,0.7766007414063978
Paraguay,PRY,2014,314000000,3455000,40377929295.6522,6652.25478942461,5.30123864475758,5.034,5.02882767456766,608844,60.7101965948157,299000000,3538000,38501122141.4135,5.016722408026756,-2.345958168456755,90882778.58176556,8.802861455930962,0.7776525579131438
Paraguay,PRY,2015,348000000,4102000,36211447840.1027,5879.33792308762,2.95715168364671,4.556,3.12900274473925,452004,61.3302768533263,314000000,3455000,40377929295.6522,10.828025477707007,18.726483357452967,84836665.0414432,8.679369509154201,0.9610220545078682
Paraguay,PRY,2016,356000000,4318000,36089700222.9546,5775.15963399596,4.26802583314358,5.255,4.08682280577241,467713,62.0827613208606,348000000,4102000,36211447840.1027,2.2988505747126435,5.2657240370550955,82445576.6558592,8.661494317655428,0.9864310254745999
Paraguay,PRY,2017,399000000,4744000,38997129473.5613,6152.2671153779,4.81007885552178,6.138,3.60247741348943,454276,62.9526389826574,356000000,4318000,36089700222.9546,12.07865168539326,9.865678554886522,84106239.460371,8.724738458016295,1.0231522303981584
Paraguay,PRY,2018,393000000,4183000,40225448340.6341,6258.44991640984,3.20425034080199,6.217,3.97561015740694,710407,63.9248988239553,399000000,4744000,38997129473.5613,-1.5037593984962405,-11.825463743676222,93951709.29954578,8.741847587455124,0.976993461134422
Paraguay,PRY,2019,409000000,4368000,37925338329.156,5821.18199548738,-0.401855100701937,6.595,2.75709727562775,632389,64.9845298299929,393000000,4183000,40225448340.6341,4.071246819338422,4.422663160411188,93635531.13553113,8.669430383777032,1.0784346772341686
Paraguay,PRY,2020,104000000,1077000,35432178068.1756,5365.47220721104,-0.819785390945569,7.548,1.76751592356698,131713,66.116520986009,409000000,4368000,37925338329.156,-74.57212713936431,-75.3434065934066,96564531.10492109,8.58792602696678,0.29351850682137576
Paraguay,PRY,2021,104000000,1077000,39950899938.7474,5976.93179789949,4.01673731776404,7.329,4.787983101236,111964,67.3058612772421,104000000,1077000,35432178068.1756,0,0,96564531.10492109,8.695829933929604,0.2603195426372184
Paraguay,PRY,2022,104000000,1077000,41952910858.0846,6205.62595379319,0.176038366149214,6.762,9.76556667164402,321913,68.6396537819458,104000000,1077000,39950899938.7474,0,0,96564531.10492109,8.733372702602207,0.24789698228998694
Paraguay,PRY,2023,104000000,1077000,43118053174.5461,6299.99026533713,4.9992279112746,5.801,4.63202285403356,407865,69.3466081733694,104000000,1077000,41952910858.0846,0,0,96564531.10492109,8.748462085001508,0.2411982739086058
Peru,PER,2010,2475000000,2948000,147527631520.729,5072.11494019615,8.33245910749577,3.595,1.52832059732901,7106025.29251721,77.4020936833934,NA,NA,NA,NA,NA,839552238.8059702,8.531710294553493,1.6776518232465756
Peru,PER,2011,2814000000,3299000,171761737046.585,5861.35793645245,6.32719240161117,3.477,3.36931095333853,8609620.35441221,78.0118164985462,2475000000,2948000,147527631520.729,13.696969696969695,11.906377204884668,852985753.2585632,8.676307179872852,1.6383159884071217
Peru,PER,2012,3074000000,3642000,192650021648.583,6519.37852981527,6.13972470560435,3.238,3.61121294940163,10074855.6119232,78.6488061451268,2814000000,3299000,171761737046.585,9.23951670220327,10.397090027280994,844041735.3102691,8.782687709955606,1.5956395819188376
Peru,PER,2013,3916000000,4010000,201175543571.392,6746.80025696601,5.85251821084928,3.575,2.76789666082002,12255937.7629497,79.3105527820586,3074000000,3642000,192650021648.583,27.391021470396876,10.104338275672706,976558603.4912719,8.8169718428967,1.9465586773027967
Peru,PER,2014,3907000000,4062000,200786250582.943,6667.13410360861,2.38215737180541,3.208,3.41194579807465,12284677,79.9945465682649,3916000000,4010000,201175543571.392,-0.22982635342185903,1.2967581047381544,961841457.4101428,8.805095355187438,1.945850370061098
Peru,PER,2015,4140000000,4381000,189802976285.619,6231.71150338894,3.25224477218451,3.272,3.39809194746308,13877662,80.698277662669,3907000000,4062000,200786250582.943,5.963654978244177,7.853274249138356,944989728.3725176,8.737566750383719,2.181209210212833
Peru,PER,2016,4288000000,4718000,191898104390.379,6217.03599995447,3.95331871520767,3.741,3.55717663556279,15081755,81.4192362241943,4140000000,4381000,189802976285.619,3.5748792270531404,7.6923076923076925,908859686.3077575,8.735209380237588,2.234519206754073
Peru,PER,2017,4439000000,4992000,211007984080.911,6736.16693725487,2.51883544233135,3.691,2.99490045809443,16094150,82.1931650502403,4288000000,4718000,191898104390.379,3.521455223880597,5.807545570156846,889222756.4102564,8.81539477982167,2.1037118663234398
Peru,PER,2018,4505000000,5384000,222597009739.235,6978.49121548627,3.969351341365,3.492,1.50915423024742,17758527.272,82.6854929960921,4439000000,4992000,211007984080.911,1.4868213561612977,7.852564102564102,836738484.3982168,8.85073130133554,2.023836710689626
Peru,PER,2019,4703000000,5275000,228346006003.648,7037.00803692604,2.24063176875049,3.379,2.25212191358027,18820572,83.1033003087105,4505000000,5384000,222597009739.235,4.395116537180909,-2.024517087667162,891563981.0426539,8.859080459814104,2.05959372020935
Peru,PER,2020,1002000000,1119000,201409694755.934,6133.32552410183,-10.9333065010382,7.179,2.00241205759292,5705074,83.5267437189637,4703000000,5275000,228346006003.648,-78.69445035083989,-78.7867298578199,895442359.2493298,8.721655412079567,0.49749343059886586
Peru,PER,2021,1002000000,1119000,226328766459.634,6826.20255614477,13.3626240903125,5.097,4.27166381536798,9053965,83.9480118272361,1002000000,1119000,201409694755.934,0,0,895442359.2493298,8.828670286839683,0.44271880047501955
Peru,PER,2022,1002000000,1119000,246065570308.155,7350.63034300417,2.8090335533015,4.003,8.33370630096231,14774576,84.3663554951194,1002000000,1119000,226328766459.634,0,0,895442359.2493298,8.902677382984207,0.40720853337797996
Peru,PER,2023,1002000000,1119000,266958720837.988,7887.54185920108,-0.403242151494268,4.569,6.45561348369586,17717402.523,84.7810255849745,1002000000,1119000,246065570308.155,0,0,895442359.2493298,8.973166588040922,0.37533892762697724
Philippines,PHL,2010,3441000000,3520000,208368893151.144,2162.91375885614,7.33449996034538,3.605,3.78983634797591,22575356,45.5208176726647,NA,NA,NA,NA,NA,977556818.1818181,7.679673786517955,1.6513981276005583
Philippines,PHL,2011,4053000000,3917000,234216730291.32,2383.91892522087,3.85823282795663,3.592,4.7184170471842,26326620.7628322,46.6833632464759,3441000000,3520000,208368893151.144,17.785527462946817,11.27840909090909,1034720449.3234619,7.776920409126562,1.730448544371214
Philippines,PHL,2012,4963000000,4273000,261920540962.63,2614.61644401308,6.89695171050985,3.504,3.02696391124796,28540727.3608103,47.9182784810426,4053000000,3917000,234216730291.32,22.452504317789295,9.088588205259127,1161479054.5284345,7.869255082566379,1.8948494767762811
Philippines,PHL,2013,5599000000,4681000,283902828588.718,2781.27957677397,6.75053130142255,3.497,2.58268766141795,25540880,49.1313688766206,4963000000,4273000,261920540962.63,12.814829740076567,9.5483267025509,1196111941.892758,7.931025862320517,1.9721536512449167
Philippines,PHL,2014,6059000000,4833000,297483555338.044,2866.83803761407,6.34798748260867,3.6,3.59782343864211,34897404,50.2392400212368,5599000000,4681000,283902828588.718,8.215752813002322,3.2471694082461013,1253672667.0804882,7.961313727884333,2.0367512392793894
Philippines,PHL,2015,6414000000,5361000,306445871242.322,2909.85818010301,6.34830971672761,3.068,0.674192536845408,37023422,51.1549047745227,6059000000,4833000,297483555338.044,5.859052648951972,10.924891371818745,1196418578.6233912,7.976203223940836,2.0930286885569203
Philippines,PHL,2016,6289000000,5967000,318627003016.731,2985.19564024046,7.14945675000752,2.695,1.25369880080982,40206684,51.9114748151175,6414000000,5361000,306445871242.322,-1.948861864671032,11.303861219921657,1053963465.7281717,8.00175549512246,1.9737812365105059
Philippines,PHL,2017,8349000000,6621000,328480736802.76,3038.12124959289,6.9309883258402,2.552,2.85318772590947,39341995,52.6010482354344,6289000000,5967000,318627003016.731,32.75560502464621,10.960281548516843,1260987766.1984594,8.019323689979693,2.5417015564639494
Philippines,PHL,2018,9715000000,7168000,346841896587.313,3168.51036609727,6.34148557153473,2.338,5.30934661627707,43080118,53.2088897464754,8349000000,6621000,328480736802.76,16.36124086716972,8.26159190454614,1355329241.0714285,8.061332396296967,2.8009880281445105
Philippines,PHL,2019,11455000000,8261000,376823402239.136,3400.78949767074,6.11852566221303,2.237,2.39206534422404,47776892,53.7157859948017,9715000000,7168000,346841896587.313,17.91044776119403,15.248325892857142,1386636000.484203,8.1320568949893,3.0398855092154125
Philippines,PHL,2020,2769000000,1483000,361751145451.597,3227.57910235199,-9.51829474045297,2.522,2.3931623931624,10613531,54.1077719895977,11455000000,8261000,376823402239.136,-75.8271497162811,-82.04817818666021,1867161159.8111935,8.079797413036927,0.7654433261139453
Philippines,PHL,2021,2769000000,1483000,394087359848.11,3484.38593882819,5.71473313185116,3.398,3.92718022100332,6886922,54.4504102510776,2769000000,1483000,361751145451.597,0,0,1867161159.8111935,8.156334059911922,0.70263608583316
Philippines,PHL,2022,2769000000,1483000,404353369604.631,3548.06930572116,7.58098212785563,2.598,5.82115811213955,27737718,54.7902343568327,2769000000,1483000,394087359848.11,0,0,1867161159.8111935,8.17444068069509,0.6847970631993188
Philippines,PHL,2023,2769000000,1483000,437055627244.424,3804.08274131097,5.51894967862863,2.409,5.97802515541409,41501834,55.1242716168851,2769000000,1483000,404353369604.631,0,0,1867161159.8111935,8.244093015476171,0.6335577961684572
Poland,POL,2010,9875000000,58340000,478111630683.514,12567.7317676382,3.16892748258036,9.578,2.58069370250543,4099082,60.8474783987677,NA,NA,NA,NA,NA,169266369.55776483,9.438967402909324,2.065417230256998
Poland,POL,2011,11471000000,60745000,527848543023.469,13867.6669408192,5.25546256612796,9.576,4.2394014962594,4448727.0598285,60.7357090652544,9875000000,58340000,478111630683.514,16.162025316455697,4.122386013027082,188838587.53806898,9.537387397717982,2.173161250819249
Poland,POL,2012,11704000000,67390000,498148649702.66,13087.420943321,1.51178167644575,10.031,3.56037151702783,4909100.39206908,60.6341632788866,11471000000,60745000,527848543023.469,2.0312091360822944,10.939171948308504,173675619.5281199,9.479483220865133,2.3494994931705633
Poland,POL,2013,12242000000,72310000,518179836405.36,13621.9023794031,0.684240607051805,10.293,0.991982606332428,5002975.74866764,60.5333187465323,11704000000,67390000,498148649702.66,4.596719070403281,7.300786466834842,169298852.16429263,9.519507653874065,2.362500263407272
Poland,POL,2014,12691000000,73750000,542134167178.627,14262.2841914116,3.92050862390032,8.971,0.0538213132399802,5038745.42598332,60.4340063344328,12242000000,72310000,518179836405.36,3.6677013559875835,1.9914258055593972,172081355.93220338,9.565443975404609,2.340933438312229
Poland,POL,2015,11164000000,77743000,480054118583.367,12637.5220324406,4.43176700264478,7.475,-0.87412587412577,4448883,60.3362886805635,12691000000,73750000,542134167178.627,-12.032148766842644,5.414237288135594,143601353.1764918,9.444504733051016,2.3255711320516963
Poland,POL,2016,11922000000,80476000,473259583969.643,12464.0110508476,3.03117767594847,6.141,-0.664767331433961,5497163,60.2402284228997,11164000000,77743000,480054118583.367,6.789681117878897,3.5154290418429954,148143545.90188378,9.430680882507414,2.5191248954748544
Poland,POL,2017,13925000000,83804000,528356676667.211,13913.3402919927,5.15245773325907,4.867,2.0759355367385,7376512,60.145888199417,11922000000,80476000,473259583969.643,16.80087233685623,4.135394403300364,166161519.7365281,9.540675262990094,2.63553024215321
Poland,POL,2018,15569000000,85946000,594616687350.017,15658.2120316794,6.2458584723942,3.835,1.81295156542679,9277538,60.0533306480907,13925000000,83804000,528356676667.211,11.806104129263915,2.5559639158035417,181148628.20840994,9.658814651016986,2.6183254407785257
Poland,POL,2019,15712000000,88515000,602683770144.88,15874.5220531254,4.58045817256199,3.267,2.227478809383,10225516,59.9626184068963,15569000000,85946000,594616687350.017,0.9184918748795684,2.9890861703860563,177506637.29311416,9.672533708456431,2.607005660069952
Poland,POL,2020,8379000000,88515000,605914237903.742,16150.9304813473,-2.03556882399977,3.155,3.37446972618589,2686258,59.8738141138092,15712000000,88515000,602683770144.88,-46.67133401221996,0,94661921.70818505,9.68979485595588,1.3828689731715997
Poland,POL,2021,8379000000,88515000,689170230665.35,18635.5104895754,6.92718266052501,3.268,5.05502704719272,3676185,59.8096513205543,8379000000,88515000,605914237903.742,0,0,94661921.70818505,9.832877865219565,1.2158099156300772
Poland,POL,2022,8379000000,88515000,695607470875.276,18891.2121169279,5.25545697386036,2.811,14.4294507575758,7057609,59.8315488048321,8379000000,88515000,689170230665.35,0,0,94661921.70818505,9.846505058823391,1.2045586556821748
Poland,POL,2023,8379000000,88515000,812451193396.143,22145.2660647429,0.249610834017872,2.743,11.5289127961105,8782362,59.8859561370214,8379000000,88515000,695607470875.276,0,0,94661921.70818505,10.005424186307753,1.0313234897193984
Portugal,PRT,2010,12984000000,6756000,238443864993.217,22551.935098809,1.73762453640036,10.771,1.40257289895369,10428173.5126738,61.0788867241731,NA,NA,NA,NA,NA,1921847246.8916519,10.023620496053217,5.4453068022401645
Portugal,PRT,2011,14911000000,7264000,245426767676.002,23246.5425416481,-1.71352745905065,12.715,3.65301100430724,11014639,61.1410698395502,12984000000,6756000,238443864993.217,14.841343191620457,7.519242155121374,2052725770.92511,10.053954708295752,6.075539412915475
Portugal,PRT,2012,14578000000,7503000,216536676771.973,20593.4274224109,-4.05090267621935,15.509,2.77333854051586,11338080,61.1409793914666,14911000000,7264000,245426767676.002,-2.2332506203473943,3.2901982378854626,1942956150.8729842,9.932775804707104,6.732346786383707
Portugal,PRT,2013,16080000000,9177000,226677408291.745,21676.4859642714,-0.984106574148328,16.237,0.274416666666663,11860998,61.1405315215642,14578000000,7503000,216536676771.973,10.303196597612843,22.31107556977209,1752206603.4651847,9.984029487771988,7.093781476142628
Portugal,PRT,2014,17577000000,10497000,230078616299.675,22120.6850127107,0.741391420706506,13.88,-0.278153367467428,12635439,61.1394537361116,16080000000,9177000,226677408291.745,9.309701492537313,14.383785550833606,1674478422.4064019,10.004313628716524,7.639562634150295
Portugal,PRT,2015,16007000000,11723000,199038523119.639,19215.7813014347,1.58979803702681,12.405,0.48793862390472,12706909,61.137469211538,17577000000,10497000,230078616299.675,-8.932127211697104,11.67952748404306,1365435468.7366714,9.863539202393854,8.042161763016317
Portugal,PRT,2016,17347000000,13359000,206305431241.638,19980.2808866516,2.00414129666575,11.058,0.607397074641719,13105120,61.1343011242723,16007000000,11723000,199038523119.639,8.371337539826326,13.955472148767381,1298525338.7229583,9.902551158588707,8.408406843968201
Portugal,PRT,2017,21586000000,15432000,220862990767.229,21442.3842768879,3.31472008175986,8.878,1.36861411643472,15937325,61.1296726507436,17347000000,13359000,206305431241.638,24.436501988816513,15.51762856501235,1398781752.2032142,9.973171451463381,9.773479895846302
Portugal,PRT,2018,24366000000,16186000,242092894542.888,23541.1401075289,2.94628343449202,6.966,0.993715683468326,17367956,61.1233069673808,21586000000,15432000,220862990767.229,12.878717687389976,4.885951270088128,1505375015.4454467,10.066547290340703,10.064731575871773
Portugal,PRT,2019,24592000000,17283000,240115970063.019,23343.3628970034,2.74568432648596,6.422,0.338178410046034,22047878.978,61.114927250613,24366000000,16186000,242092894542.888,0.9275219568250842,6.777462004201161,1422901116.7042758,10.058110816263882,10.24171778059817
Portugal,PRT,2020,10522000000,4208000,229618773422.577,22299.4044062173,-8.20463159324387,6.85,-0.0124383299575305,6219531.061,61.1042566768691,24592000000,17283000,240115970063.019,-57.213728041639555,-75.65237516634843,2500475285.1711025,10.012360092091727,4.582377931544789
Portugal,PRT,2021,10522000000,4208000,256055879091.139,24711.4510062111,5.55875672070374,6.712,1.26565719069044,8056494.578,61.0951249296597,10522000000,4208000,229618773422.577,0,0,2500475285.1711025,10.115062484926016,4.109259290334381
Portugal,PRT,2022,10522000000,4208000,256898677175.024,24620.5197587181,6.98584137580278,6.138,7.83269124233323,15664429.666,61.1259255772782,10522000000,4208000,256055879091.139,0,0,2500475285.1711025,10.111376126457117,4.09577819384076
Portugal,PRT,2023,10522000000,4208000,292323800948.839,27634.6183139773,3.09997909018263,6.498,4.31128191898672,18288977,61.2048652633664,10522000000,4208000,256898677175.024,0,0,2500475285.1711025,10.226860738324184,3.599433219548724
Post-demographic dividend,PST,2010,684937681376.384,968795923.894539,42835110366846.5,39801.8641147794,2.90294693219326,8.36746945169925,1.99621236745887,1576171421.66772,79.8703220718842,NA,NA,NA,NA,NA,706998929.7879672,10.591694151366239,1.5990099605451509
Post-demographic dividend,PST,2011,777851552011.172,994042514.717074,46024007727818.3,42635.8220864603,1.66465923463286,8.00708214363611,3.3298532335065,1619241221.53047,79.979849594125,684937681376.384,968795923.894539,42835110366846.5,13.565302824057992,2.605976160701036,782513363.8600612,10.66047352713314,1.6900995598021662
Post-demographic dividend,PST,2012,805873767655.707,1040611729.01327,45942497522573,42374.8223653419,1.24020368594316,8.06427147777649,2.48567562177015,1648538084.47385,80.0815323364536,777851552011.172,994042514.717074,46024007727818.3,3.602514589330351,4.684831242801581,774423106.3202157,10.654333251346166,1.7540922046298326
Post-demographic dividend,PST,2013,867692820984.779,1080304353.78184,46413780180350.6,42643.099618304,1.51944470661012,7.95976051610485,1.40858109183019,1699478102.82541,80.1971424914534,805873767655.707,1040611729.01327,45942497522573,7.671059142290253,3.8143549281543705,803192931.6467456,10.66064419911266,1.8694724230889497
Post-demographic dividend,PST,2014,910481196720.251,1105378388.11543,47352271526907.4,43322.2029738924,2.0150490019607,7.4118096436918,0.906794000434246,1761628444.73137,80.2993784930294,867692820984.779,1080304353.78184,46413780180350.6,4.931281520447489,2.3210157624388836,823682827.9884671,10.676443635913824,1.9227825136179162
Post-demographic dividend,PST,2015,863146141122.514,1128129854.07553,44767511150189.7,40775.9479386213,2.23434134376603,6.83864785058463,0.36804684232536,1848558208,80.4010562437734,910481196720.251,1105378388.11543,47352271526907.4,-5.198905344585697,2.0582513829394764,765112400.8501995,10.615872199214376,1.9280637206450026
Post-demographic dividend,PST,2016,880103292404.246,1175947745.43724,45775578499373.8,41502.2222895522,1.81390436287271,6.41061326905691,0.607397074641719,1927693057,80.5121392394334,863146141122.514,1128129854.07553,44767511150189.7,1.964574765946275,4.238686813309734,748420408.8311821,10.63352634873591,1.922648104635719
Post-demographic dividend,PST,2017,934170637887.963,1223167398.08182,47734461117479.6,43114.2688521392,2.48507639025186,5.85049610475384,1.73079959118887,2000358525,80.5730282090702,880103292404.246,1175947745.43724,45775578499373.8,6.143295446153497,4.015455008761716,763730818.3270223,10.671632479065446,1.9570151542904601
Post-demographic dividend,PST,2018,1011618616788.33,1257774889.54502,50607464286251.2,45535.8018785923,2.26322982357576,5.3046309754595,1.7386086198818,2089907217.41444,80.6378758071412,934170637887.963,1223167398.08182,47734461117479.6,8.2905601781133509,2.8293340320770333,804292266.6028631,10.726276110506847,1.9989514018452053
Post-demographic dividend,PST,2019,1000792534069.71,1275198369.71218,51107356012296.7,45840.3536114764,1.81429619722211,4.968495245165,1.61963190184048,2176459264.46508,80.7013034408387,1011618616788.33,1257774889.54502,50607464286251.2,-1.070174326466081,1.3852622048658054,784813216.390478,10.732941879998817,1.958216218089846
Post-demographic dividend,PST,2020,1000792534069.71,1275198369.71218,49979090891717.8,44743.7389324311,-4.06542885568155,6.767144297321,0.632267331911716,730930007.4665,80.7390431771351,1000792534069.71,1275198369.71218,51107356012296.7,0,0,784813216.390478,10.708729151035877,2.002422445494211
Post-demographic dividend,PST,2021,1000792534069.71,1275198369.71218,55667487544829.4,49855.2269396596,5.68828382614926,5.84133641161545,2.50835221473776,1067970234.934,80.8170538137498,1000792534069.71,1275198369.71218,49979090891717.8,0,0,784813216.390478,10.816898681122732,1.7978043885378607
Post-demographic dividend,PST,2022,1000792534069.71,1275198369.71218,56953387691844.6,50969.801641014,2.79274034092423,4.55227174567111,7.87737003690613,1681652924.055,80.93281887999,1000792534069.71,1275198369.71218,55667487544829.4,0,0,784813216.390478,10.839008230913253,1.757213353988103
Post-demographic dividend,PST,2023,1000792534069.71,1275198369.71218,60342185357196.3,53813.7418308678,1.83179267822689,4.49263652945326,5.09396758978883,2024971340.31596,81.0611183167151,1000792534069.71,1275198369.71218,56953387691844.6,0,0,784813216.390478,10.893302720341687,1.6585288188445717
Puerto Rico (US),PRI,2010,3211000000,4379000,98381300000,26414.8810634548,-0.413254119172365,16.1,NA,NA,93.758877221439107,NA,NA,NA,NA,NA,733272436.6293675,10.18172066370636,3.263831642802036
Puerto Rico (US),PRI,2011,3143000000,4214000,100351700000,27170.0766543278,-0.358510636850312,15.7,NA,NA,93.7598202101009,3211000000,4379000,98381300000,-2.117720336343818,-3.767983557889929,745847176.0797341,10.209908328220772,3.1319848094252514
Puerto Rico (US),PRI,2012,3193000000,4197000,101564800000,27742.024476618,0.0292751500944064,14.5,NA,NA,93.7630744424317,3143000000,4214000,100351700000,1.5908367801463568,-0.40341718082581873,760781510.6028116,10.230739717363829,3.1438057279687452
Puerto Rico (US),PRI,2013,3311000000,4210000,102450000000,28212.0499737431,-0.306826666941774,14.3,NA,NA,93.7698316907305,3193000000,4197000,101564800000,3.6955840901973067,0.3097450559923755,786460807.6009501,10.247539914909844,3.231820400195217
Puerto Rico (US),PRI,2014,3439000000,4456000,102445800000,28576.0988023209,-1.19036347346942,13.9,NA,NA,93.7813071818968,3311000000,4210000,102450000000,3.865901540320145,5.843230403800475,771768402.1543984,10.260360934865892,3.3568970128594824
Puerto Rico (US),PRI,2015,3825000000,5051000,103375500000,29242.041465085,-1.04929003238674,12,NA,NA,93.7987161428303,3439000000,4456000,102445800000,11.224193079383541,13.352782764811492,757275786.9728767,10.283396925728063,3.7001030224763123
Puerto Rico (US),PRI,2016,3974000000,5003000,104336700000,29978.0889268918,-1.26369434781117,11.8,NA,NA,93.8232738004303,3825000000,5051000,103375500000,3.895424836601307,-0.9503068699267472,794323405.9564261,10.308255381831641,3.80882278239584
Puerto Rico (US),PRI,2017,3868000000,4927000,103445500000,30328.479490518,-2.88521838398481,10.8,NA,NA,93.8561953815964,3974000000,5003000,104336700000,-2.6673376950176144,-1.5190885468718769,785061903.7954131,10.31987543899623,3.739167000981193
Puerto Rico (US),PRI,2018,3303000000,4260000,100958100000,30679.9181934488,-4.36142703162535,9.2,NA,NA,93.8986961132283,3868000000,4927000,103445500000,-14.607032057911065,-13.537649685406942,775352112.6760564,10.33139618311187,3.2716542803400617
Puerto Rico (US),PRI,2019,3612000000,4931000,105126400000,31830.5284993358,1.67546379498209,8.3,NA,NA,93.9519912222253,3303000000,4260000,100958100000,9.35513169845595,15.751173708920188,732508618.9413912,10.368212539837469,3.4358638743455496
Puerto Rico (US),PRI,2020,2921000000,3882000,103130900000,31427.1130762831,-4.1808743093346,15.34,NA,NA,94.0116144995587,3612000000,4931000,105126400000,-19.130675526024362,-21.27357533968769,752447192.168985,10.355458092236391,2.8323228052892007
Puerto Rico (US),PRI,2021,2921000000,3882000,106426600000,32619.0704601174,0.385222719529239,7.9,NA,NA,94.0550712597302,2921000000,3882000,103130900000,0,0,752447192.168985,10.392683036200795,2.7446145982301418
Puerto Rico (US),PRI,2022,2921000000,3882000,113843700000,35353.6821570014,2.95709565499587,6,NA,NA,94.1110923054937,2921000000,3882000,106426600000,0,0,752447192.168985,10.47318611395413,2.5657985466038085
Puerto Rico (US),PRI,2023,2921000000,3882000,118478754280.882,36980.7884784287,0.731492105366186,6,NA,NA,94.1774359275881,2921000000,3882000,113843700000,0,0,752447192.168985,10.518180867168851,2.4654209252361623
Qatar,QAT,2010,4463000000,1700000,123627197802.198,76462.6119486736,19.5921744776308,0.45,-2.42525675161714,12391268,98.5066232166665,NA,NA,NA,NA,NA,2625294117.647059,11.24457024585049,3.6100470441308112
Qatar,QAT,2011,4463000000,2057000,167775274725.275,103261.510293068,13.3752345495477,0.56,1.13836623529202,14568106,98.6300610210909,4463000000,1700000,123627197802.198,0,21,2169664560.038892,11.54502966854942,2.660105910902531
Qatar,QAT,2012,7220000000,2324000,186833516483.516,108470.387023229,4.73008513739958,0.48,2.31534853431661,17187171,98.7428010471968,4463000000,2057000,167775274725.275,61.77459108223168,12.980068060281964,3106712564.54389,11.59424170311236,3.8644029914391775
Qatar,QAT,2013,8452000000,2612000,198727747252.747,103697.062789144,5.55610364218512,0.28,3.22197756829293,18737348,98.8357621827901,7220000000,2324000,186833516483.516,17.06371191135734,12.392426850258175,3235834609.49464,11.549238713128412,4.2530548032885065
Qatar,QAT,2014,10576000000,2839000,206224725274.725,95840.6898934238,5.33434159770252,0.2,3.34972085659523,21425066,98.901627838826,8452000000,2612000,198727747252.747,25.13014671083767,8.690658499234303,3725255371.6097217,11.470453045637731,5.128386029323614
Qatar,QAT,2015,12131000000,2941000,161739835164.835,68985.2433380102,4.75332372902957,0.17,1.8140772393776,25263224,98.9382407681154,10576000000,2839000,206224725274.725,14.703101361573372,3.592814371257485,4124787487.249235,11.141662391789279,7.500316781970782
Qatar,QAT,2016,12593000000,2938000,151732142857.143,61253.6217997091,3.06410503214877,0.15,2.6765917009819,31209097,98.9855265345423,12131000000,2941000,161739835164.835,3.8084246970571263,-0.10200612036722204,4286249149.0810075,11.0227945835146,8.2994939390373
Qatar,QAT,2017,15757000000,2256000,161099175824.176,63279.8767486216,-1.49756209084892,0.14,0.394878914083005,29949181,99.0310125265978,12593000000,2938000,151732142857.143,25.125069483046136,-23.21307011572498,6984485815.602838,11.055338457412269,9.780931478629801
Qatar,QAT,2018,15239000000,1819000,183335164835.165,71039.9308240078,1.23483197031548,0.11,0.255815382724408,29178923,99.0755684762244,15757000000,2256000,161099175824.176,-3.287427809862283,-19.370567375886523,8377680043.980209,11.171011480395636,8.312098780231958
Qatar,QAT,2019,15647000000,2136500,176371428571.429,66841.3623185691,0.688255893930972,0.1,-0.666641124861147,32953297,99.1191696672067,15239000000,1819000,183335164835.165,2.677341032876173,17.454645409565693,7323660191.902645,11.110092324971815,8.871618337923193
Qatar,QAT,2020,14318000000,582000,144411538461.538,51683.5681078949,-3.55750284254954,0.14,-2.5403150300476,10640789,99.1617913833034,15647000000,2136500,176371428571.429,-8.493640953537419,-72.7591855838989,24601374570.446735,10.852914526730753,9.914720217327648
Qatar,QAT,2021,14318000000,582000,179732142857.143,71751.9363398856,1.62693587314129,0.14,2.30446565742003,14832936,99.203408908243,14318000000,582000,144411538461.538,0,0,24601374570.446735,11.180984057382188,7.966299056135115
Qatar,QAT,2022,14318000000,582000,235709340659.341,88701.4689763536,4.18497018544697,0.13,4.99527553740761,29467264,99.243997525719,14318000000,582000,179732142857.143,0,0,24601374570.446735,11.393043003043918,6.074430465907201
Qatar,QAT,2023,14318000000,582000,217308516483.516,81816.9797967481,1.53979117720789,0.13,3.02764899198902,37714348.363,99.2835325193835,14318000000,582000,235709340659.341,0,0,24601374570.446735,11.312252300354173,6.5887891702054375
Romania,ROU,2010,1631000000,7498000,170064350671.827,8399.5374234284,-3.90581157302972,6.959,6.09141668601891,3733253,53.9038227941329,NA,NA,NA,NA,NA,217524673.24619898,9.036050961764408,0.9590487327631286
Romania,ROU,2011,2016000000,7611000,192623977894.173,9560.6755277458,4.49558909946313,7.177,5.7892532881588,3659209,53.9608874244169,1631000000,7498000,170064350671.827,23.605150214592275,1.5070685516137636,264879779.26685062,9.165518255096991,1.0465986748065104
Romania,ROU,2012,1904000000,7937000,179117323107.087,8929.95366231474,1.90361696799603,6.794,3.33492267693442,3593312,53.9563092496073,2016000000,7611000,192623977894.173,-5.555555555555555,4.283274208382604,239889126.8741338,9.097278461260924,1.0629904282690041
Romania,ROU,2013,2307000000,8019000,189798603751.235,9497.67411615237,0.278771877470234,7.096,3.9847123554813,3087143,53.9101758034365,1904000000,7937000,179117323107.087,21.165966386554622,1.0331359455713747,287691732.1361766,9.158907501127487,1.215498931184834
Romania,ROU,2014,2388000000,8442000,199722319675.741,10031.7710755404,4.11600109267832,6.802,1.06830987684298,3067724.4,53.8267187624053,2307000000,8019000,189798603751.235,3.5110533159947983,5.274971941638609,282871357.4982232,9.213612121515931,1.1956600563607689
Romania,ROU,2015,2229000000,9331000,177885131240.315,8977.01748158196,3.1570360543854,6.812,-0.594156437495203,3634598,53.7071839518893,2388000000,8442000,199722319675.741,-6.658291457286432,10.53067993366501,238881148.85864323,9.102534366497697,1.2530558256657882
Romania,ROU,2016,2474000000,10223000,185290759248.844,9404.54005870715,2.85993252302089,5.901,-1.54479666813897,3686938,53.5528171972639,2229000000,9331000,177885131240.315,10.991475998205473,9.559532740327938,242003325.83390394,9.149054162596585,1.3351988032373692
Romania,ROU,2017,3553000000,10926000,210147385855.419,10727.9822007426,8.19547826641261,4.927,1.3390212110439,4423249,53.3648643239046,2474000000,10223000,185290759248.844,43.613581244947454,6.876650689621441,325187625.8466044,9.280703975649686,1.690718152660941
Romania,ROU,2018,3879000000,11720000,241791427223.903,12416.134317959,5.39452228185675,4.187,4.62548443137779,4908235,53.1445711571868,3553000000,10926000,210147385855.419,9.17534477905995,7.267069375800841,330972696.2457338,9.426832597621685,1.604275240249928
Romania,ROU,2019,4240000000,12815000,250080428511.595,12909.6104013244,3.96028958497598,3.912,3.82785432599438,5630289,52.8931835224862,3879000000,11720000,241791427223.903,9.306522299561742,9.343003412969283,330862270.7764339,9.465804764002932,1.6954545484567627
Romania,ROU,2020,1611000000,5023000,250625048303.578,13009.1770573223,-3.59802546034757,5.035,2.63107311184743,1786407,52.611947245178,4240000000,12815000,250080428511.595,-62.00471698113208,-60.80374561061256,320724666.5339439,9.473487180739257,0.6427928935692901
Romania,ROU,2021,1611000000,5023000,285071280114.469,14907.9803652143,5.58735072538869,5.59,5.05232876096582,2719206,52.2321512130811,1611000000,5023000,250625048303.578,0,0,320724666.5339439,9.609719019452168,0.5651218177268194
Romania,ROU,2022,1611000000,5023000,295319437556.988,15503.551804598,4.18771305104109,5.614,13.7954887432521,2294598,52.1634832477272,1611000000,5023000,285071280114.469,0,0,320724666.5339439,9.648888924609041,0.5455109942396272
Romania,ROU,2023,1611000000,5023000,347757995758.914,18244.4186876321,2.25773416555121,5.589,10.3971874764996,2806654.333,52.1645747011867,1611000000,5023000,295319437556.988,0,0,320724666.5339439,9.81166929668245,0.46325318745994803
Russian Federation,RUS,2010,13239000000,22281000,1524916715223.95,10674.990234375,4.49999999920672,7.407,6.84939230255025,43855539,73.6696307887624,NA,NA,NA,NA,NA,594183384.9468157,9.275752595797039,0.8681785613488875
Russian Federation,RUS,2011,16961000000,24932000,2045922753398.04,14305.33203125,4.30002918567749,6.571,8.4404648593257,50555805,73.8534851074219,13239000000,22281000,1524916715223.95,28.11390588413022,11.898029711413312,680290389.8604203,9.568457517629392,0.8290146816066124
Russian Federation,RUS,2012,17876000000,28177000,2208293553878.42,15401.8515625,4.02408615746921,5.484,5.07474300799149,58727125,73.97265625,16961000000,24932000,2045922753398.04,5.394729084370025,13.015401893149367,634418142.4566135,9.642307937656643,0.809493826968993
Russian Federation,RUS,2013,20198000000,30792000,2292470078346.22,15941.4482421875,1.75542214874298,5.513,6.75466833903486,64072322,74.0762949770228,17876000000,28177000,2208293553878.42,12.989483105840232,9.280618944529225,655949597.2979995,9.676740531653657,0.8810583915917788
Russian Federation,RUS,2014,19451000000,32421000,2059241589895.01,14055.47265625,0.736267221765672,5.212,7.82016970013845,72189961,74.1776476748791,20198000000,30792000,2292470078346.22,-3.698385978809783,5.290335151987529,599950649.2705345,9.550838255955668,0.9445710544818446
Russian Federation,RUS,2015,13186000000,33729000,1363482182197.71,9277.7138671875,-1.97271922580408,5.615,15.5343959935701,76846126,74.275919065527,19451000000,32421000,2059241589895.01,-32.20914091820472,4.034422133802165,390939547.5703401,9.135478224277604,0.9670826778789532
Russian Federation,RUS,2016,12822000000,24571000,1276786350881.14,8663.158203125,0.193690071260534,5.591,7.04243725413707,77458318,74.3703138709243,13186000000,33729000,1363482182197.71,-2.7605035643864704,-27.151709211657625,521834683.16307837,9.066950048339256,1.0042400587342777
Russian Federation,RUS,2017,14938000000,24390000,1574199360089,10658.9130859375,1.82579006401834,5.238,3.68333072334495,89373638,74.460036813029,12822000000,24571000,1276786350881.14,16.502885665262827,-0.7366407553620121,612464124.6412464,9.274245544397433,0.948926824564041
Russian Federation,RUS,2018,18735000000,24551000,1657328773461.31,11211.8876953125,2.80724541059601,4.871,2.87831382614981,99327311,74.5442926137992,14938000000,24390000,1574199360089,25.41839603695274,0.6601066010660106,763105372.489919,9.32481908283171,1.1304335204940774
Russian Federation,RUS,2019,17235000000,24419000,1693115002708.32,11447.701171875,2.19807571335009,4.513,4.47202631837903,108857906,74.6222859951926,18735000000,24551000,1657328773461.31,-8.00640512409928,-0.5376563072787259,705802858.4299111,9.345631567777433,1.0179462099403027
Russian Federation,RUS,2020,4961000000,6359000,1493075894362.14,10108.3271484375,-2.65365450102773,5.62,3.38219796948068,62447448,74.6932216791674,17235000000,24419000,1693115002708.32,-71.21554975340875,-73.95880257176789,780154112.2818053,9.22121375672731,0.3322671016746539
Russian Federation,RUS,2021,4961000000,6359000,1829186719575.1,12425.029296875,5.86649177292595,4.749,6.69445891957612,96851769,74.7516840220252,4961000000,6359000,1493075894362.14,0,0,780154112.2818053,9.42754868832849,0.27121342763478984
Russian Federation,RUS,2022,4961000000,6359000,2291612121334.64,15619.6142578125,-1.43588213859842,3.867,13.7436797398232,82236409,74.8544893625017,4961000000,6359000,1829186719575.1,0,0,780154112.2818053,9.656346747704493,0.21648515269288687
Russian Federation,RUS,2023,4961000000,6359000,2071505725030.58,14159.3876953125,4.08252481259281,3.076,5.86571931748967,98872628,74.9805047873279,4961000000,6359000,2291612121334.64,0,0,780154112.2818053,9.558203746485361,0.23948763163214354
Rwanda,RWA,2010,224000000,667000,6124756654.12346,593.624927744346,7.33465645006753,1.169,-0.246128693436934,188221,16.9255580310614,NA,NA,NA,NA,NA,335832083.958021,6.387930833237779,3.6572881609784966
Rwanda,RWA,2011,298000000,908000,6884913658.10632,651.133677964662,7.95838869847094,1.169,3.0801706924026,268376.55,16.9323586881273,224000000,667000,6124756654.12346,33.035714285714285,36.13193403298351,328193832.59911895,6.480249568464539,4.328304097889939
Rwanda,RWA,2012,337000000,1061000,7654761050.18587,706.817269168561,8.64150815836322,1.169,10.2710182318876,593198.45,16.9410248882148,298000000,908000,6884913658.10632,13.087248322147651,16.85022026431718,317624882.1866164,6.5621859659869415,4.402488827418291
Rwanda,RWA,2013,364000000,1122000,7819964030.17937,704.92421851123,4.71984856978263,1.169,5.92426867984854,610992,17.0742206053612,337000000,1061000,7654761050.18587,8.011869436201781,5.749293119698398,324420677.3618538,6.559507892512755,4.654752868366464
Rwanda,RWA,2014,376000000,1220000,8238966124.23115,724.957526520906,6.16716615166932,1.169,2.35449052820358,626928,17.5020716539756,364000000,1122000,7819964030.17937,3.296703296703297,8.73440285204991,308196721.3114754,6.587491509698674,4.563679402615433
Rwanda,RWA,2015,427000000,1298000,8543760199.80208,733.998629882494,8.8568555974538,4.737666666666666,2.52850284192421,544541,18.1953149858416,376000000,1220000,8238966124.23115,13.563829787234042,6.393442622950819,328967642.52696455,6.599868635105649,4.997799446780958
Rwanda,RWA,2016,443000000,1377000,8695272057.91798,729.519133812945,5.97074525431094,8.306333333333333,7.17434301982009,644559,19.1213951786548,427000000,1298000,8543760199.80208,3.747072599531616,6.086286594761171,321713870.7334786,6.593755423610146,5.09472270734302
Rwanda,RWA,2017,496500000,1570000,9252833891.40871,758.300966509647,3.91817093628465,11.875,8.27953672260832,1031957.04,20.2477568101111,443000000,1377000,8695272057.91798,12.076749435665914,14.0159767610748,316242038.2165605,6.632398229114002,5.365923627581838
Rwanda,RWA,2018,547000000,1711000,9637904520.86283,771.773511207309,8.51646722592409,10.759,-0.311210160390699,1502478,21.5418444579064,496500000,1570000,9252833891.40871,10.171198388721049,8.980891719745223,319696084.1613092,6.649986005922802,5.675507563038506
Rwanda,RWA,2019,635900024.414063,1634000,10349300276.7623,810.051412137354,9.44738518613097,11.236,3.34787655037648,1561562.21422701,22.9711026997362,547000000,1711000,9637904520.86283,16.25228965522175,-4.500292226767972,389167701.5997938,6.698331445617047,6.1443769859675905
Rwanda,RWA,2020,212000000,1634000,10174386856.6101,778.701498925026,-3.37368746369782,11.829,9.85039902274207,661287.648,24.5029761132966,635900024.414063,1634000,10349300276.7623,-66.66142603228502,0,129742962.05630356,6.658911152751857,2.0836636446772
Rwanda,RWA,2021,212000000,1634000,11078787090.1564,829.544845263697,10.8584320184896,15.775,-0.391346748300791,715763.609,26.1049092762833,212000000,1634000,10174386856.6101,0,0,129742962.05630356,6.722081925504843,1.913566875821306
Rwanda,RWA,2022,212000000,1634000,13316161002.3912,975.469323735369,8.16120720872912,15.084,17.6892095588153,1429703.1,27.7806702737761,212000000,1634000,11078787090.1564,0,0,129742962.05630356,6.8839433353177775,1.5920504412790661
Rwanda,RWA,2023,212000000,1634000,14331722703.4134,1027.03446826565,8.24990302014558,12.352,19.789546746467,1537007.678,28.8555310645477,212000000,1634000,13316161002.3912,0,0,129742962.05630356,6.935403974894305,1.4792359884936075
Samoa,WSM,2010,123699996.948242,130000,680260907.153983,3524.2479246203,6.1247199226125,5.68,0.777007268777692,76944,19.8302101862085,NA,NA,NA,NA,NA,951538438.0633999,8.16770604599872,18.184198981206695
Samoa,WSM,2011,134899993.896484,128000,744097050.169115,3821.50678264479,3.84907794660396,5.68,5.23541591478434,76944,19.6174273708146,123699996.948242,130000,680260907.153983,9.054161054610411,-1.5384615384615385,1053906202.3162811,8.24866171220185,18.129354748258248
Samoa,WSM,2012,148199996.948242,135000,773141661.165548,3934.60320799981,-3.73213020890266,8.752,2.0490188352116,76944,19.478718368689,134899993.896484,128000,744097050.169115,9.859157637889759,5.46875,1097777755.172163,8.277819442114717,19.168543669581
Samoa,WSM,2013,137199996.948242,125000,797736334.281305,4023.5254013825,0.107293276488932,8.736,0.61008572090503,76944,19.3865949620667,148199996.948242,135000,773141661.165548,-7.422402312087555,-7.4074074074074066,1097599975.585936,8.300162270200415,17.198664653008183
Samoa,WSM,2014,147699996.948242,132000,796683519.593842,3982.68080202084,0.659923768782861,8.72,-0.40681608842489,76944,19.3126679480432,137199996.948242,125000,797736334.281305,7.6530613947178665,5.6000000000000005,1118939370.8200152,8.289961495520023,18.53935638376718
Samoa,WSM,2015,142399993.896484,139000,824150498.653536,4084.36083819933,3.8503618166494,8.946666666666667,0.724470134874729,98950,19.2340105383551,147699996.948242,132000,796683519.593842,-3.588356913517935,5.303030303030303,1024460387.7444891,8.315165335877555,17.278396861875517
Samoa,WSM,2016,148699996.948242,146000,843924796.697421,4147.07097674888,7.9838628784713,9.173333333333334,1.30471869303179,116167,19.126462366749,142399993.896484,139000,824150498.653536,4.424159636086596,5.0359712230215825,1018493129.7824795,8.330398680280382,17.620053058063725
Samoa,WSM,2017,167000000,158000,884844384.463214,4307.59381964907,1.40628239971301,9.4,1.74989677484705,81921,18.9657191879831,148699996.948242,146000,843924796.697421,12.306660004927688,8.21917808219178,1056962025.3164557,8.368366869921228,18.873375130397605
Samoa,WSM,2018,192300003.051758,172000,878448433.404342,4231.81409469194,-0.609647103380141,1.045,4.19745888663752,77811,18.7241267935467,167000000,158000,884844384.463214,15.14970242620239,8.860759493670885,1118023273.5567327,8.350622321458678,21.89086982676011
Samoa,WSM,2019,206100006.103516,181000,912950466.064906,4351.94234943706,4.45185891688691,2.04575,0.982326569888117,74867,18.4147344481283,192300003.051758,172000,878448433.404342,7.176288524573615,5.232558139534884,1138674066.8702543,8.378607297595325,22.575157553932765
Samoa,WSM,2020,23059999.4659424,23899.9996185303,868884902.953089,4099.59660548583,-3.10864485863991,3.0465,-1.56891247740895,11957,18.0516608994722,206100006.103516,181000,912950466.064906,-88.8112572619914,-86.79558032125398,964853549.5399497,8.31888775563946,2.653976307744342
Samoa,WSM,2021,23059999.4659424,23899.9996185303,859724936.05765,4021.55934894283,-5.04350521486909,4.04725,3.13320473174494,7212,17.5672426452007,23059999.4659424,23899.9996185303,868884902.953089,0,0,964853549.5399497,8.299673633000786,2.6822531834061034
Samoa,WSM,2022,23059999.4659424,23899.9996185303,889554711.842341,4132.44717734444,2.26705055249026,5.048,10.9618822286844,19642,17.5007949951039,23059999.4659424,23899.9996185303,859724936.05765,0,0,964853549.5399497,8.326867005451632,2.592308169351748
Samoa,WSM,2023,23059999.4659424,23899.9996185303,1044909500.02527,4822.74084650019,15.2336106467304,5.048,7.92164684826777,42120,17.5012799804602,23059999.4659424,23899.9996185303,889554711.842341,0,0,964853549.5399497,8.481305015260018,2.206889636412026
Saudi Arabia,SAU,2010,7536000000,13025000,528207466666.667,22028.3901426586,5.0395150823517,5.55,5.33941733020903,20323592,82.0791668544465,NA,NA,NA,NA,NA,578579654.5105566,10.000132756374558,1.42671213028416
Saudi Arabia,SAU,2011,9317000000,15776000,680660800000,27126.7498747702,11.758820686671,5.586,5.82621637394042,23135735,82.2543876159947,7536000000,13025000,528207466666.667,23.633227176220807,21.120921305182343,590580628.8032454,10.208312463576084,1.3688168908801563
Saudi Arabia,SAU,2012,8400000000,19847000,751921333333.333,28733.4375513452,5.76157382270968,5.622,2.86627029905053,26537661,82.4311918025358,9317000000,15776000,680660800000,-9.842223891810669,25.80502028397566,423237768.93233234,10.265851597106469,1.1171381403373764
Saudi Arabia,SAU,2013,8690000000,19934000,769755733333.333,27865.465604962,2.94563789152025,5.6,3.51104209799857,28252104,82.6071884619102,8400000000,19847000,751921333333.333,3.4523809523809526,0.4383534035370585,435938597.3713254,10.235179295245711,1.1289295582598675
Saudi Arabia,SAU,2014,9263000000,23010000,787153066666.667,27805.4850319422,4.02467158380668,5.877,2.24185348779063,32269452,82.7822571294871,8690000000,19934000,769755733333.333,6.593785960874568,15.430922042741047,402564102.56410253,10.233024547004751,1.1767723956441842
Saudi Arabia,SAU,2015,11183000000,21834000,693414400000,23256.1549553531,4.65512316652699,5.6,1.22269318552337,33431736,82.9562773406163,9263000000,23010000,787153066666.667,20.72762603908021,-5.110821382007822,512182834.1119355,10.054368103688443,1.6127441253022723
Saudi Arabia,SAU,2016,13438000000,20887000,689279466666.667,22267.7217050387,1.70404739202878,5.6,2.05347076823965,35092840,83.129128630626,11183000000,21834000,693414400000,20.164535455602252,-4.337272144362004,643366687.4132235,10.010938358740427,1.9495720748778038
Saudi Arabia,SAU,2017,15020000000,18607000,741266133333.333,23929.2907135982,1.18210705878283,5.89,-0.834845735027246,37503000,83.300690534822,13438000000,20887000,689279466666.667,11.772585206131865,-10.915880691339112,807223088.0851293,10.082900329328343,2.026262812312484
Saudi Arabia,SAU,2018,16974000000,17570000,886564800000,29360.0658968566,3.2269508901591,6.029,2.46594308994843,39767648,83.4708425884849,15020000000,18607000,741266133333.333,13.009320905459386,-5.573171387112377,966078542.9709733,10.287424786458311,1.9145808631247259
Saudi Arabia,SAU,2019,19849000000,20292000,888890133333.333,29566.7933827436,1.65158925617395,5.636,-1.1929864453332,46181487,83.6394643268678,16974000000,17570000,886564800000,16.93766937669377,15.492316448491747,978168736.4478612,10.294440986549828,2.2330093737868775
Saudi Arabia,SAU,2020,5960000000,20292000,767951200000,24338.8307301067,-3.80478901996312,7.66,3.37234961012303,20968865.89,83.8064352851942,19849000000,20292000,888890133333.333,-69.97329840294222,0,293711807.6089099,10.099869412125663,0.7760909807810704
Saudi Arabia,SAU,2021,5960000000,20292000,982661066666.667,31920.7653655643,6.51959698325419,6.621,3.06328988941548,29403732,83.9716349986538,5960000000,20292000,767951200000,0,0,293711807.6089099,10.371043355973159,0.6065163464974969
Saudi Arabia,SAU,2022,5960000000,20292000,1239075200000,38510.2276211037,12.0005874752929,5.589,2.47407371925372,29005342.249,84.1349430023993,5960000000,20292000,982661066666.667,0,0,293711807.6089099,10.5587051042833,0.4810038971000307
Saudi Arabia,SAU,2023,5960000000,20292000,1218584533333.33,36156.848337701,0.542592439393161,4.008,2.32708518362699,47979994,84.2962388315415,5960000000,20292000,1239075200000,0,0,293711807.6089099,10.495649308800424,0.48909204384015514
Serbia,SRB,2010,950000000,683000,43536629233.1424,5970.92660940072,1.61097281449412,19.204,6.14255360247248,985072,59.3505550689338,NA,NA,NA,NA,NA,1390922401.171303,8.694824869467816,2.1820706304860398
Serbia,SRB,2011,1149000000,764000,51251098408.0924,7082.2861666075,0.0542724836581954,22.959,11.1373976342129,1149102,59.4349187787267,950000000,683000,43536629233.1424,20.94736842105263,11.859443631039532,1503926701.5706806,8.8654932268304,2.2419031702520082
Serbia,SRB,2012,1080000000,810000,45103269969.4112,6263.04086072815,-0.443956070983248,24,7.33038589596646,1240709,59.3468437194824,1149000000,764000,51251098408.0924,-6.005221932114883,6.020942408376963,1333333333.3333333,8.742580760754112,2.394504878986491
Serbia,SRB,2013,1221000000,922000,50455529604.0696,7040.41812068781,0.451578805330726,22.154,7.69426362896655,1241352,59.6111068725586,1080000000,810000,45103269969.4112,13.055555555555557,13.82716049382716,1324295010.8459868,8.859564866463959,2.4199527972084107
Serbia,SRB,2014,1352000000,1029000,49114321280.3466,6886.67809068704,-1.80427041681132,19.223,2.0824479388015402,2187144,59.8779373168945,1221000000,922000,50455529604.0696,10.728910728910728,11.605206073752711,1313896987.3663752,8.837489310213929,2.752761241029327
Serbia,SRB,2015,1322000000,1132000,41297410634.9586,5820.3215576888,1.2957386351958,17.66,1.39235822000187,2427047,60.1388092041016,1352000000,1029000,49114321280.3466,-2.2189349112426036,10.00971817298348,1167844522.968198,8.669282586716427,3.2011692250770705
Serbia,SRB,2016,1461000000,1281000,42225495909.5633,5982.37030126471,2.97519807160826,15.257,1.12231397417769,2486009,60.3853870034026,1322000000,1132000,41297410634.9586,10.514372163388805,13.162544169611307,1140515222.4824357,8.696739283713582,3.459994888228442
Serbia,SRB,2017,1706000000,1497000,45972834713.8077,6548.03653824187,2.3634031250553,13.477,3.13106248590115,2442731,60.621208190918,1461000000,1281000,42225495909.5633,16.76933607118412,16.861826697892273,1139612558.4502337,8.787073224411815,3.7108871154460523
Serbia,SRB,2018,1941000000,1711000,52787520248.9242,7559.86165747394,4.64935035491007,12.733,1.95984076293801,2262703,60.8433609008789,1706000000,1497000,45972834713.8077,13.774912075029308,14.295257181028726,1134424313.2670953,8.930740438535166,3.6770054566818886
Serbia,SRB,2019,2000000000,1847000,53864693664.5568,7755.632986437,4.75020793899014,10.395,1.84922984511086,2469081,61.0492248535156,1941000000,1711000,52787520248.9242,3.039670273055126,7.948568088836938,1082837033.0265296,8.956303625517855,3.7130072853565834
Serbia,SRB,2020,1422000000,446000,55874017668.998,8098.70955668849,-0.950023991851594,9.011,1.57553290083415,795228,61.223201751709,2000000000,1847000,53864693664.5568,-28.9,-75.8527341635084,3188340807.1748877,8.999583482818693,2.545011186458862
Serbia,SRB,2021,1422000000,446000,66159884072.5308,9680.52798074468,7.94905650472278,9.843,4.08510285335102,1276465,61.363899230957,1422000000,446000,55874017668.998,0,0,3188340807.1748877,9.177975017064224,2.149338711720032
Serbia,SRB,2022,1422000000,446000,66809895701.2152,10024.8191112596,2.70347705543654,8.439,11.9815117344703,2406000,61.9013813540396,1422000000,446000,66159884072.5308,0,0,3188340807.1748877,9.21291895569576,2.128427211381106
Serbia,SRB,2023,1422000000,446000,81343999280.0179,12281.707946167,3.74793303561771,8.268,12.3719043552519,3868570,62.1434649229738,1422000000,446000,66809895701.2152,0,0,3188340807.1748877,9.415947694179724,1.7481314080770964
Seychelles,SYC,2010,352000000,191000,981616542.328454,10934.79494629,4.50513204312067,4.11,-2.40463875108227,412714,42.660307244583,NA,NA,NA,NA,NA,1842931937.1727748,9.29979662788875,35.85921638657745
Seychelles,SYC,2011,380000000,210000,1058918707.26124,12110.0937461973,9.5097833517957,4.11,2.55926772230953,393834,42.6739844860866,352000000,191000,981616542.328454,7.954545454545454,9.947643979057592,1809523809.5238097,9.40187715007381,35.88566311977075
Seychelles,SYC,2012,429000000,216000,1089407839.19709,12337.1554669388,3.1106784939243,4.020333333333333,7.11037062326403,235994,42.7261758463169,380000000,210000,1058918707.26124,12.894736842105264,2.857142857142857,1986111111.1111112,9.42045181034985,39.379191572201236
Seychelles,SYC,2013,484000000,237000,1333160407.38516,14821.2921476077,1.25373496242949,3.9306666666666668,4.33893848329099,344436,42.815069634181,429000000,216000,1089407839.19709,12.82051282051282,9.722222222222223,2042194092.8270044,9.60388755272103,36.30470851960793
Seychelles,SYC,2014,481000000,239000,1387577870.08161,15188.1902175113,4.0636918123521,3.841,1.38583454581263,407280,42.9386256186342,484000000,237000,1333160407.38516,-0.6198347107438017,0.8438818565400843,2012552301.2552302,9.628339283932522,34.664721193031866
Seychelles,SYC,2015,483000000,296000,1432403352.12944,15333.1051727105,8.9140088750469,4.151,4.04194410725617,497496,43.094803568632,481000000,239000,1387577870.08161,0.4158004158004158,23.84937238493724,1631756756.7567568,9.637834722886925,33.71955247674912
Seychelles,SYC,2016,505000000,333000,1568513348.14463,16566.9946042294,12.1175272453913,3.965,-1.01548191697626,567914,43.2815632531296,483000000,296000,1432403352.12944,4.554865424430641,12.5,1516516516.5165164,9.71522807740114,32.196091961688225
Seychelles,SYC,2017,585000000,382000,1675370641.01416,17480.3651911372,6.95416218794271,3.715,2.85679575568437,633518,43.4968644410824,505000000,333000,1568513348.14463,15.841584158415841,14.714714714714713,1531413612.565445,9.76889074633934,34.91764661972823
Seychelles,SYC,2018,611000000,405000,1784313926.76807,18440.2340460932,4.93947272254312,3.528,3.70291839111568,455201,43.7386669014459,585000000,382000,1675370641.01416,4.444444444444445,6.020942408376963,1508641975.308642,9.822344417110719,34.24285328012348
Seychelles,SYC,2019,618000000,428000,1868690096.73454,19141.5118743615,5.5142920737342,2.966,1.80709400809982,414088,44.0049304031754,611000000,405000,1784313926.76807,1.1456628477905073,5.679012345679013,1443925233.6448598,9.859666893301126,33.07129422261775
Seychelles,SYC,2020,228000000,124500,1382551751.56908,14041.4754074575,-11.7398608281732,4.311,1.20266463987123,149489,44.2936147152263,618000000,428000,1868690096.73454,-63.10679611650486,-70.91121495327103,1831325301.2048192,9.549841973111302,16.49124524570159
Seychelles,SYC,2021,228000000,124500,1487173794.80528,14982.9111487767,0.552281631207279,3.852,9.76909936973542,137565,44.6026796065539,228000000,124500,1382551751.56908,0,0,1831325301.2048192,9.614732314366401,15.331093164525045
Seychelles,SYC,2022,228000000,124500,2018346588.73752,16836.6721895387,12.7104688902836,3.3930000000000002,2.6260363285129,217754,44.9108209981157,228000000,124500,1487173794.80528,0,0,1831325301.2048192,9.731374047216512,11.296375026581261
Seychelles,SYC,2023,228000000,124500,2187379754.66167,18262.7115849287,2.25925322283285,2.934,-1.03530088431952,236917,45.0971081321658,228000000,124500,2018346588.73752,0,0,1831325301.2048192,9.812671396633386,10.423430111488143
Sint Maarten (Dutch part),SXM,2010,681000000,1956000,892290502.793296,26403.8143692163,3.19999269219366,NA,1.33857621672882,NA,100,NA,NA,NA,NA,NA,348159509.202454,10.181301634978707,76.32043576258454
Sint Maarten (Dutch part),SXM,2011,729000000,2080000,936089385.47486,27317.5178881974,4.60000341415395,NA,4.58475435650401,NA,100,681000000,1956000,892290502.793296,7.048458149779736,6.339468302658487,350480769.2307692,10.215320062147157,77.87717832418241
Sint Maarten (Dutch part),SXM,2012,854000000,2210000,985865921.787709,28149.0997855041,1.39054456773131,NA,4.01518421081576,NA,100,729000000,2080000,936089385.47486,17.146776406035666,6.25,386425339.3665158,10.245306178339675,86.62435541451809
Sint Maarten (Dutch part),SXM,2013,871000000,2253000,1022905027.93296,28529.7324687053,1.30673103459678,NA,2.5286478853837,NA,100,854000000,2210000,985865921.787709,1.9906323185011712,1.9457013574660633,386595650.2441189,10.258737117509435,85.14964500273082
Sint Maarten (Dutch part),SXM,2014,922000000,2502000,1361811508.37989,37134.912423099,1.58038221539113,NA,1.88675466275266,NA,100,871000000,2253000,1022905027.93296,5.855338691159587,11.051930758988016,368505195.8433254,10.522339770236421,67.70393658200746
Sint Maarten (Dutch part),SXM,2015,913000000,2407000,1417888715.0838,37839.6283815163,0.105813149997005,NA,0.330027165141066,NA,100,922000000,2502000,1361811508.37989,-0.9761388286334056,-3.796962430055955,379310344.8275862,10.54113862930479,64.39151326104178
Sint Maarten (Dutch part),SXM,2016,871000000,2197000,1427017206.70391,37308.6147795736,0.96775836306881,NA,0.111682655737579,NA,100,913000000,2407000,1417888715.0838,-4.600219058050383,-8.724553385957623,396449704.1420118,10.527006341304588,61.03640488062613
Sint Maarten (Dutch part),SXM,2017,646000000,1640000,1353212122.90503,34701.3058494468,-7.53521399882428,NA,2.19201010962985,NA,100,871000000,2197000,1427017206.70391,-25.83237657864523,-25.35275375512062,393902439.0243903,10.454561414719885,47.73826579481043
Sint Maarten (Dutch part),SXM,2018,468000000,1775000,1259200446.92737,31708.3110124742,-6.85698299227944,NA,2.19201010962985,NA,100,646000000,1640000,1353212122.90503,-27.55417956656347,8.231707317073171,263661971.83098593,10.364365639528263,37.1664417005241
Sint Maarten (Dutch part),SXM,2019,708000000,1952000,1407880446.92737,34861.469528968,10.9650009352392,NA,2.19201010962985,NA,100,468000000,1775000,1259200446.92737,51.28205128205128,9.971830985915494,362704918.0327869,10.459166157900741,50.28836088640731
Sint Maarten (Dutch part),SXM,2020,243000000,1952000,1236428100.55866,30150.8998380477,-13.3167887221567,NA,2.19201010962985,NA,100,708000000,1952000,1407880446.92737,-65.67796610169492,0,124487704.9180328,10.314003213040674,19.65338703400581
Sint Maarten (Dutch part),SXM,2021,243000000,1952000,1353071061.45251,32548.4366854902,4.57759677933345,NA,2.19201010962985,NA,100,243000000,1952000,1236428100.55866,0,0,124487704.9180328,10.390515341357629,17.959145452356477
Sint Maarten (Dutch part),SXM,2022,243000000,1952000,1592564639.32961,37793.1284399157,13.9,NA,2.19201010962985,NA,100,243000000,1952000,1353071061.45251,0,0,124487704.9180328,10.539909037265009,15.258407351194913
Sint Maarten (Dutch part),SXM,2023,243000000,1952000,1686525953.05006,39451.8223361963,3.8,NA,2.19201010962985,NA,100,243000000,1952000,1592564639.32961,0,0,124487704.9180328,10.58286086582391,14.408316667794985
Slovenia,SVN,2010,2808000000,2049000,47793117240.9001,23329.8417691156,1.11213719306735,7.236,1.80117022137134,979803,50.1194862794826,NA,NA,NA,NA,NA,1370424597.3645682,10.057531445338238,5.875322979763678
Slovenia,SVN,2011,3048000000,2236000,51199194599.3094,24940.6284841605,0.655438128379743,8.166,1.8028517194191,972711,49.9463818748723,2808000000,2049000,47793117240.9001,8.547008547008547,9.126403123474866,1363148479.4275491,10.124293513179337,5.953218647000187
Slovenia,SVN,2012,2793000000,2377000,46167053954.3367,22442.1417859955,-2.91553782040462,8.841,2.59741386039003,816630,49.7619476318359,3048000000,2236000,51199194599.3094,-8.366141732283465,6.305903398926654,1175010517.458982,10.018740358124957,6.049768743664095
Slovenia,SVN,2013,2966000000,2502000,47867056858.8892,23236.9655321695,-0.823776417691676,10.103,1.76920085881907,857000,50.0466580754027,2793000000,2377000,46167053954.3367,6.19405656999642,5.258729490954985,1185451638.6890488,10.053542665488823,6.196328319795572
Slovenia,SVN,2014,3052000000,2675000,49514466379.6057,24013.0682060959,2.76283327639742,9.668,0.19934382657075,916981,50.983470916748,2966000000,2502000,47867056858.8892,2.8995279838165877,6.914468425259793,1140934579.4392524,10.086395112850472,6.1638551784071645
Slovenia,SVN,2015,2594000000,3022000,42709468274.8137,20697.2748530619,2.39330621338168,8.962,-0.525552285820877,1045409,53.6612160294144,3052000000,2675000,49514466379.6057,-15.006553079947576,12.971962616822431,858371939.1131701,9.937805635348662,6.073594696400643
Slovenia,SVN,2016,2717899902.34375,3397000,44290685824.0682,21447.8377796036,3.03441486663654,8,-0.054999541670474,1009559,53.647274017334,2594000000,3022000,42709468274.8137,4.776403328594834,12.40900066181337,800088284.4697528,9.973425740119161,6.136504440549448
Slovenia,SVN,2017,3055100097.65625,3991000,48153200134.6613,23303.077705959,5.17440215579958,6.564,1.42910743319306,1087075,55.2451133728027,2717899902.34375,3397000,44290685824.0682,12.40664510939933,17.486017073888725,765497393.549549,10.056383633080973,6.344542188499637
Slovenia,SVN,2018,3377500000,4425000,53689067639.9176,25888.0481065655,4.37908347331195,5.108,1.7386086198818,1094762,55.1913430955675,3055100097.65625,3991000,48153200134.6613,10.552842526864579,10.874467551991982,763276836.1581922,10.161575305231718,6.290852399695693
Slovenia,SVN,2019,3353100097.65625,4702000,53909922735.545,25814.1687167572,3.50525332381912,4.446,1.63052260754344,869640.1,55.4523277282715,3377500000,4425000,53689067639.9176,-0.7224249398593634,6.259887005649717,713122096.4815505,10.158717532901813,6.219819891237602
Slovenia,SVN,2020,1418000000,1216000,53384760135.1581,25392.0651093612,-4.08500094942896,4.971,-0.05485681576061,78565,55.384391784668,3353100097.65625,4702000,53909922735.545,-57.71077633527393,-74.138664398128455,1166118421.0526316,10.142231388537414,2.656188763253681
Slovenia,SVN,2021,1418000000,1216000,61540813361.8556,29192.8401933019,8.41686457725321,4.744,1.91706506089259,21037,55.3046289429588,1418000000,1216000,53384760135.1581,0,0,1166118421.0526316,10.28171301371863,2.3041619415431853
Slovenia,SVN,2022,1418000000,1216000,59899117741.0022,28360.3041467268,2.66850555542486,4.011,8.83369886749452,1866,55.3377817873563,1418000000,1216000,61540813361.8556,0,0,1166118421.0526316,10.252780965016369,2.3673136658394376
Slovenia,SVN,2023,1418000000,1216000,69255264238.3855,32660.4753581346,2.3758326648385,3.652,7.44687717385838,1866,55.5378927789875,1418000000,1216000,59899117741.0022,0,0,1166118421.0526316,10.393951538747734,2.0474977831563277
Solomon Islands,SLB,2010,50799999.2370605,20500,898128551.289162,1685.14535823757,9.70817235491481,0.694,1.05148163321038,142660,20.1194058206257,NA,NA,NA,NA,NA,2478048743.271244,7.430200349695793,5.656205803071603
Solomon Islands,SLB,2011,65900001.5258789,22899.9996185303,1063898226.71892,1924.05795643133,7.43023752099302,0.694,7.34270706018,140183.263883557,20.7284892962955,50799999.2370605,20500,898128551.289162,29.724414400782862,11.707315212342921,2877729372.211592,7.562711353505725,6.1942016511406
Solomon Islands,SLB,2012,65400001.5258789,23899.9996185303,1185217634.37393,2066.25738638356,2.46591837712438,0.694,5.91200602491155,138160.1153057,21.3906964219987,65900001.5258789,22899.9996185303,1063898226.71892,-0.7587253238585286,4.366812299816882,2736401781.160388,7.633978073643933,5.517974052117887
Solomon Islands,SLB,2013,70500000,24399.9996185303,1285905957.64116,2161.38627543917,5.23744704670068,0.694,5.3913638858756,302412,22.1027262484765,65400001.5258789,23899.9996185303,1185217634.37393,7.798162622523827,2.0920502425963923,2889344307.467103,7.678967648030873,5.482516009905093
Solomon Islands,SLB,2014,64800003.0517578,20100.0003814697,1335576762.84974,2164.95289873002,1.18945509547778,0.694,5.16590237925171,330456,22.8612778264703,70500000,24399.9996185303,1285905957.64116,-8.085102054244258,-17.622947968388544,3223880687.658955,7.680615681585814,4.851836663696743
Solomon Islands,SLB,2015,60000000,21600.0003814697,1307908813.59962,2045.47721526649,1.67578612030815,0.694,-0.57446928635949,373739,23.6630502067213,64800003.0517578,20100.0003814697,1335576762.84974,-7.407411768057918,7.462686425532898,2777777728.7204614,7.623875162357892,4.587475776301889
Solomon Islands,SLB,2016,71000000,23200.0007629395,1379486290.71433,2082.62383124213,5.55494348257992,0.694,0.512485626268792,373467,24.5047424399707,60000000,21600.0003814697,1307908813.59962,18.333333333333332,7.407409042651751,3060344726.945781,7.641863883337847,5.146843464695438
Solomon Islands,SLB,2017,79000000,25700.0007629395,1469790526.3972,2143.57670489272,3.07546176144591,0.694,0.488686760261083,427806,25.3830535769599,71000000,23200.0007629395,1379486290.71433,11.267605633802818,10.775861714597822,3073929869.8356996,7.6706974715115885,5.374915580225398
Solomon Islands,SLB,2018,92000000,27899.9996185303,1615473250.25259,2278.19908624102,2.74585244829055,0.694,3.46147484973729,427806,26.2946826684302,79000000,25700.0007629395,1469790526.3972,16.455696202531644,8.560306576968243,3297491084.512292,7.731579382271465,5.69492561920262
Solomon Islands,SLB,2019,82000000,28899.9996185303,1619150563.92084,2223.65890942466,1.74925244485951,0.694,1.63485544012247,229670.648,27.275106750276,92000000,27899.9996185303,1615473250.25259,-10.869565217391305,3.5842294396872734,2837370279.6668096,7.707358883713843,5.064383870603955
Solomon Islands,SLB,2020,7000000,4400.00009536743,1536143427.82958,2063.32780991967,-3.38125925839405,0.694,2.96354992076065,138660.862,28.0327555150022,82000000,28899.9996185303,1619150563.92084,-91.46341463414635,-84.77508597423578,1590909056.4270666,7.632559936625973,0.4556866157927918
Solomon Islands,SLB,2021,7000000,4400.00009536743,1558312103.84225,2043.44413170658,-0.227975292792024,0.694,-0.115437894412839,100593.419,28.6889396820578,7000000,4400.00009536743,1536143427.82958,0,0,1590909056.4270666,7.6228812132912385,0.4492039805595079
Solomon Islands,SLB,2022,7000000,4400.00009536743,1466670929.62333,1877.78104490956,-2.58448361755723,0.694,5.51812928576938,112565.326,29.3511689856806,7000000,4400.00009536743,1558312103.84225,0,0,1590909056.4270666,7.538378465167286,0.47727134005429134
Solomon Islands,SLB,2023,7000000,4400.00009536743,1506124566.40404,1882.64394148042,2.84111851154807,0.694,5.88585897042164,157418.179,30.0088821088389,7000000,4400.00009536743,1466670929.62333,0,0,1590909056.4270666,7.540963446553666,0.4647689942879629
South Africa,ZAF,2010,10309000000,11303000,417363822801.713,7973.47195771517,3.03973288127956,24.683,4.06749555950263,15781210,62.6299120560569,NA,NA,NA,NA,NA,912058745.4658055,8.984000713262196,2.4700272128995095
South Africa,ZAF,2011,10706000000,12097000,458199494830.834,8646.05571071635,3.16855627858818,24.639,5.0008533879502,16407784.9571682,62.850627754452,10309000000,11303000,417363822801.713,3.851003977107382,7.024683712288773,885012813.0941557,9.064974161719409,2.3365368405638742
South Africa,ZAF,2012,11202000000,13069000,434400545085.811,8076.97678479741,2.39623238465745,24.727,5.73797139141739,17571565.2032155,62.9616560303263,10706000000,12097000,458199494830.834,4.632916121800859,8.035050012399768,857142857.1428571,8.996896722239235,2.578726045978412
South Africa,ZAF,2013,10468000000,14318000,400886013595.573,7331.65467384919,2.48546800826588,24.561,5.78016910069176,16311250,63.0524024097034,11202000000,13069000,434400545085.811,-6.552401356900553,9.556966868161297,731107696.6056712,8.900092894914728,2.6112160676576917
South Africa,ZAF,2014,10484000000,14530000,381198869776.106,6856.73137092522,1.41382645223793,24.89,6.13282953059149,17026643.2191223,63.1352327065742,10468000000,14318000,400886013595.573,0.15284677111196027,1.4806537225869534,721541637.9903648,8.83313196207856,2.7502704837917515
South Africa,ZAF,2015,9140000000,13952000,346709790458.563,6112.27382485974,1.32186223678229,25.149,4.51869094892506,18882898,63.2096349937231,10484000000,14530000,381198869776.106,-12.819534528805798,-3.977976600137646,655103211.0091743,8.718217722884457,2.636210528670481
South Africa,ZAF,2016,8807000000,15121000,323585509674.481,5651.20585165749,0.664552307858116,26.536,6.60290842394872,19744932,63.2750973439347,9140000000,13952000,346709790458.563,-3.643326039387308,8.378727064220183,582435024.1386151,8.639801164170468,2.721691712604691
South Africa,ZAF,2017,9706000000,14975000,381448814653.456,6618.33508255701,1.15794695181735,27.035,5.18618655524149,20821044,63.3311078299936,8807000000,15121000,323585509674.481,10.20778925854434,-0.965544606838172,648146911.5191987,8.79775020318519,2.544509152248341
South Africa,ZAF,2018,9789000000,15004000,405260723892.517,6914.1780318076,1.55678384721676,26.906,4.50987264867388,24660386,63.3771545246841,9706000000,14975000,381448814653.456,0.8551411498042447,0.19365609348914858,652426019.7280725,8.841473989509684,2.4154820398031545
South Africa,ZAF,2019,9064000000,14797000,389330032224.269,6533.71121032856,0.25993557687633,28.468,4.10285075461156,26211258,63.4127255007908,9789000000,15004000,405260723892.517,-7.406272346511391,-1.3796320981071715,612556599.3106711,8.784883433854404,2.3281019314684643
South Africa,ZAF,2020,2716000000,3886600.09765625,337974655408.055,5580.60383075189,-6.1689177146757,29.217,3.23238831615113,8304771.044,63.4373088310982,9064000000,14797000,389330032224.269,-70.0353045013239,-73.73386431265628,698811282.806749,8.627231438942673,0.8036105537916229
South Africa,ZAF,2021,2716000000,3886600.09765625,419986284375.368,6828.75624590017,4.85864865060148,34.007,4.61874544887136,9321575.836,63.4503925883909,2716000000,3886600.09765625,337974655408.055,0,0,698811282.806749,8.829044263187154,0.6466877850640811
South Africa,ZAF,2022,2716000000,3886600.09765625,407596043067.885,6534.24867783397,2.05813661692193,33.268,7.03987272546482,12133966.35,63.4766699210327,2716000000,3886600.09765625,419986284375.368,0,0,698811282.806749,8.784965678560631,0.6663460173845827
South Africa,ZAF,2023,2716000000,3886600.09765625,381440724491.232,6034.27208964673,0.80610455095804,32.098,6.0752438457966,15454595.699,63.5823705163545,2716000000,3886600.09765625,407596043067.885,0,0,698811282.806749,8.705376217792328,0.7120372381901847
Sri Lanka,LKA,2010,1044000000,766000,58636049434.1871,2808.36244503709,8.01596737055139,4.784,6.2176488930462,3008322.69188759,17.2486209380693,NA,NA,NA,NA,NA,1362924281.9843342,7.940712848697684,1.780474656928895
Sri Lanka,LKA,2011,1421000000,976000,67753285896.6254,3224.95745150496,8.6694830119314,4.118,6.7167684358854,3665394,17.7881192817964,1044000000,766000,58636049434.1871,36.11111111111111,27.415143603133156,1455942622.9508197,8.078985069356067,2.0973152537104864
Sri Lanka,LKA,2012,1756000000,1133000,70447217163.7784,3327.77613691283,8.63218137662685,3.88,7.54291373239437,4616417,18.2617686748284,1421000000,976000,67753285896.6254,23.57494722026742,16.08606557377049,1549867608.1200354,8.110359988967486,2.4926463680142024
Sri Lanka,LKA,2013,2506000000,1415000,76976203829.4765,3739.43181100202,4.05174633027869,4.186,6.90845034828452,4793393.4,18.4323136480916,1756000000,1133000,70447217163.7784,42.710706150341686,24.889673433362756,1771024734.9823322,8.226956341231046,3.255551554025034
Sri Lanka,LKA,2014,3278000000,1665000,82531125190.5224,3972.04375736464,6.3779788972687,4.157,3.1790022823606,4756131,18.6153877203724,2506000000,1415000,76976203829.4765,30.80606544293695,17.6678445229682,1968768768.7687688,8.287287769437473,3.9718348591913233
Sri Lanka,LKA,2015,3978000000,1993000,85090301052.0465,4057.7158346231,4.20595547449241,4.519,3.76836783062096,4911730,18.796256612131,3278000000,1665000,82531125190.5224,21.35448444173276,19.6996996996997,1995985950.8278975,8.308621905672505,4.67503340664738
Sri Lanka,LKA,2016,4591000000,2168000,88000211171.5956,4149.19190775593,5.05362488994436,4.242,3.9588884659307,5284585,18.9747679368162,3978000000,1993000,85090301052.0465,15.409753645047763,8.780732563973908,2117619926.199262,8.330909854988331,5.21703293535035
Sri Lanka,LKA,2017,5083000000,2248000,94369350285.5814,4398.88828068715,6.46068127065753,4.046,7.70413767850602,5403577,19.1507693078088,4591000000,2168000,88000211171.5956,10.716619472881725,3.6900369003690034,2261120996.441281,8.38933442883108,5.386282712149419
Sri Lanka,LKA,2018,5608000000,2521000,94450015982.8405,4358.56095906047,2.31008425545845,4.318,2.135037737132,5882376,19.3241083384127,5083000000,2248000,94369350285.5814,10.328546134172733,12.144128113879002,2224514081.713606,8.380126633809555,5.93753208153914
Sri Lanka,LKA,2019,4663000000,2027000,88998706296.5783,4081.94772722003,-0.220483886831275,4.67,3.52839358231811,5582446,19.4946326418437,5608000000,2521000,94450015982.8405,-16.8509272467903,-19.59539865132884,2300444005.9200788,8.314574488695381,5.239402002610095
Sri Lanka,LKA,2020,1076000000,540000,84335574581.5072,3847.60137695639,-4.62451503749502,5.364,6.15394508391738,1240391,19.6621898312161,4663000000,2027000,88998706296.5783,-76.92472657087713,-73.35964479526393,1992592592.5925925,8.255465082567508,1.2758554208462598
Sri Lanka,LKA,2021,1076000000,540000,88556698937.7033,3996.96240014909,4.2074764951157,4.981,7.01478071238195,871685,19.8266275195269,1076000000,540000,84335574581.5072,0,0,1992592592.5925925,8.293540110351062,1.2150407737724398
Sri Lanka,LKA,2022,1076000000,540000,74143020262.8076,3342.63650253855,-7.34919301306745,4.528,49.7211021114327,3252528,19.9877933196367,1076000000,540000,88556698937.7033,0,0,1992592592.5925925,8.114814266902194,1.4512492156186878
Sri Lanka,LKA,2023,1076000000,540000,83716142582.1945,3798.89016573011,-2.3298481898334,4.665,16.5411742279832,3866001,20.1455348442463,1076000000,540000,74143020262.8076,0,0,1992592592.5925925,8.242727441541522,1.2852957229169482
Sub-Saharan Africa,SSF,2010,25446513188.8093,40334502.4625717,1469616438039.84,1642.64134193596,6.05119087977121,NA,4.02202422214216,38191509.1379019,37.5326795917869,NA,NA,NA,NA,NA,630886998.3563656,7.404669389975929,1.7315071150639554
Sub-Saharan Africa,SSF,2011,28090887999.972,40741755.2848056,1650955876097.19,1795.43814856316,4.45162930662147,NA,5.36621092948077,42648276.401034,37.9761923221142,25446513188.8093,40334502.4625717,1469616438039.84,10.391894526145242,1.009688473563817,689486444.6463437,7.493561177106536,1.7014923540160272
Sub-Saharan Africa,SSF,2012,30407598946.5431,43202323.0203332,1717295733292.83,1817.30125816633,3.33566308216501,NA,6.58183105075141,45408840.8023684,38.4195200060048,28090887999.972,40741755.2848056,1650955876097.19,8.247197264014607,6.039424954391328,703841757.125693,7.505657969571614,1.770667588408784
Sub-Saharan Africa,SSF,2013,30395296704.6955,44728989.8968498,1825489288568.26,1879.5587312692,5.12180100852351,NA,4.88516387595471,43790341.818,38.8780897487132,30407598946.5431,43202323.0203332,1717295733292.83,-0.040457787769519415,3.533761079926365,679543552.7337092,7.539324209153188,1.6650493045913557
Sub-Saharan Africa,SSF,2014,31525801556.3954,46510985.5551164,1902908083279.38,1906.79596971017,4.72930309699868,NA,4.4038027171436,44380996.115098,39.3566853493116,30395296704.6955,44728989.8968498,1825489288568.26,3.719341392463723,3.9839836812234823,677814094.4581088,7.553703912176205,1.656716991924558
Sub-Saharan Africa,SSF,2015,28744759940.0939,48979055.5101286,1688024093175.49,1646.44941139316,2.93349224419013,NA,3.47238752883652,47850992,39.8380248903706,31525801556.3954,46510985.5551164,1902908083279.38,-8.821477897482144,5.306423687985482,586878608.4319172,7.406983559618817,1.7028643167065
Sub-Saharan Africa,SSF,2016,29035443371.1273,51223036.3828596,1531896244777.67,1455.03525304571,1.23789307986233,NA,5.30264297710325,49683303,40.3034255262744,28744759940.0939,48979055.5101286,1688024093175.49,1.0112571183033228,4.58151111604624,566843463.8295519,7.283472440720188,1.895392293708594
Sub-Saharan Africa,SSF,2017,33098286015.6402,52899581.2058794,1672127811803.69,1546.91774199323,2.50364867338814,NA,5.18618655524149,54260831.08,40.7747131803846,29035443371.1273,51223036.3828596,1531896244777.67,13.99270055077916,3.2730289756520667,625681437.5680081,7.344665914490518,1.979411249666242
Sub-Saharan Africa,SSF,2018,35520914706.5393,56673405.0653589,1798796101321.48,1620.54140805919,2.79599960832644,NA,3.91133439990729,64951730.3600062,41.2564673570093,33098286015.6402,52899581.2058794,1672127811803.69,7.319498930410817,7.133939009445446,626765140.8200128,7.3911324623064125,1.9747048973724133
Sub-Saharan Africa,SSF,2019,34919262972.8354,56014499.1539477,2045711007848.14,1795.5612786554,2.60045190740452,NA,2.867588034469,66236333.920235,41.7069096868529,35520914706.5393,56673405.0653589,1798796101321.48,-1.6937957219697757,-1.162636885239751,623396861.5315989,7.493629715994328,1.706949947420314
Sub-Saharan Africa,SSF,2020,34919262972.8354,56014499.1539477,1902392262699.06,1627.34569596297,-3.23642852363861,NA,3.39862928518853,24494981.602,42.1668389897844,34919262972.8354,56014499.1539477,2045711007848.14,0,0,623396861.5315989,7.395319867978297,1.8355448378082104
Sub-Saharan Africa,SSF,2021,34919262972.8354,56014499.1539477,2140795804040,1785.46664916614,3.65270461847631,NA,4.43905481215002,31483072.692,42.6486975646522,34919262972.8354,56014499.1539477,1902392262699.06,0,0,623396861.5315989,7.48799500903628,1.6311346886488456
Sub-Saharan Africa,SSF,2022,34919262972.8354,56014499.1539477,2292617010267,1865.11635260699,4.06140756050381,NA,9.45801281304023,45945492.4,43.1554770877868,34919262972.8354,56014499.1539477,2140795804040,0,0,623396861.5315989,7.531614733486396,1.5231180269734053
Sub-Saharan Africa,SSF,2023,34919262972.8354,56014499.1539477,2117597425394.65,1680.77966672218,2.7159883966887,NA,6.69759990789845,56956842.592,43.6392284682928,34919262972.8354,56014499.1539477,2292617010267,0,0,623396861.5315989,7.4276078371379235,1.6490038453049032
Sub-Saharan Africa (IDA & IBRD countries),TSS,2010,25446513188.8093,40334502.4625717,1469616438039.84,1642.64134193596,6.05119087977124,NA,4.02202422214216,38191509.1379019,37.5326795917869,NA,NA,NA,NA,NA,630886998.3563656,7.404669389975929,1.7315071150639554
Sub-Saharan Africa (IDA & IBRD countries),TSS,2011,28090887999.972,40741755.2848056,1650955876097.19,1795.43814856316,4.45162930662151,NA,5.36621092948077,42648276.401034,37.9761923221142,25446513188.8093,40334502.4625717,1469616438039.84,10.391894526145242,1.009688473563817,689486444.6463437,7.493561177106536,1.7014923540160272
Sub-Saharan Africa (IDA & IBRD countries),TSS,2012,30407598946.5431,43202323.0203332,1717295733292.83,1817.30125816633,3.33566308216497,NA,6.58183105075141,45408840.8023684,38.4195200060048,28090887999.972,40741755.2848056,1650955876097.19,8.247197264014607,6.039424954391328,703841757.125693,7.505657969571614,1.770667588408784
Sub-Saharan Africa (IDA & IBRD countries),TSS,2013,30395296704.6955,44728989.8968498,1825489288568.26,1879.55873126921,5.12180100852353,NA,4.88516387595471,43790341.818,38.8780897487132,30407598946.5431,43202323.0203332,1717295733292.83,-0.040457787769519415,3.533761079926365,679543552.7337092,7.539324209153193,1.6650493045913557
Sub-Saharan Africa (IDA & IBRD countries),TSS,2014,31525801556.3954,46510985.5551164,1902908083279.38,1906.79596971017,4.72930309699868,NA,4.4038027171436,44380996.115098,39.3566853493116,30395296704.6955,44728989.8968498,1825489288568.26,3.719341392463723,3.9839836812234823,677814094.4581088,7.553703912176205,1.656716991924558
Sub-Saharan Africa (IDA & IBRD countries),TSS,2015,28744759940.0939,48979055.5101286,1688024093175.49,1646.44941139316,2.93349224419011,NA,3.47238752883652,47850992,39.8380248903706,31525801556.3954,46510985.5551164,1902908083279.38,-8.821477897482144,5.306423687985482,586878608.4319172,7.406983559618817,1.7028643167065
Sub-Saharan Africa (IDA & IBRD countries),TSS,2016,29035443371.1273,51223036.3828596,1531896244777.67,1455.03525304571,1.23789307986235,NA,5.30264297710325,49683303,40.3034255262744,28744759940.0939,48979055.5101286,1688024093175.49,1.0112571183033228,4.58151111604624,566843463.8295519,7.283472440720188,1.895392293708594
Sub-Saharan Africa (IDA & IBRD countries),TSS,2017,33098286015.6402,52899581.2058794,1672127811803.69,1546.91774199323,2.50364867338814,NA,5.18618655524149,54260831.08,40.7747131803846,29035443371.1273,51223036.3828596,1531896244777.67,13.99270055077916,3.2730289756520667,625681437.5680081,7.344665914490518,1.979411249666242
Sub-Saharan Africa (IDA & IBRD countries),TSS,2018,35520914706.5393,56673405.0653589,1798796101321.48,1620.54140805919,2.79599960832637,NA,3.91133439990729,64951730.3600062,41.2564673570093,33098286015.6402,52899581.2058794,1672127811803.69,7.319498930410817,7.133939009445446,626765140.8200128,7.3911324623064125,1.9747048973724133
Sub-Saharan Africa (IDA & IBRD countries),TSS,2019,34919262972.8354,56014499.1539477,2045711007848.14,1795.5612786554,2.60045190740459,NA,2.867588034469,66236333.920235,41.7069096868529,35520914706.5393,56673405.0653589,1798796101321.48,-1.6937957219697757,-1.162636885239751,623396861.5315989,7.493629715994328,1.706949947420314
Sub-Saharan Africa (IDA & IBRD countries),TSS,2020,34919262972.8354,56014499.1539477,1902392262699.06,1627.34569596297,-3.23642852363861,NA,3.39862928518853,24494981.602,42.1668389897844,34919262972.8354,56014499.1539477,2045711007848.14,0,0,623396861.5315989,7.395319867978297,1.8355448378082104
Sub-Saharan Africa (IDA & IBRD countries),TSS,2021,34919262972.8354,56014499.1539477,2140795804040,1785.46664916614,3.65270461847631,NA,4.43905481215002,31483072.692,42.6486975646522,34919262972.8354,56014499.1539477,1902392262699.06,0,0,623396861.5315989,7.48799500903628,1.6311346886488456
Sub-Saharan Africa (IDA & IBRD countries),TSS,2022,34919262972.8354,56014499.1539477,2292617010267,1865.11635260699,4.0614075605038,NA,9.45801281304023,45945492.4,43.1554770877868,34919262972.8354,56014499.1539477,2140795804040,0,0,623396861.5315989,7.531614733486396,1.5231180269734053
Sub-Saharan Africa (IDA & IBRD countries),TSS,2023,34919262972.8354,56014499.1539477,2117597425394.64,1680.77966672218,2.71598839668872,NA,6.69759990789845,56956842.592,43.6392284682928,34919262972.8354,56014499.1539477,2292617010267,0,0,623396861.5315989,7.4276078371379235,1.649003845304911
Sub-Saharan Africa (excluding high income),SSA,2010,25073606727.1982,40138969.9284351,1438701031163.17,1789.34374213402,5.87829228672747,7.36067789842765,4.02202422214216,34431773.1379019,39.7885812841817,NA,NA,NA,NA,NA,624669909.8632237,7.490162915110239,1.7427947978133118
Sub-Saharan Africa (excluding high income),SSA,2011,27688408245.7464,40525618.3202266,1617944194300.6,1958.08105419725,4.25581560877077,7.36067789842765,5.36621092948077,37813524.7101941,40.2430202212847,25073606727.1982,40138969.9284351,1438701031163.17,10.428501758830865,0.9632743253772242,683232221.8246559,7.58023079238072,1.7113327111826289
Sub-Saharan Africa (excluding high income),SSA,2012,29953028926.2325,42980384.6013304,1672895604039.55,1970.23745756606,3.17446516095201,7.36067789842765,6.44532210536437,40171724.9371228,40.6996697197697,27688408245.7464,40525618.3202266,1617944194300.6,8.178948606892197,6.057319746997191,696899974.350284,7.586416775576504,1.7904900254328338
Sub-Saharan Africa (excluding high income),SSA,2013,29881879339.9776,44484730.5513001,1776507851555.87,2035.63571636535,4.95044884584945,7.36067789842765,4.88516387595471,37774404.818,41.163249409095,29953028926.2325,42980384.6013304,1672895604039.55,-0.23753720009459922,3.5000755901173033,671733400.8692625,7.619054566834771,1.6820572627251253
Sub-Saharan Africa (excluding high income),SSA,2014,31015771032.4459,46265055.5840422,1845908277175.78,2058.4331234679,4.54350142914694,7.36067789842765,4.4038027171436,37699134.115098,41.6487222115061,29881879339.9776,44484730.5513001,1776507851555.87,3.7945795830562705,4.002103667210067,670393035.108422,7.630186041131324,1.6802444312075842
Sub-Saharan Africa (excluding high income),SSA,2015,28232287981.0189,48672074.1038622,1624488271641.54,1763.27463036367,2.66333358756611,7.36067789842765,3.32437113264095,40278717,42.1360824764831,31015771032.4459,46265055.5840422,1845908277175.78,-8.974411916167323,5.202670761840037,580051055.9869202,7.475494910596112,1.7379188556707934
Sub-Saharan Africa (excluding high income),SSA,2016,28500418419.092,50877194.3830237,1461851860219.92,1545.27948291265,0.914986377156993,7.36067789842765,5.30264297710325,40873275,42.6074748735195,28232287981.0189,48672074.1038622,1624488271641.54,0.9497297500413936,4.530565667811799,560180622.4716234,7.343606990889606,1.9496105723602128
Sub-Saharan Africa (excluding high income),SSA,2017,32478410641.1158,52496629.8574719,1594086359396,1641.39239957439,2.20658288443376,7.36067789842765,5.18618655524149,44060935.08,43.0855102373035,28500418419.092,50877194.3830237,1461851860219.92,13.957662528066617,3.1830282587055487,618676107.9576828,7.4039092380603035,2.037431061979721
Sub-Saharan Africa (excluding high income),SSA,2018,34873646197.8402,56247033.3736039,1713673886322.74,1718.42346098448,2.61514307100069,7.36067789842765,3.91133439990729,52995285.3600062,43.5691538594284,32478410641.1158,52496629.8574719,1594086359396,7.3748545863022406,7.144084346584405,620008631.6766709,7.449744316514346,2.035022326953541
Sub-Saharan Africa (excluding high income),SSA,2019,34263192235.3189,55555231.2954125,1952007800638.78,1907.22499436387,2.33076955183513,7.36067789842765,2.867588034469,53191029.920235,44.0201520559233,34873646197.8402,56247033.3736039,1713673886322.74,-1.750473578409785,-1.2299352280436082,616741059.9575381,7.553928766630385,1.7552794729665797
Sub-Saharan Africa (excluding high income),SSA,2020,34263192235.3189,55555231.2954125,1802332899886.09,1716.50863861427,-3.68262496685315,7.36067789842765,3.39862928518853,19405309.602,44.4929916543243,34263192235.3189,55555231.2954125,1952007800638.78,0,0,616741059.9575381,7.448630053844711,1.9010468175709596
Sub-Saharan Africa (excluding high income),SSA,2021,34263192235.3189,55555231.2954125,2030237669873.33,1885.48155965903,3.54849305203753,7.36067789842765,4.22278962033194,24279553.692,44.978597249643,34263192235.3189,55555231.2954125,1802332899886.09,0,0,616741059.9575381,7.542468764460768,1.6876443947302306
Sub-Saharan Africa (excluding high income),SSA,2022,34263192235.3189,55555231.2954125,2167458359012.26,1963.80330032374,3.98372703715641,7.36067789842765,9.45801281304023,34958014.4,45.4749158289618,34263192235.3189,55555231.2954125,2030237669873.33,0,0,616741059.9575381,7.583147417676443,1.5808004842562742
Sub-Saharan Africa (excluding high income),SSA,2023,34263192235.3189,55555231.2954125,1979535952437.49,1750.13136836946,2.50028576028929,7.36067789842765,6.69759990789845,41446671.592,45.980688615295,34263192235.3189,55555231.2954125,2167458359012.26,0,0,616741059.9575381,7.46801735424003,1.7308699138870967
Suriname,SUR,2010,69000000,206000,4368370997.92126,7943.60482816915,5.16882515225814,7.15,6.94108221639996,214667,66.4338443691967,NA,NA,NA,NA,NA,334951456.3106796,8.980248339303254,1.5795361710998095
Suriname,SUR,2011,69000000,221000,4422276621.78703,7949.88867218383,5.84936767173009,7.54,17.7117796414558,204096.675971812,66.3675227342307,69000000,206000,4368370997.92126,0,7.281553398058252,312217194.5701358,8.981038984065794,1.560282313866591
Suriname,SUR,2012,79000000,240000,4980000000,8851.24050668908,2.69034974668847,8.1,5.00686319367273,240525.441452855,66.3132562693376,69000000,221000,4422276621.78703,14.492753623188406,8.597285067873303,329166666.6666667,9.088425870558861,1.5863453815261046
Suriname,SUR,2013,92000000,250000,5145757575.75758,9043.19281529222,2.9334416518612,6.6,1.92343604108305,255204,66.2683575134509,79000000,240000,4980000000,16.455696202531644,4.166666666666666,368000000,9.109878152862352,1.7878805724044506
Suriname,SUR,2014,103000000,253000,5240606060.60606,9108.18905406764,0.255503031645475,6.94,3.38341272749477,269148,66.2249266178037,92000000,250000,5145757575.75758,11.956521739130435,1.2,407114624.5059289,9.11703896917513,1.96542153347982
Suriname,SUR,2015,99000000,229000,5126237646.22072,8813.61705392067,-3.41304268067621,7.22,6.89390359168238,259682,66.1828815074718,103000000,253000,5240606060.60606,-3.8834951456310676,-9.486166007905137,432314410.4803493,9.084166651338194,1.9312409379418256
Suriname,SUR,2016,74000000,257000,3317421648.09918,5644.2061057532,-4.91166050905851,7.917,55.4123879763196,280090,66.1426466980469,99000000,229000,5126237646.22072,-25.252525252525253,12.22707423580786,287937743.1906615,8.638561987122417,2.230648010704355
Suriname,SUR,2017,61000000,279000,3591679430.99988,6049.52128553675,1.56603782534897,7.917,21.9969430173304,284935,66.1046467051207,74000000,257000,3317421648.09918,-17.56756756756757,8.560311284046692,218637992.8315412,8.707899710211715,1.6983698342760603
Suriname,SUR,2018,73000000,279000,3996198866.57453,6665.74180472239,4.94827108468886,7.917,26.294556781246264,272347,66.0693060442846,61000000,279000,3591679430.99988,19.672131147540984,0,261648745.51971322,8.804886534512862,1.826735916738155
Suriname,SUR,2019,64000000,279000,4016040575.08796,6629.66775248603,1.16758977233877,7.917,30.592170545162134,236601,66.0370492311305,73000000,279000,3996198866.57453,-12.32876712328767,0,229390681.0035842,8.7994607949237,1.5936093972008305
Suriname,SUR,2020,19000000,279000,2911807496.20227,4755.39221710693,-15.9751917148622,7.917,34.889784309078,221654,66.00830078125,64000000,279000,4016040575.08796,-70.3125,0,68100358.42293906,8.46724472226298,0.6525156633733783
Suriname,SUR,2021,19000000,279000,3107923197.96954,5029.84838543953,-2.43538583612838,7.917,59.1196626251977,20181,65.9853973388672,19000000,279000,2911807496.20227,0,0,68100358.42293906,8.523343913968748,0.6113407182137908
Suriname,SUR,2022,19000000,279000,3791603200.0259,6084.43876736445,2.40622235601218,7.917,52.446027276241,122617,65.8985443115234,19000000,279000,3107923197.96954,0,0,68100358.42293906,8.713654109209013,0.5011072888605593
Suriname,SUR,2023,19000000,279000,3472693412.08497,5521.97602122638,2.41659223498058,7.917,51.5873159600861,149672,65.7562408447266,19000000,279000,3791603200.0259,0,0,68100358.42293906,8.616672128270611,0.5471257535686858
Switzerland,CHE,2010,17883000000,8628000,598851028906.58,76531.3729407691,3.24339715656356,4.808,0.688238707220026,22146864,73.6086716419323,NA,NA,NA,NA,NA,2072670375.5215578,11.245469105997373,2.9862184644905616
Switzerland,CHE,2011,20809000000,8534000,715888126682.396,90476.7589651577,1.81310830459596,4.409,0.2313492076509,24866065,73.65058748615,17883000000,8628000,598851028906.58,16.36190795727786,-1.0894761242466389,2438364190.2976327,11.41285934219367,2.9067390873535075
Switzerland,CHE,2012,19564000000,8566000,686420221557.99,85836.2076767359,1.17925385250513,4.491,-0.692552018105253,26386306.6034666,73.7522629583622,20809000000,8534000,715888126682.396,-5.982988130135999,0.3749707054136396,2283913144.991828,11.360207847380519,2.85014913395106
Switzerland,CHE,2013,20236000000,8967000,706234937370.968,87304.3305813557,1.79214400716117,4.747,-0.217323155115693,27503416,74.1121384785551,19564000000,8566000,686420221557.99,3.434880392557759,4.6812981554984825,2256719081.0750527,11.377166800460206,2.865335447058253
Switzerland,CHE,2014,21358000000,9158000,726537808338,88724.9909402638,2.34988141500179,4.826,-0.0132025387514939,27923164,74.7402679059582,20236000000,8967000,706234937370.968,5.544574026487449,2.1300323408051747,2332168595.763267,11.393308146122532,2.9396956021955334
Switzerland,CHE,2015,20140000000,9305000,694118186379.628,83806.4476003837,1.64462750849488,4.801,-1.14390867228183,27011762,75.6044960143169,21358000000,9158000,726537808338,-5.702781159284577,1.605153963747543,2164427727.0284796,11.33627715603409,2.901523169281291
Switzerland,CHE,2016,19787000000,10402000,687895460902.713,82153.0745447889,2.06868969039562,4.918,-0.434618664285835,25859918,76.6726675773771,20140000000,9305000,694118186379.628,-1.7527308838133069,11.789360558839332,1902230340.3191695,11.316351721076442,2.87645450865948
Switzerland,CHE,2017,20399000000,11133000,695200833086.499,82254.3769269767,1.36279965488859,4.797,0.533787839825897,26732570,77.9126273688843,19787000000,10402000,687895460902.713,3.0929398089654825,7.027494712555278,1832300368.2744994,11.31758403946326,2.934260005045462
Switzerland,CHE,2018,21294000000,11715000,725568717468.001,85217.3691512274,2.86044579439036,4.713,0.936335464113563,28857994,79.2922201625844,20399000000,11133000,695200833086.499,4.387469974018334,5.227701428186473,1817669654.2893727,11.352972289945507,2.934801278962128
Switzerland,CHE,2019,21257000000,11818000,721369112726.724,84121.9310304414,1.14198218965691,4.394,0.362886179940614,30339654,80.7792907322229,21294000000,11715000,725568717468.001,-0.17375786606555838,0.8792146820315835,1798696903.0292773,11.34003447265281,2.946757717370245
Switzerland,CHE,2020,9994000000,11818000,741999406005.627,85897.7843338323,-2.14173712008038,4.817,-0.725874933313384,9009607.2,82.3416838515457,21257000000,11818000,721369112726.724,-52.984899092063785,0,845659163.9871383,11.360924955763151,1.3469013477787353
Switzerland,CHE,2021,9994000000,11818000,815309330986.719,93664.7736696111,5.55962020605844,5.013,0.581814168489856,10988881.272,84.2006477608879,9994000000,11818000,741999406005.627,0,0,845659163.9871383,11.447488125825933,1.2257924226017225
Switzerland,CHE,2022,9994000000,11818000,828508926958.393,94394.5106803525,3.04406102969423,4.122,2.83502798644463,22773897,84.9206266284521,9994000000,11818000,815309330986.719,0,0,845659163.9871383,11.455248794650554,1.2062634058379784
Switzerland,CHE,2023,9994000000,11818000,894424821645.205,100623.549627296,0.683328174376044,4.043,2.13540088016377,27725233.09,85.1854212679815,9994000000,11818000,828508926958.393,0,0,845659163.9871383,11.519151538957269,1.1173661282808585
Tajikistan,TJK,2010,141500000,160000,5642221099.17704,737.338883219356,6.49999908585235,0.081,6.44531440780658,616999.412307647,26.5274312963978,NA,NA,NA,NA,NA,884375000,6.604402910558527,2.5078776161508243
Tajikistan,TJK,2011,184100006.103516,183000,6522756255.012,833.601978202852,7.40000059956709,0.081,12.4315490430406,846967.380250537,26.4792213439941,141500000,160000,5642221099.17704,30.106011380576685,14.374999999999998,1006010962.3142952,6.7269549383953,2.822426577139932
Tajikistan,TJK,2012,286600006.103516,244000,7633036903.07634,952.452819695469,7.49999946321525,0.081,5.83116601031462,650130.547389031,26.4102249145508,184100006.103516,183000,6522756255.012,55.67626105474767,33.33333333333333,1174590188.948836,6.8600899426368684,3.754731042738804
Tajikistan,TJK,2013,233300003.051758,208000,8448411318.25417,1028.19704279396,7.39999974700379,0.081,5.00964645344951,683060.157492914,26.4883155822754,286600006.103516,244000,7633036903.07634,-18.597348889276283,-14.754098360655737,1121634630.0565288,6.936534207097942,2.7614659639934347
Tajikistan,TJK,2014,220199996.948242,213000,9112605459.32845,1081.54402932039,6.70000069016253,0.081,6.10442765129667,1064176.32798727,26.5633735656738,233300003.051758,208000,8448411318.25417,-5.615090412411921,2.403846153846154,1033802802.5739062,6.987069132786572,2.4164329063849275
Tajikistan,TJK,2015,146000000,414000,8271431485.07484,956.916310930656,6.01930331771186,0.081,5.7145594964971,1034477,26.478832244873,220199996.948242,213000,9112605459.32845,-33.69663849981011,94.36619718309859,352657004.8309179,6.864760416044956,1.7651116407534264
Tajikistan,TJK,2016,149600006.103516,344000,6992416096.89018,788.710481734485,6.89999999999999,0.081,6.00458082322139,1037897,26.3718509674072,146000000,414000,8271431485.07484,2.4657576051479535,-16.908212560386474,434883738.6730117,6.671666399474186,2.1394608677542717
Tajikistan,TJK,2017,171600006.103516,431000,7536402852.85802,829.45714764957,7.10000041864309,0.081,6.00458082322139,580374,26.2731513977051,149600006.103516,344000,6992416096.89018,14.70588175295732,25.290697674418606,398143865.6694107,6.721976329467532,2.2769484255799886
Tajikistan,TJK,2018,170899993.896484,1035000,7764999999.45362,834.288404578801,7.5999988895536,0.081,6.00458082322139,492320,26.2338752746582,171600006.103516,431000,7536402852.85802,-0.40793250707097845,140.13921113689096,165120767.049743,6.727777059920987,2.200901402556462
Tajikistan,TJK,2019,179100006.103516,1035000,8300813599.3084,871.022372934846,7.40000016310556,0.081,6.00458082322139,539094.616,26.1300735473633,170899993.896484,1035000,7764999999.45362,4.798134874129289,0,173043484.1579865,6.770815080615217,2.1576199002762584
Tajikistan,TJK,2020,102400001.525879,1035000,8133963550.65742,834.311715460625,4.40000111553493,0.081,6.00458082322139,260316,26.1925442328719,179100006.103516,1035000,8300813599.3084,-42.825238394076905,0,98937199.54191208,6.727804967116186,1.258918863947978
Tajikistan,TJK,2021,102400001.525879,1035000,8937805347.13963,896.748053372182,9.39999955037523,0.081,6.00458082322139,125163.504,26.1991525151375,102400001.525879,1035000,8133963550.65742,0,0,98937199.54191208,6.799889464763192,1.1456951404591746
Tajikistan,TJK,2022,102400001.525879,1035000,10713525200.3998,1052.17949484894,8.00000033846364,0.081,6.00458082322139,479769.61,26.1957126615618,102400001.525879,1035000,8937805347.13963,0,0,98937199.54191208,6.959568958052582,0.95580119158218535
Tajikistan,TJK,2023,102400001.525879,1035000,12244169292.7998,1178.47990060249,8.29999921651935,0.081,6.00458082322139,690677.377,26.1890127571429,102400001.525879,1035000,10713525200.3998,0,0,98937199.54191208,7.07282885809422,0.8363164464419439
Tanzania,TZA,2010,1279000000,783000,32012892919.37,736.530151367188,6.33652342666889,1.314,6.20015595647403,750421,28.1968953939105,NA,NA,NA,NA,NA,1633461047.2541506,6.603306970588026,3.995265292709979
Tanzania,TZA,2011,1383000000,868000,34657140096.4836,775.392761230469,7.67215543486064,3.47,12.6909694699162,914932.03761187,28.865726405543,1279000000,783000,32012892919.37,8.131352619233777,10.855683269476373,1593317972.3502305,6.65465852774607,3.990519691324221
Tanzania,TZA,2012,1754000000,1077000,39650394362.9287,861.969909667969,4.50015356010131,1.437,16.0010938506338,1030203.57520377,29.4878764597911,1383000000,868000,34657140096.4836,26.825741142443967,24.078341013824886,1628597957.2887652,6.760379823346899,4.423663441894816
Tanzania,TZA,2013,1939000000,1096000,45648857242.315,963.05712890625,6.78158560065316,2.93,7.87072364573959,1173942.818,30.0725108782502,1754000000,1077000,39650394362.9287,10.547320410490308,1.7641597028783658,1769160583.9416058,6.8711505552054835,4.247641928268492
Tanzania,TZA,2014,2047000000,1140000,49986726460.6805,1022.74841308594,6.73246186832483,2.125,6.13161432988012,1124913.454,30.6443077170742,1939000000,1096000,45648857242.315,5.56988138215575,4.014598540145985,1795614035.0877194,6.931226085066874,4.095087125999675
Tanzania,TZA,2015,1924000000,1137000,47413919817.124,939.127319335938,6.16062877406682,2.0695,5.58816952959298,1312807,31.2061566592472,2047000000,1140000,49986726460.6805,-6.008793356130923,-0.2631578947368421,1692172383.4652596,6.846015312194116,4.057880064379593
Tanzania,TZA,2016,2149000000,1284000,49774409374.4538,953.0107421875,6.86711619644551,2.0140000000000002,5.17476629301493,1179664,31.7577303242916,1924000000,1137000,47413919817.124,11.694386694386695,12.928759894459102,1673676012.461059,6.860674931539504,4.317479658739963
Tanzania,TZA,2017,2265000000,1327000,53274884532.7886,986.674011230469,6.72726996832338,1.9585,5.31871605228931,1221678,32.2987013317296,2149000000,1284000,49774409374.4538,5.397859469520707,3.348909657320872,1706857573.4740016,6.895352695155703,4.251534320278032
Tanzania,TZA,2018,2465000000,1506000,57003712892.0858,1023.10626220703,5.50267599385063,1.903,3.49445848856181,1698386,32.8287423010834,2265000000,1327000,53274884532.7886,8.830022075055188,13.489073097211756,1636786188.5790172,6.931575571902097,4.324279726596953
Tanzania,TZA,2019,2624500000,1527000,61026731925.9213,1063.32250976563,5.79999999996723,1.8475000000000001,3.46428057999021,1498093,33.3475258518752,2465000000,1506000,57003712892.0858,6.470588235294119,1.394422310756972,1718729535.0360184,6.970093734654811,4.300574383019247
Tanzania,TZA,2020,2624500000,1527000,66068737786.063904,1117.41528320313,1.99196460647855,1.792,3.29029062798325,823670,33.8547246036273,2624500000,1527000,61026731925.9213,0,0,1718729535.0360184,7.019668036625028,3.9723779928993808
Tanzania,TZA,2021,2624500000,1527000,70655628147.8986,1159.85656738281,4.32138429480482,1.792,3.69091958802199,1146973,34.3500111758619,2624500000,1527000,66068737786.063904,0,0,1718729535.0360184,7.056913431759978,3.7144953187682557
Tanzania,TZA,2022,2624500000,1527000,75749121842.9149,1207.52062988281,4.56600576430955,1.792,4.35027204269101,1823114.2,34.8234736377147,2624500000,1527000,70655628147.8986,0,0,1718729535.0360184,7.097152270649727,3.4647266346434606
Tanzania,TZA,2023,2624500000,1527000,79030935627.0781,1224.00219726563,5.06952353203394,1.792,3.79923291384916,1911063,35.4748019434954,2624500000,1527000,75749121842.9149,0,0,1718729535.0360184,7.110697916663447,3.320851485782963
Thailand,THA,2010,23796000000,15936000,341104766329.17,4973.86288823778,7.51339053261624,0.622,3.24758842443723,28780723,44.0018736622496,NA,NA,NA,NA,NA,1493222891.566265,8.512153089059694,6.976155817487636
Thailand,THA,2011,30924000000,19230000,370818739623.622,5373.6232832898,0.840132083053334,0.66,3.80879058139634,31940491.9838508,44.8048723557374,23796000000,15936000,341104766329.17,29.954614220877456,20.670180722891565,1608112324.4929798,8.589443763709863,8.339384366439411
Thailand,THA,2012,34565000000,22354000,397558325278.579,5725.52802835463,7.24279620249642,0.58,3.01489950334985,36392469.3545263,45.373565813715,30924000000,19230000,370818739623.622,11.774026645970768,16.245449817992718,1546255703.6771944,8.6528646973258585,8.694321764178738
Thailand,THA,2013,41765000000,26547000,420333654592.547,6018.08244729255,2.68749556320556,0.249,2.18488618530687,43029150.6,45.8321343847773,34565000000,22354000,397558325278.579,20.830319687545202,18.757269392502458,1573247447.9225523,8.702690109292892,9.936154182202031
Thailand,THA,2014,38451000000,24810000,407339040197.651,5801.1978916205,0.984468863619426,0.576,1.8951418189878,46546612.484507,46.3138799467897,41765000000,26547000,420333654592.547,-7.934873698072549,-6.543112216069612,1549818621.5235794,8.665992071583414,9.43955678329841
Thailand,THA,2015,44851000000,29923000,401296238228.084,5688.85335397884,3.13404724911635,0.597,-0.900424963291569,56447637,46.9521043776171,38451000000,24810000,407339040197.651,16.64456060960703,20.60862555421201,1498880459.8469405,8.64643975420106,11.176531381913458
Thailand,THA,2016,48459000000,32530000,413366349747.508,5833.57715617098,3.43515771692182,0.688,0.188149704448143,62341676,47.8801095551247,44851000000,29923000,401296238228.084,8.044413725446478,8.71236172843632,1489671072.8558254,8.671557075286067,11.723015196955359
Thailand,THA,2017,57057000000,35592000,456356813536.764,6413.09182530343,4.1776810321001,0.83,0.665631893135106,70704889,49.2311973571777,48459000000,32530000,413366349747.508,17.742834148455394,9.412849677221027,1603084962.9130142,8.766252696537187,12.502716801313522
Thailand,THA,2018,61383000000,38178000,506754208404.485,7099.77650081458,4.22287028746071,0.765,1.06389754183024,76053042.754,54.5843734741211,57057000000,35592000,456356813536.764,7.581891792418108,7.265677680377614,1607810781.0781078,8.86795942336126,12.112972913094161
Thailand,THA,2019,64371000000,39916000,543976691793.886,7605.69657797759,2.11455779628278,0.716,0.706728601314311,76344410,55.9266166687012,61383000000,38178000,506754208404.485,4.867797272860564,4.552359997904552,1612661589.337609,8.93678426698969,11.833411425721586
Thailand,THA,2020,15360000000,39916000,500461898480.246,6985.64393892574,-6.05003846851622,1.099,-0.845937147357041,28179302.666,57.2358779907227,64371000000,39916000,543976691793.886,-76.1383231579438,0,384808097.0037078,8.851755596745225,3.069164714965066
Thailand,THA,2021,15360000000,39916000,506194668789.937,7057.20754802279,1.55216608426647,1.215,1.23039541318384,12734583,58.5087776184082,15360000000,39916000,500461898480.246,0,0,384808097.0037078,8.861946409870136,3.034405723141696
Thailand,THA,2022,15360000000,39916000,495644697587.661,6909.35281815827,2.58037874709827,0.94,-1.61068030486688,34390036,59.742374420166,15360000000,39916000,506194668789.937,0,0,384808097.0037078,8.840775974526013,3.0989941130729823
Thailand,THA,2023,15360000000,39916000,515906283940.933,7195.10130919449,2.01775095328327,0.733,8.47805174421543,51920692,60.9341926574707,15360000000,39916000,495644697587.661,0,0,384808097.0037078,8.881294673514192,2.977284921336332
Togo,TGO,2010,105000000,202000,4746386893.22553,704.986772286079,5.85433399076879,10.624,1.44594517430864,663013,37.5545882975638,NA,NA,NA,NA,NA,519801980.19801974,6.55959650117902,2.2122090415736113
Togo,TGO,2011,209000000,300000,5422439152.10906,783.988944671672,5.82325622135289,1.982,3.5635147290396,832351.156397303,37.9872305648732,105000000,202000,4746386893.22553,99.04761904761905,48.51485148514851,696666666.6666667,6.665669634462439,3.8543539934184294
Togo,TGO,2012,206000000,235000,5413541649.14901,762.39162379069,6.30271426865185,2.0375,2.57718174055848,745781.748091383,38.4194359598204,209000000,300000,5422439152.10906,-1.4354066985645932,-21.666666666666668,876595744.6808511,6.637771168009239,3.8052722847783484
Togo,TGO,2013,233000000,327000,6021729629.82454,826.542799987227,5.82425069283059,2.093,1.82539475909162,840948,38.8516767884103,206000000,235000,5413541649.14901,13.106796116504855,39.148936170212764,712538226.2996942,6.718460827952624,3.8693201841210714
Togo,TGO,2014,233000000,282000,6393314707.85456,855.584809246574,5.63323739145223,2.1485000000000003,0.19087507624975,426344.039920436,39.2839506458368,233000000,327000,6021729629.82454,0,-13.761467889908257,826241134.7517731,6.752953331246969,3.6444318893569547
Togo,TGO,2015,212000000,273000,5755457836.01866,751.051987587248,5.4680413807304,2.204,2.58500390801595,420875,39.7162551272934,233000000,282000,6393314707.85456,-9.012875536480687,-3.1914893617021276,776556776.5567765,6.622805453990154,3.6834602222827
Togo,TGO,2016,223000000,338000,6071167584.1951,772.581357620609,4.21490387414525,2.974,1.28544847051417,475185,40.1485878279739,212000000,273000,5755457836.01866,5.188679245283019,23.809523809523807,659763313.6094674,6.651030845633373,3.6730990687941083
Togo,TGO,2017,245000000,514000,6387424239.8801,792.765700965864,4.00791259566937,3.744,-0.981889868943119,500686,40.5809463430719,223000000,338000,6071167584.1951,9.865470852017937,52.071005917159766,476653696.49805444,6.67678833075566,3.8356619319307805
Togo,TGO,2018,269000000,573000,7029215766.46367,851.120561233595,4.79518333086139,2.89,0.927755426457183,566295,41.013328267781,245000000,514000,6387424239.8801,9.795918367346939,11.478599221789883,469458987.78359514,6.747728020613898,3.8268849461613734
Togo,TGO,2019,264000000,876000,6992654019.28876,826.255209019798,4.92283321360694,2.036,0.674652770077525,633629,41.445731197295,269000000,573000,7029215766.46367,-1.858736059479554,52.879581151832454,301369863.01369864,6.7181132435722235,3.775390563751245
Togo,TGO,2020,264000000,482000,7486031561.86885,863.468665870276,2.16228657424364,2.0123333333333333,1.69928463299399,320806,41.8781527268075,264000000,876000,6992654019.28876,0,-44.97716894977169,547717842.3236514,6.762115059087953,3.526568086417388
Togo,TGO,2021,264000000,482000,8541668141.26198,962.075187515872,5.12890113701732,1.9886666666666668,4.1862150652352,672184,42.3105904515122,264000000,482000,7486031561.86885,0,0,547717842.3236514,6.870131485090796,3.0907311737470007
Togo,TGO,2022,264000000,482000,8646453099.4124,951.232378690387,6.29443692019429,1.965,7.96757361617945,1187471,42.7332327975627,264000000,482000,8541668141.26198,0,0,547717842.3236514,6.858809100267975,3.0532751055798943
Togo,TGO,2023,264000000,482000,9816236302.58515,1055.01727877926,6.19211576941919,1.965,5.48928568141131,2175165.332,43.2496853032436,264000000,482000,8646453099.4124,0,0,547717842.3236514,6.962259826612703,2.68942180956335
Tonga,TON,2010,17299999.2370605,65000,366887374.989696,3416.08356601207,0.824396914081831,1.054,3.53491239189833,NA,23.4243619099178,NA,NA,NA,NA,NA,266153834.41631535,8.136542707775298,4.715343295076961
Tonga,TON,2011,32500000,68400.0015258789,414143828.494419,3849.99375750134,6.70369746238768,1.054,6.2707530299569,NA,23.46075468367,17299999.2370605,65000,366887374.989696,87.8612799610862,5.23077157827524,475146188.23076683,8.256086512806412,7.847515226328665
Tonga,TON,2012,40000000,57200.0007629395,471122971.305043,4384.17058724217,0.919761024923076,1.054,1.14753853706055,NA,23.4589062635692,32500000,68400.0015258789,414143828.494419,23.076923076923077,-16.374269755976435,699300689.9733546,8.385983806499356,8.490352293626705
Tonga,TON,2013,47000000,59700.0007629395,451788498.263614,4219.24670113014,0.393922530137331,1.054,0.77562932236742,NA,23.4170795020344,40000000,57200.0007629395,471122971.305043,17.5,4.370629312333466,787269671.6810867,8.347648865304784,10.403097949734873
Tonga,TON,2014,38299999.2370605,65800.0030517578,440997738.014078,4136.59013792529,1.99053625497055,1.054,2.51087633253706,NA,23.3431040935971,47000000,59700.0007629395,451788498.263614,-18.510639921147867,10.217759147174172,582066830.7102357,8.3278688050492935,8.684851629746419
Tonga,TON,2015,46400001.5258789,72599.9984741211,437525514.240726,4123.90323993332,1.11374405685874,1.054,-1.05399831971283,NA,23.2434422818439,38299999.2370605,65800.0030517578,440997738.014078,21.14883146258795,10.334339068365193,639118491.7506381,8.3247978415078,10.605096163683308
Tonga,TON,2016,52700000.7629395,86699.9969482422,420828262.317922,3987.98626206287,6.59870436118344,1.054,2.57815515245072,NA,23.1277038505921,46400001.5258789,72599.9984741211,437525514.240726,13.577584116127388,19.421485909737555,607843167.4501686,8.291292407944317,12.52292335896546
Tonga,TON,2017,48500000,86599.9984741211,459976850.268529,4365.92932788383,3.2023165092282,1.6510000000000002,7.51706283551125,NA,22.9711300654966,52700000.7629395,86699.9969482422,420828262.317922,-7.969640801017003,-0.11533849785577845,560046199.2443728,8.381815370135886,10.544008893422848
Tonga,TON,2018,48099998.4741211,77300.0030517578,493530783.00463,4675.04791274385,0.527827266310538,2.248,5.03209691984882,NA,22.7017138925547,48500000,86599.9984741211,459976850.268529,-0.8247454141832965,-10.73902492636006,622250925.9399998,8.450208569062957,9.746098952792142
Tonga,TON,2019,57099998.4741211,94000,506031238.979937,4788.83342304684,-0.285208794735084,2.2023333333333337,1.179543348218,NA,22.3288155626206,48099998.4741211,77300.0030517578,493530783.00463,18.71101930458939,21.604134914536,607446792.277884,8.474250913818391,11.283888043991883
Tonga,TON,2020,47700000.7629395,94000,506571467.895978,4792.35854741522,1.80618735341196,2.1566666666666667,-0.349737696727418,NA,21.8766206823411,57099998.4741211,94000,506031238.979937,-16.462343191553458,0,507446816.62701595,8.474986602832708,9.416243074458837
Tonga,TON,2021,47700000.7629395,94000,519306352.78704,4922.80171378368,-0.934926303735025,2.111,5.64051140636743,NA,21.258003897665,47700000.7629395,94000,506571467.895978,0,0,507446816.62701595,8.501836217156324,9.185329720489781
Tonga,TON,2022,47700000.7629395,94000,556514555.400882,5298.01941509951,-2.12854452405193,1.8815,10.9713652903022,NA,21.147219451842,47700000.7629395,94000,519306352.78704,0,0,507446816.62701595,8.575277066403677,8.57120452646186
Tonga,TON,2023,47700000.7629395,94000,591139749.44287,5651.59373063157,2.79014366862668,1.652,6.35112980255189,NA,21.147944541337,47700000.7629395,94000,556514555.400882,0,0,507446816.62701595,8.639869786169719,8.069158064213275
Trinidad and Tobago,TTO,2010,630000000,490000,22157920592.3669,16815.424737361,3.32322471027371,4.033,10.5492003179988,1842253,54.0899565963587,NA,NA,NA,NA,NA,1285714285.7142859,9.730111350728357,2.843227086105843
Trinidad and Tobago,TTO,2011,650000000,491000,25433007437.1605,19151.0870229722,-0.294354409043763,3.425,5.1071328926456,2625055.71304041,53.9253615474727,630000000,490000,22157920592.3669,3.1746031746031744,0.20408163265306123,1323828920.5702648,9.860166971593415,2.5557339280696962
Trinidad and Tobago,TTO,2012,852000000,504000,27147349937.4689,20332.1389531925,6.71074625448722,3.718,9.26028137068292,2625055.71304041,53.9254053431618,650000000,491000,25433007437.1605,31.076923076923073,2.6476578411405294,1690476190.4761906,9.920007294762588,3.138427883246407
Trinidad and Tobago,TTO,2013,856000000,467000,28560537057.1548,21304.9777496628,3.36819291689019,2.683,5.19981740465611,2865852,53.9255789963372,852000000,504000,27147349937.4689,0.4694835680751174,-7.341269841269842,1832976445.3961456,9.966742957848004,2.9971425197186914
Trinidad and Tobago,TTO,2014,875000000,455000,29474180005.1333,21908.3014555644,3.67086851032413,2.477,5.68441814595659,2732100,53.9259699537793,856000000,467000,28560537057.1548,2.219626168224299,-2.569593147751606,1923076923.076923,9.99466654963326,2.968700061706917
Trinidad and Tobago,TTO,2015,809000000,519000,26841141793.2143,19887.2327716498,-0.406283288730492,2.428,4.66121598098264,2617843,53.926665238022,875000000,455000,29474180005.1333,-7.542857142857143,14.065934065934066,1558766859.344894,9.897883517807593,3.0140297541460144
Trinidad and Tobago,TTO,2016,708000000,492000,23624322192.6274,17449.1538801956,-7.53636305379372,3.207,3.07066742464024,2598521,53.9277523084951,809000000,519000,26841141793.2143,-12.484548825710753,-5.202312138728324,1439024390.2439024,9.767103745941009,2.996911378989533
Trinidad and Tobago,TTO,2017,717000000,465000,23830750900.6899,17566.0999700656,-4.87274946918724,3.312333333333333,1.88038440183532,2582961,53.9293186833833,708000000,492000,23624322192.6274,1.2711864406779663,-5.487804878048781,1541935483.8709676,9.77378311178478,3.00871761443003
Trinidad and Tobago,TTO,2018,541000000,501000,23883058083.2171,17571.498737278,-0.945449700943314,3.417666666666667,1.01856930188822,2458183,53.9314518934907,717000000,465000,23830750900.6899,-24.546722454672246,7.741935483870968,1079840319.3612773,9.774090387192212,2.265204054334093
Trinidad and Tobago,TTO,2019,481000000,480000,23477745791.6977,17212.6128892163,0.467734528855885,3.523,1.00054293027237,2583595,53.9342394732739,541000000,501000,23883058083.2171,-11.090573012939002,-4.191616766467066,1002083333.3333334,9.753455796819942,2.048748650179581
Trinidad and Tobago,TTO,2020,151000000,141000,20888515184.2239,15283.6270531554,-8.78879817831519,4.206,0.598986330824643,677670,53.9377689584806,481000000,480000,23477745791.6977,-68.60706860706861,-70.625,1070921985.8156029,9.634602834495393,0.7228852729275994
Trinidad and Tobago,TTO,2021,151000000,141000,24222963262.7213,17712.5674104655,-0.716740625909793,4.446,2.05922746915458,652148,53.9421278853848,151000000,141000,20888515184.2239,0,0,1070921985.8156029,9.782086145300505,0.6233754242297278
Trinidad and Tobago,TTO,2022,151000000,141000,28341164301.126,20750.5202434652,0.86126082651883,4.383,5.82838638517959,1523315,53.9474037904998,151000000,141000,24222963262.7213,0,0,1070921985.8156029,9.940374787720424,0.5327939191051538
Trinidad and Tobago,TTO,2023,151000000,141000,25036993423.3664,18308.4536298575,1.46645947294053,3.361,4.62930242419968,2028649,53.9536842104572,151000000,141000,28341164301.126,0,0,1070921985.8156029,9.815172797237398,0.6031075594686839
Tunisia,TUN,2010,3477000000,7828000,46206091937.9628,4291.86120891575,2.97113275066512,13.049,3.33897963601069,2739634,66.6280059814453,NA,NA,NA,NA,NA,444174757.2815534,8.364708738075986,7.524981780905185
Tunisia,TUN,2011,2529000000,5746000,48123325825.0739,4420.64772206537,-2.04663389535644,18.334,3.24002842009531,3153388.97660989,66.9191886197857,3477000000,7828000,46206091937.9628,-27.2648835202761,-26.59683188553909,440132265.9241211,8.394267693401233,5.255247754888762
Tunisia,TUN,2012,2931000000,6999000,47311401812.6733,4297.26782454273,4.21667711535632,17.63,4.6118443220664,3580910.21873467,67.2098922729492,2529000000,5746000,48123325825.0739,15.895610913404507,21.80647406891751,418774110.58722675,8.365967389021558,6.195123982174786
Tunisia,TUN,2013,2863000000,7352000,48685446413.953,4369.79345826358,2.42993096446429,15.934,5.31623531326689,4648608,67.4999542236328,2931000000,6999000,47311401812.6733,-2.320027294438758,5.043577653950564,389417845.48422194,8.382699841004609,5.880607472830893
Tunisia,TUN,2014,3042000000,7163000,50271812920.612,4458.97895464547,3.09032803070775,14.259,4.62555099534031,4628511,67.7524643379101,2863000000,7352000,48685446413.953,6.252183024799161,-2.570729053318825,424682395.6442831,8.402899326313621,6.051104631543428
Tunisia,TUN,2015,1869000000,5359000,45779494041.9295,4014.94773686432,0.967834205635981,15.159,4.437371273215,3496190,67.8807907104492,3042000000,7163000,50271812920.612,-38.56015779092702,-25.18497836102192,348759096.84642655,8.2980286475578815,4.082613928166573
Tunisia,TUN,2016,1706000000,5724000,44360072680.4476,3847.80354448809,1.117231963992,15.557,3.62939937384381,3606247,68.0623356528248,1869000000,5359000,45779494041.9295,-8.721241305510969,6.81097219630528,298043326.3452131,8.25551761131812,3.8458007323147294
Tunisia,TUN,2017,1782000000,7052000,42163530590.9462,3619.03247319953,2.25261437620587,15.33,5.30884839565844,3963968,68.2877807617188,1706000000,5724000,44360072680.4476,4.4548651817116065,23.200559049615656,252694271.1287578,8.19423827527669,4.226401288090068
Tunisia,TUN,2018,2320000000,8299000,42686504459.801,3628.10366464236,2.60696965356362,15.459,7.30759176031652,4274199,68.5485240272509,1782000000,7052000,42163530590.9462,30.190796857463525,17.682926829268293,279551753.22327995,8.196740972427115,5.434973018661681
Tunisia,TUN,2019,2683000000,9429000,41905642418.825,3528.87213306798,1.55009304966742,17.153,6.72007532863799,4335325,68.8206382576031,2320000000,8299000,42686504459.801,15.64655172413793,13.61609832509941,284547672.0755117,8.169016926344359,6.402479105760548
Tunisia,TUN,2020,1007000000,2012000,42491780918.361,3548.65363663803,-8.97512622934723,16.535333333333334,5.63415115897625,1381745,69.1043166438476,2683000000,9429000,41905642418.825,-62.46738725307491,-78.6615759889702,500497017.8926441,8.17460531056526,2.369870074249743
Tunisia,TUN,2021,1007000000,2012000,47073234359.1819,3906.93926319391,4.73603648206102,15.917666666666667,5.706350208307,1675777,69.3997523770568,1007000000,2012000,42491780918.361,0,0,500497017.8926441,8.270765471382205,2.139219906404368
Tunisia,TUN,2022,1007000000,2012000,44929920092.7955,3707.29283414381,2.75228761004381,15.3,8.30646124447623,3807115,69.707138648303,1007000000,2012000,47073234359.1819,0,0,500497017.8926441,8.218326897176937,2.241268174793554
Tunisia,TUN,2023,1007000000,2012000,48205328303.3398,3951.11683376921,0.184015548469745,15.106,9.32899597507865,4110265,70.0266686486584,1007000000,2012000,44929920092.7955,0,0,500497017.8926441,8.282006621631487,2.0889806903985595
Turkiye,TUR,2010,26318000000,32997000,782545664268.333,10698.9699409757,8.54219848467686,11.881,8.56644420552976,45665249,69.3471253941487,NA,NA,NA,NA,NA,797587659.4841956,9.277996211191445,3.363126422099199
Turkiye,TUR,2011,30302000000,36769000,844192507380.795,11373.6355760885,10.9799625273598,9.784,6.471879671151,53500303,71.0028723528334,26318000000,32997000,782545664268.333,15.137928414013224,11.431342243234234,824118143.0008975,9.339141206039002,3.5894656414347317
Turkiye,TUR,2012,31566000000,37715000,885327622479.052,11776.7593362033,4.80762696633448,9.21,8.89156996512163,63350312,73.7788680234324,30302000000,36769000,844192507380.795,4.171341825622071,2.572819494683021,836961421.1852047,9.3739682299627,3.565459746032819
Turkiye,TUR,2013,37984000000,39861000,962167643588.925,12635.5570016068,8.48825689298511,9.717,7.49309030547693,74413804.6198675,78.5218368384696,31566000000,37715000,885327622479.052,20.33200278780967,5.6900437491714175,952911367.0003262,9.44434924148281,3.947752790596669
Turkiye,TUR,2014,40028000000,41627000,942343431928.654,12209.3862327674,4.60079447270559,9.912,8.85457271364324,84574844,83.6024850744433,37984000000,39861000,962167643588.925,5.381213142375737,4.430395624796167,961587431.2345352,9.410042199099736,4.2477082816905085
Turkiye,TUR,2015,35648000000,41114000,865460050683.656,11064.6494504662,5.80557386628684,10.302,7.67085364845877,96604665,87.2167107972537,40028000000,41627000,942343431928.654,-10.942340361746778,-1.232373219304778,867052585.4939923,9.311600944885285,4.118965395553549
Turkiye,TUR,2016,26505000000,30907000,870818016909.84,10984.3643169061,3.32366508200445,10.905,7.7751341532833,100366461,88.1020958581776,35648000000,41114000,865460050683.656,-25.648002692998205,-24.826093301551783,857572718.1544634,9.304319149212425,3.043689896777158
Turkiye,TUR,2017,31993000000,37970000,863874522365.276,10756.3877677883,7.82585730002594,10.916,11.1443110840765,107917326,88.0320472717286,26505000000,30907000,870818016909.84,20.705527259007734,22.852428252499436,842586252.3044509,9.283348031731379,3.7034313632034923
Turkiye,TUR,2018,36791000000,46113000,788356985773.667,9684.11819884721,3.46815306092219,10.958,16.3324638988928,115595495.817,88.1655749576173,31993000000,37970000,863874522365.276,14.997030600443848,21.445878324993416,797844425.6500336,9.17834578008745,4.666794442608325
Turkiye,TUR,2019,41415000000,51747000,775853144222.613,9395.23378001368,1.30162365464503,13.731,15.1768215720022,111131475,88.6618152857124,36791000000,46113000,788356985773.667,12.56829115816368,12.217812764296403,800336251.3768914,9.148064226271078,5.337994736297277
Turkiye,TUR,2020,13771000000,15971000,733628247119.077,8798.11791709313,1.80306247087255,13.155,12.2789574462574,44722690.061,88.9303114965222,41415000000,51747000,775853144222.613,-66.74876252565495,-69.13637505555877,862250328.7208065,9.082406758748302,1.8771087473905288
Turkiye,TUR,2021,13771000000,15971000,839938668172.134,9981.76398411336,11.811094450607,11.979,19.5964926913324,69065868,89.1762048153239,13771000000,15971000,733628247119.077,0,0,862250328.7208065,9.208615283277265,1.6395244702768965
Turkiye,TUR,2022,13771000000,15971000,926097476913.818,10897.8397861365,5.44122511322401,10.432,72.3088359891207,104672089.362,89.0381164550781,13771000000,15971000,839938668172.134,0,0,862250328.7208065,9.29641162091307,1.486992497365536
Turkiye,TUR,2023,13771000000,15971000,1141242864657.45,13375.0947282864,5.04512369812289,9.354,53.8594087593315,125940241,89.0218446796121,13771000000,15971000,926097476913.818,0,0,862250328.7208065,9.501224417258616,1.2066669090749091
Uganda,UGA,2010,802000000,946000,26673441430.7857,823.488144282,5.63761163749757,1.401,3.97655288478168,154909,18.7990645544572,NA,NA,NA,NA,NA,847780126.8498943,6.714762762614281,3.0067361276987494
Uganda,UGA,2011,977000000,1151000,27871725241.4723,835.620060555838,9.3916554927176,0.881,16.5643496174515,141603,20.0561028736631,802000000,946000,26673441430.7857,21.820448877805486,21.67019027484144,848827106.8635968,6.729370037391231,3.5053445437466246
Uganda,UGA,2012,1157000000,1197000,27305915910.7877,795.222867553127,3.83745560605229,3.551,12.6790377224659,182144.4,21.372369321253,977000000,1151000,27871725241.4723,18.42374616171955,3.996524761077324,966583124.4778613,6.679879131019301,4.237177041708043
Uganda,UGA,2013,960000000,1206000,28915786516.6123,818.285427416713,3.58690582623025,1.91,4.90520875694557,198804,22.7367659239271,1157000000,1197000,27305915910.7877,-17.026793431287814,0.7518796992481203,796019900.4975125,6.708432530362846,3.319985778178553
Uganda,UGA,2014,984000000,1266000,32612397257.4458,896.054795546394,5.10630732539796,1.566,3.07570668958641,163824,24.1938503391826,960000000,1206000,28915786516.6123,2.5,4.975124378109453,777251184.8341233,6.799116947758684,3.0172574933151872
Uganda,UGA,2015,1049000000,1303000,32387183730.1002,862.934610355811,5.18785986002466,2.1866666666666665,5.58968606251725,41812,24.9777856560427,984000000,1266000,32612397257.4458,6.605691056910569,2.9225908372827805,805065234.075211,6.761497083481442,3.2389355269105224
Uganda,UGA,2016,1118000000,1323000,29203988696.2626,752.696571725656,4.78100029254482,2.8073333333333332,5.70637504616212,52187,25.6953567134098,1049000000,1303000,32387183730.1002,6.57769304099142,1.5349194167306215,845049130.7634165,6.624989862246345,3.828244188243631
Uganda,UGA,2017,954000000,1402000,30744473841.424,765.218332297361,3.13140551723596,3.428,5.20971705914209,14958,26.4139260579546,1118000000,1323000,29203988696.2626,-14.669051878354203,5.971277399848828,680456490.7275321,6.641467158236338,3.102996671598961
Uganda,UGA,2018,1522000000,1506000,32927025619.6795,792.16570022814,6.30392378262997,2.9955,2.61601190952274,21212,27.1280475018884,954000000,1402000,30744473841.424,59.538784067085956,7.417974322396577,1010624169.9867197,6.676032153436512,4.622342806118346
Uganda,UGA,2019,1400000000,1543000,35353061003.4359,822.171150036357,6.43874503276439,2.563,2.867588034469,19822.5,27.8369781799403,1522000000,1506000,32927025619.6795,-8.015768725361367,2.456839309428951,907323395.9818536,6.713164137788554,3.9600531333451907
Uganda,UGA,2020,518000000,473000,37600368241.6657,845.766463890124,2.95130642218098,2.9895,3.31332289544502,4946,28.5399752271502,1400000000,1543000,35353061003.4359,-63,-69.34543097861308,1095137420.718816,6.7414249351346305,1.377646082268934
Uganda,UGA,2021,518000000,473000,40529788748.6737,882.791717542504,3.53658034070898,3.416,2.20457204757414,16490,29.2362957789022,518000000,473000,37600368241.6657,0,0,1095137420.718816,6.784221421236688,1.2780722919927656
Uganda,UGA,2022,518000000,473000,45565333210.9108,963.067314117178,4.58802192181773,3.416,7.1957888597581,35153.299,29.9251969709665,518000000,473000,40529788748.6737,0,0,1095137420.718816,6.871161120095073,1.13682917142799
Uganda,UGA,2023,518000000,473000,48768955863.3175,1002.30913917142,5.33697295511469,3.416,5.35094804280395,21650.2,30.6059359395495,518000000,473000,45565333210.9108,0,0,1095137420.718816,6.911058955001432,1.0621510976199176
Ukraine,UKR,2010,4696000000,24114000,141209170427.233,3039.63232421875,4.09200436668087,8.1,9.37293105078978,3956053,68.637397133357,NA,NA,NA,NA,NA,194741643.85833955,8.019820774158724,3.3255630535836285
Ukraine,UKR,2011,5406000000,24535000,169333835201.554,3656.69799804688,5.44528081048476,7.851,7.95572466274652,5477654.91818182,68.7234299826222,4696000000,24114000,141209170427.233,15.119250425894379,1.7458737662768515,220338292.23558182,8.204589266233386,3.1925102231136315
Ukraine,UKR,2012,5988000000,25061000,182591753827.949,3951.34228515625,0.152314967200653,7.529,0.568727971803862,5828107.61211785,68.8241983107739,5406000000,24535000,169333835201.554,10.76581576026637,2.1438760953739555,238936993.7352859,8.282063665733736,3.2794471132810967
Ukraine,UKR,2013,5931000000,26025000,190498811460.028,4129.89697265625,0.045439094492707,7.17,-0.238948626045407,5218814.574,68.9326288082226,5988000000,25061000,182591753827.949,-0.9519038076152305,3.8466142612026655,227896253.6023055,8.326249847036435,3.1134052514781647
Ukraine,UKR,2014,2264000000,13227000,133503871861.723,3054.908203125,-10.0788949840953,9.27,12.0718562874251,4503610,69.0554339301313,5931000000,26025000,190498811460.028,-61.82768504468049,-49.17579250720461,171165041.2035987,8.024832111590817,1.695830966119802
Ukraine,UKR,2015,1662000000,13025000,91030967789.0717,2094.47387695313,-9.7729872128676,9.14,48.6998646434424,4620530,69.1587317201337,2264000000,13227000,133503871861.723,-26.59010600706714,-1.5271792545550766,127600767.75431861,7.6475350010278795,1.8257523130491462
Ukraine,UKR,2016,1723000000,13734000,93355869403.9223,2158.46118164063,2.44098194492067,9.35,13.9127101997797,5756509,69.2102241609089,1662000000,13025000,91030967789.0717,3.6702767749699152,5.4433781190019195,125455074.9963594,7.677614016615497,1.8456257876460942
Ukraine,UKR,2017,2019000000,14579000,112090505081.739,2604.28759765625,2.35997228099491,9.5,14.4383227488749,6794396,69.2633108489282,1723000000,13734000,93355869403.9223,17.17933836331979,6.152613950779089,138486864.6683586,7.865298350264902,1.8012230371588551
Ukraine,UKR,2018,2269000000,14342000,130891088293.55,3059.0517578125,3.48836234022659,8.799,10.9518559353178,7854842,69.3157992777909,2019000000,14579000,112090505081.739,12.382367508667658,-1.6256259002675082,158206665.73699623,8.026187109121192,1.7335022800874753
Ukraine,UKR,2019,2595000000,13710000,153883047509.577,3619.86157226563,3.19950386354134,8.194,7.88671745611133,7604522.332,69.3527648708735,2269000000,14342000,130891088293.55,14.367562802996915,-4.40663784688328,189277899.34354484,8.1944672798898,1.6863455994647485
Ukraine,UKR,2020,687000000,3382000,156617722013.342,3709.76928710938,-3.75281793983162,9.475,2.73249209419427,1801014,69.3839100516745,2595000000,13710000,153883047509.577,-73.52601156069363,-75.33187454412837,203134240.09461856,8.218994489122407,0.43864767739469196
Ukraine,UKR,2021,687000000,3382000,199765859570.935,4775.94580078125,3.44562065945944,9.834,9.36313917695223,3282709,69.4027032653896,687000000,3382000,156617722013.342,0,0,203134240.09461856,8.471556667456065,0.343902607520407
Ukraine,UKR,2022,687000000,3382000,161989520721.19,4199.6708984375,-28.7585842155085,9.834,20.1836366617478,452343.767,69.42345912103,687000000,3382000,199765859570.935,0,0,203134240.09461856,8.342999529237963,0.42410150788854883
Ukraine,UKR,2023,687000000,3382000,181221517868.744,5139.59814453125,5.53473354963334,9.834,12.8490222828559,452343.767,69.4754455027606,687000000,3382000,161989520721.19,0,0,203134240.09461856,8.544924722210057,0.379094054657231
United States,USA,2010,161821000000,162275000,15048964444000,48642.6100179312,2.69519257744442,9.633,1.6400434423899,720497000,80.6997744673366,NA,NA,NA,NA,NA,997202280.0801109,10.792275733004598,1.0752965800548342
United States,USA,2011,178935000000,147271421.875,15599728123000,50024.868799398,1.56440685763506,8.949,3.156841568622,730796000,80.6957554256024,161821000000,162275000,15048964444000,10.575883228999944,-9.245772993375443,1215001510.2853777,10.820295526605433,1.1470392213834866
United States,USA,2012,195113000000,171629890.625,16253972230000,51708.4011556577,2.28911338669843,8.069,2.06933726526067,736699000,80.6837493386238,178935000000,147271421.875,15599728123000,9.041271970268532,16.539847609181642,1136824123.6388657,10.8533948845005,1.200401952452456
United States,USA,2013,213105000000,179309906.25,16843190993000,53179.0127634561,2.11783009790057,7.375,1.46483265562717,743171000,80.660889281215,195113000000,171629890.625,16253972230000,9.221323028193918,4.474754133462875,1188473099.2100444,10.881437904801798,1.2652293742234832
United States,USA,2014,222746000000,178311359.375,17550680174000,54973.4207515712,2.52381981363968,6.168,1.62222297740817,762710000,80.6242231779766,213105000000,179309906.25,16843190993000,4.5240609089416015,-0.5568832731459866,1249196914.771712,10.914623278788483,1.2691587892415777
United States,USA,2015,230574000000,176864531.25,18206020741000,56572.9188996063,2.94555045484053,5.28,0.118627135552451,798222000,80.5707989535091,222746000000,178311359.375,17550680174000,3.5143167554075045,-0.8114054707850831,1303675747.5928345,10.943303361165047,1.266471148639015
United States,USA,2016,228549000000,175261484.375,18695110842000,57638.1018367192,1.81945147788167,4.869,1.26158320570536,824039000,80.4976645324131,230574000000,176864531.25,18206020741000,-0.8782429935725623,-0.9063698999852465,1304045785.159407,10.961956467700576,1.2225067929875395
United States,USA,2017,233758000000,174291750,19477336549000,59635.0984397965,2.45762229852507,4.355,2.13011000365961,849403000,80.4018678392891,228549000000,175261484.375,18695110842000,2.279161142687126,-0.5533071789607226,1341187979.3507152,10.996016348224313,1.2001538270488095
United States,USA,2018,241984000000,169324921.875,20533057312000,62499.8744390068,2.96650506901305,3.896,2.44258329692817,889024000,80.2804567987377,233758000000,174291750,19477336549000,3.5190239478434964,-2.849720726884663,1429110359.6589212,11.042935826650728,1.1785093487202165
United States,USA,2019,239447000000,165478000,21380976119000,64746.4506778863,2.58382533412825,3.669,1.81221007526021,926737000,80.1304793353594,241984000000,169324921.875,20533057312000,-1.0484164242263951,-2.271917112024358,1447002018.3951945,11.0782496070166,1.119906774448982
United States,USA,2020,84205000000,45037000,21060473613000,63515.9491807833,-2.16302914036166,8.055,1.23358439630629,369501000,79.997451762548,239447000000,165478000,21380976119000,-64.83355398063037,-72.78369330062003,1869684925.727735,11.059062065497791,0.3998248166082209
United States,USA,2021,84205000000,45037000,23315080560000,70205.050916026,6.05505293244555,5.349,4.69785886363742,666153000,80.0074765140272,84205000000,45037000,21060473613000,0,0,1869684925.727735,11.15918978168428,0.36116109392503853
United States,USA,2022,84205000000,45037000,25604848907611,76657.2488844403,2.51237531986017,3.65,8.00279982052121,852828000,80.0324978239707,84205000000,45037000,23315080560000,0,0,1869684925.727735,11.2471124960496,0.3288634910669994
United States,USA,2023,84205000000,45037000,27292170793214.4,81032.262117545,2.88755600749487,3.638,4.11633838374488,941557000,80.071561119178,84205000000,45037000,25604848907611,0,0,1869684925.727735,11.30261499279012,0.3085317054403592
Uruguay,URY,2010,1669000000,2708000,41950361211.9581,12641.0576849008,7.8034096507169,7.158,6.69870886978132,NA,94.3333219475319,NA,NA,NA,NA,NA,616322008.8626292,9.444784445978708,3.978511630846806
Uruguay,URY,2011,2401000000,3244000,50342406067.0777,15132.2675725587,5.16213302463606,6.307,8.0928320630299,NA,94.6036824756941,1669000000,2708000,41950361211.9581,43.85859796285201,19.79320531757755,740135635.0184957,9.624650749926252,4.769338987891912
Uruguay,URY,2012,2666000000,3155000,54232266358.7811,16259.5940814256,3.53817872056869,6.451,8.09776580573602,NA,94.7606597546186,2401000000,3244000,50342406067.0777,11.037067888379843,-2.743526510480888,845007923.9302695,9.696499918807403,4.9158926576343065
Uruguay,URY,2013,2481000000,3242000,61337621933.7857,18335.2594772322,4.63753862902416,6.444,8.57513504005397,NA,94.8844735142936,2666000000,3155000,54232266358.7811,-6.939234808702175,2.757527733755943,765268352.8685997,9.81663577065955,4.044825869966483
Uruguay,URY,2014,2341000000,3195000,61496186973.902,18322.4276767157,3.23879122952364,6.547,8.87735333229828,NA,94.9897821210514,2481000000,3242000,61337621933.7857,-5.642885933091495,-1.4497223935842072,732707355.2425666,9.815935720984458,3.8067400845413117
Uruguay,URY,2015,2349000000,3286000,57680327998.6689,17125.9016800298,0.370741257681345,7.488,8.66626987079328,NA,95.0800002298303,2341000000,3195000,61496186973.902,0.34173430158052115,2.8482003129890456,714850882.5319537,9.748405703974203,4.072445635285237
Uruguay,URY,2016,2396000000,3632000,57480787465.2716,17009.7584207276,1.68979822971775,7.841,9.6394134763508,NA,95.1585424955685,2349000000,3286000,57680327998.6689,2.0008514261387824,10.529519172245893,659691629.9559472,9.74160127115242,4.168349296619503
Uruguay,URY,2017,2924000000,4219000,65005997963.4822,19184.6502617082,1.74037643374211,7.89,6.2180938256186,NA,95.2288235732042,2396000000,3632000,57480787465.2716,22.036727879799667,16.161894273127754,693055226.3569566,9.861917896383861,4.498046475100017
Uruguay,URY,2018,2708000000,3954000,65344577415.7535,19249.9404677501,0.164777608940113,8.336,7.60653360377047,NA,95.2942581176758,2924000000,4219000,65005997963.4822,-7.387140902872777,-6.281109267598957,684876074.8609003,9.865315193990078,4.144184731305869
Uruguay,URY,2019,2335000000,3480000,62222313618.8454,18315.7316980028,0.928351141267498,8.836,7.88198870879619,NA,95.3479309082031,2708000000,3954000,65344577415.7535,-13.774002954209749,-11.987860394537178,670977011.4942529,9.815570221548773,3.7526730592235547
Uruguay,URY,2020,1085000000,3480000,53559359261.826,15757.5355995779,-7.35732706484723,10.413,9.75640636078194,NA,95.3997650146484,2335000000,3480000,62222313618.8454,-53.53319057815846,0,311781609.1954023,9.665137440286141,2.0257897311578277
Uruguay,URY,2021,1085000000,3480000,60739084240.8633,17881.818721099,5.84427312558179,9.328,7.74791402314762,NA,95.4497146606445,1085000000,3480000,53559359261.826,0,0,311781609.1954023,9.79159568289649,1.7863292039395728
Uruguay,URY,2022,1085000000,3480000,70594110920.0358,20818.6146091144,4.48622703072073,7.877,9.10437983075437,NA,95.4977416992188,1085000000,3480000,60739084240.8633,0,0,311781609.1954023,9.943650831388338,1.5369554001877213
Uruguay,URY,2023,1085000000,3480000,77991666837.7382,23019.4221560046,0.742128785315927,8.355,5.86910359896119,NA,95.5439605712891,1085000000,3480000,70594110920.0358,0,0,311781609.1954023,10.044137020769956,1.3911742677039385
Vanuatu,VUT,2010,242000000,237699.996948242,670712979.682038,2815.18828985779,1.25886720329326,1.848,2.76269469477348,247944,24.742504119873,NA,NA,NA,NA,NA,1018090042.5198334,7.943139579338706,36.08100742507233
Vanuatu,VUT,2011,249000000,248899.993896484,770153588.218833,3163.1861645138,3.13980290023412,2.2475555555555555,0.8737931047811,240396.437704341,24.7861634049013,242000000,237699.996948242,670712979.682038,2.8925619834710745,4.711820400519706,1000401792.3100376,8.059651165498547,32.33121338509542
Vanuatu,VUT,2012,268000000,321000,747839697.746593,3004.78416664293,1.01004768692042,2.647111111111111,1.34740362877658,318747,24.8183551383933,249000000,248899.993896484,770153588.218833,7.630522088353414,28.967459972498816,834890965.7320873,8.00829376688446,35.83655705996131
Vanuatu,VUT,2013,314000000,357000,758304466.245339,2979.79608084399,0.463390415135095,3.046666666666667,1.45893371757921,327060,24.8407362750263,268000000,321000,747839697.746593,17.16417910447761,11.214953271028037,879551820.7282914,7.999945685046402,41.408169670256115
Vanuatu,VUT,2014,284000000,329000,773717010.546445,2973.09026493408,2.5750403162878,3.4462222222222225,0.798863838097023,320232,24.8549637694775,314000000,357000,758304466.245339,-9.554140127388536,-7.8431372549019605,863221884.4984802,7.9976934779159565,36.70592686070354
Vanuatu,VUT,2015,254000000,287000,759690180.951654,2854.89412272653,3.96591946444873,3.845777777777778,2.48326875660439,272332,24.8626945764242,284000000,329000,773717010.546445,-10.56338028169014,-12.76595744680851,885017421.6027875,7.957140250897832,33.43468250199279
Vanuatu,VUT,2016,275000000,351600.006103516,804323576.861028,2956.12644801489,3.47154471544715,4.245333333333333,0.842069084035061,299315,24.8654875642873,254000000,287000,759690180.951654,8.267716535433072,22.508712928054347,782138780.5068357,7.991973281202279,34.19021994521427
Vanuatu,VUT,2017,289000000,332700.012207031,880043284.399407,3159.86055790126,4.41266598569969,4.6448888888888895,3.08452624403546,341110,24.7644441456437,275000000,351600.006103516,804323576.861028,5.090909090909091,-5.375424791921231,868650403.9565903,8.058599597956063,32.83929383055636
Vanuatu,VUT,2018,325000000,350200.012207031,914727908.137793,3206.65748718811,2.90023027256446,5.044444444444444,2.33096379566866,374603,24.2729727045038,289000000,332700.012207031,880043284.399407,12.45674740484429,5.259993795584889,928041087.0113468,8.073296194953377,35.529691081759644
Vanuatu,VUT,2019,295000000,256000,936526267.622513,3207.44650452083,3.24118765540442,5.444,2.76252019386111,466865.053133403,23.5024668917075,325000000,350200.012207031,914727908.137793,-9.230769230769232,-26.89891745387545,1152343750,8.07354214400212,31.499383434155426
Vanuatu,VUT,2020,67000000,82400.0015258789,909421043.508407,3042.98711598286,-4.99249142889525,4.046,5.32935073101715,136360,22.4186852094794,295000000,256000,936526267.622513,-77.28813559322035,-67.81249940395355,813106781.0594358,8.020923486378289,7.367324571853348
Vanuatu,VUT,2021,67000000,82400.0015258789,950394006.532514,3107.20312858002,-1.55229489129462,4.046,2.34328358208953,128164,22.2501822422475,67000000,82400.0015258789,909421043.508407,0,0,813106781.0594358,8.041800066037862,7.0497077569383695
Vanuatu,VUT,2022,67000000,82400.0015258789,1055031360.57356,3370.21191956953,5.18622862422562,4.046,6.67930581887121,232524.684,22.2541249733107,67000000,82400.0015258789,950394006.532514,0,0,813106781.0594358,8.123027578748921,6.350522126998761
Vanuatu,VUT,2023,67000000,82400.0015258789,1115861055.72463,3482.61458237637,2.093743250054,4.046,11.1825017088175,359289.984,22.2651966823901,67000000,82400.0015258789,1055031360.57356,0,0,813106781.0594358,8.155825706817508,6.0043317809394114
Viet Nam,VNM,2010,4450000000,5050000,147201173196.979,1683.16182443979,6.42324482239482,1.114,9.20746648778413,14377619,30.2504027258526,NA,NA,NA,NA,NA,881188118.8118812,7.4290232854584515,3.023073731922761
Viet Nam,VNM,2011,5710000000,6014000,172595049183.925,1950.92504174913,6.41316889681683,0.999,18.6777322770707,16544477.8301699,30.6996041680996,4450000000,5050000,147201173196.979,28.314606741573034,19.08910891089109,949451280.3458596,7.576571365492437,3.308322009813369
Viet Nam,VNM,2012,6850000000,6848000,195590661129.249,2185.11767654291,5.5045447041189,1.027,9.09470339557192,16976051.3812163,31.1222779403029,5710000000,6014000,172595049183.925,19.96497373029772,13.867642168274028,1000292056.0747664,7.689882499191949,3.502212201979023
Viet Nam,VNM,2013,7250000000,7572000,213708811665.34,2359.51736472828,5.55351081026072,1.316,6.59267475899192,20429309.908,31.5334201724543,6850000000,6848000,195590661129.249,5.839416058394161,10.572429906542057,957474907.5541469,7.766636096336441,3.392466573326527
Viet Nam,VNM,2014,7410000000,7874000,233451469642.519,2546.38464459903,6.42224312118567,1.256,4.08455446637617,23826013.272,31.9480269945454,7250000000,7572000,213708811665.34,2.206896551724138,3.98837823560486,941071882.1437644,7.8428224822655555,3.1741072400815598
Viet Nam,VNM,2015,7350000000,7944000,239258328381.741,2577.56885340113,6.98715430598611,1.848,0.631200905175754,29944771,32.3810945365679,7410000000,7874000,233451469642.519,-0.8097165991902834,0.8890017780035561,925226586.1027191,7.854989816024212,3.0719933762443334
Viet Nam,VNM,2016,8500000000,10013000,257096001177.982,2735.0604380416,6.69000892660424,1.848,2.66824816969082,37349272,32.8476189285136,7350000000,7944000,239258328381.741,15.646258503401361,26.0448136958711,848896434.6349746,7.914274368425947,3.3061579958669345
Viet Nam,VNM,2017,8890000000,12922000,281353605986.903,2956.10992127753,6.94019037359206,1.874,3.52025688811617,42592762,33.3625963003742,8500000000,10013000,257096001177.982,4.588235294117647,29.052232098272246,687973997.8331528,7.991967692403886,3.159724919400474
Viet Nam,VNM,2018,10080000000,15498000,310106478394.659,3222.31003125366,7.46500685572751,1.161,3.53962805942641,47049671,33.9410227821412,8890000000,12922000,281353605986.903,13.385826771653544,19.934994582881906,650406504.0650407,8.078164070566023,3.250496426963265
Viet Nam,VNM,2019,11830000000,18009000,334365270496.667,3440.90025375434,7.35926270105006,1.681,2.7958236745225,53227026,34.6239134999511,10080000000,15498000,310106478394.659,17.36111111111111,16.202090592334496,656893775.3345549,8.14377899719828,3.538046873835817
Viet Nam,VNM,2020,3232000000,3837000,346615738537.796,3534.03953482647,2.86541320912272,2.103,3.22093436652514,31771202,35.5706676299742,11830000000,18009000,334365270496.667,-72.67962806424345,-78.69398634016325,842324732.8642168,8.170479762094576,0.9324446759498698
Viet Nam,VNM,2021,3232000000,3837000,366474752771.009,3704.1935590038,2.55372852648131,2.383,1.83471554810444,14754847,36.6540656426603,3232000000,3837000,346615738537.796,0,0,842324732.8642168,8.217490779011687,0.8819161417156366
Viet Nam,VNM,2022,3232000000,3837000,413445230668.578,4147.69777213621,8.53750046755788,1.57,3.15650749963129,48674423,37.5478515625,3232000000,3837000,366474752771.009,0,0,842324732.8642168,8.330549774135712,0.7817238560893703
Viet Nam,VNM,2023,3232000000,3837000,433857681378.291,4323.35031982451,5.06502391455075,1.645,3.25289282667662,55114832,38.1298904418945,3232000000,3837000,413445230668.578,0,0,842324732.8642168,8.37201719301309,0.7449447454134023
Virgin Islands (U.S.),VIR,2010,1223000000,2531000,4324000000,39905.1284180994,0.596383224317051,NA,NA,NA,94.5724392667003,NA,NA,NA,NA,NA,483208218.0956144,10.594285185522118,28.28399629972248
Virgin Islands (U.S.),VIR,2011,1122000000,2686000,4223000000,38997.1373164651,-8.20424555364315,NA,NA,NA,94.6553578863453,1223000000,2531000,4324000000,-8.258381030253476,6.124061635717108,417721518.98734176,10.571269162854906,26.56878995974426
Virgin Islands (U.S.),VIR,2012,1210000000,2640000,4089000000,37795.3192590675,-14.8125,NA,NA,NA,94.7353591077883,1122000000,2686000,4223000000,7.8431372549019605,-1.7125837676842888,458333333.3333333,10.53996700276777,29.59158718513084
Virgin Islands (U.S.),VIR,2013,1168000000,2702000,3738000000,34597.9766940328,-6.28515529469308,NA,NA,NA,94.8105958193224,1210000000,2640000,4089000000,-3.4710743801652892,2.348484848484848,432272390.8216136,10.451579385291486,31.246655965757093
Virgin Islands (U.S.),VIR,2014,1319000000,2814000,3565000000,33045.3643795999,-1.77453027139875,NA,NA,NA,94.8797070702488,1168000000,2702000,3738000000,12.92808219178082,4.145077720207254,468727789.623312,10.40566683558602,36.99859747545582
Virgin Islands (U.S.),VIR,2015,1324000000,2643000,3663000000,34007.3529411765,-0.425079702444208,NA,NA,NA,94.9413319098685,1319000000,2814000,3565000000,0.37907505686125853,-6.076759061833688,500945894.81649643,10.434361448165687,36.14523614523614
Virgin Islands (U.S.),VIR,2016,1343000000,2574000,3798000000,35324.9748874586,1.6008537886873,NA,NA,NA,94.9941093874829,1324000000,2643000,3663000000,1.4350453172205437,-2.6106696935300793,521756021.7560218,10.472373804835291,35.36071616640337
Virgin Islands (U.S.),VIR,2017,1202000000,1954000,3794000000,35365.0693039774,-0.735294117647058,NA,NA,NA,95.0366785523929,1343000000,2574000,3798000000,-10.498883097542814,-24.087024087024087,615148413.5107472,10.4735081452346,31.681602530311014
Virgin Islands (U.S.),VIR,2018,993000000,1922000,3923000000,36663.2087550584,1.87830687830687,NA,NA,NA,95.0676784538999,1202000000,1954000,3794000000,-17.387687188019967,-1.6376663254861823,516649323.6212279,10.509556319906615,25.312261024725974
Virgin Islands (U.S.),VIR,2019,1031000000,2074000,4121000000,38633.5298915336,2.90833549727343,NA,NA,NA,95.0857481413049,993000000,1922000,3923000000,3.826787512588117,7.908428720083246,497107039.53712636,10.561901712350949,25.018199466148992
Virgin Islands (U.S.),VIR,2020,686000000,8612000,4229000000,39787.3741650202,-1.61493817814787,NA,NA,NA,95.0974024521293,1031000000,2074000,4121000000,-33.462657613967025,315.2362584378014,79656293.54389225,10.591330042194615,16.22132891936628
Virgin Islands (U.S.),VIR,2021,686000000,8612000,4507000000,42571.0777368471,3.66760707873814,NA,NA,NA,95.1604310610968,686000000,8612000,4229000000,0,0,79656293.54389225,10.658953865168078,15.220767694697138
Virgin Islands (U.S.),VIR,2022,686000000,8612000,4672000000,44320.909185774,-1.31123206333498,NA,NA,NA,95.2171514724412,686000000,8612000,4507000000,0,0,79656293.54389225,10.69923439778971,14.68321917808219
Virgin Islands (U.S.),VIR,2023,686000000,8612000,4672000000,44320.909185774,-1.31123206333498,NA,NA,NA,95.2740790945924,686000000,8612000,4672000000,0,0,79656293.54389225,10.69923439778971,14.68321917808219
World,WLD,2010,1166383975988.92,1755720045.79761,66811191491614.9,9542.72886249208,4.52424032554688,5.48591735678538,3.32634463368643,2669414339.20994,51.7589871197018,NA,NA,NA,NA,NA,664333689.6338965,9.163639554163398,1.745791311228608
World,WLD,2011,1307820554832.45,1792688016.34094,74309709353789.2,10485.1771943036,3.33900335400304,5.80477872948195,4.82239636013325,2833214050.18207,52.4574472014951,1166383975988.92,1755720045.79761,66811191491614.9,12.126073553403618,2.105573188152311,729530483.2247642,9.257813211168573,1.75995918461463
World,WLD,2012,1375444457151.16,1881196824.91292,75960594595757,10583.9966715989,2.73120979279713,5.4326846698658,3.72532666110646,2943247912.56489,52.9169643228086,1307820554832.45,1792688016.34094,74309709353789.2,5.170732488401172,4.93721203941752,731153932.9303454,9.267192869123843,1.8107341898400429
World,WLD,2013,1481874622805.72,1952484358.48149,78034892841179.2,10739.8911620948,2.88814205849086,5.61359444781008,2.65167342916577,3100200780.17267,53.4324285544528,1375444457151.16,1881196824.91292,75960594595757,7.737874481314915,3.789477667860181,758968755.047145,9.28181334060702,1.8989897581095045
World,WLD,2014,1563278460419.11,2012330419.01591,80054888775431.1,10885.7966024868,3.13301748764174,5.56824261346657,2.39371597209792,3285080769.47589,53.9080111998113,1481874622805.72,1952484358.48149,78034892841179.2,5.493301279379728,3.0651236858544784,776849788.5071977,9.29530601310234,1.952758269147557
World,WLD,2015,1516754650633.11,2071785909.76065,75621913961646.2,10161.9445773234,3.11378907834442,5.585378043375343,1.43702380935655,3525115153,54.4246815745034,1563278460419.11,2012330419.01591,80054888775431.1,-2.9760411189652745,2.954559061618496,732100089.8245989,9.226503499745291,2.0057078314658567
World,WLD,2016,1541142563377.13,2140443306.01389,76831684012526.2,10204.9287763386,2.79359207247063,5.602513473284117,1.59691227583204,3760774350,54.8936424211134,1516754650633.11,2071785909.76065,75621913961646.2,1.6079009702617355,3.313923312721631,720010924.394523,9.230724082992728,2.005868520499786
World,WLD,2017,1681211087096.03,2248870723.88107,81839102917044.7,10747.764306505,3.45183009055707,5.61964890319289,2.22314331448899,4025616011.77031,55.3184226450948,1541142563377.13,2140443306.01389,76831684012526.2,9.088615618529527,5.065652407729621,747580138.4414926,9.282546078716662,2.0542882646210954
World,WLD,2018,1829956003842.39,2339399881.49679,87050964956078.4,11309.3830773178,3.27395826417856,5.96619923331937,2.44258329692817,4293921426.12931,55.7510358807325,1681211087096.03,2248870723.88107,81839102917044.7,8.847486070490303,4.025538536047364,782233092.4764993,9.333476439210113,2.10216624797404
World,WLD,2019,1863068555520.54,2403074088.46029,88483262418196.6,11376.0818134476,2.67911757479919,5.89114070862236,2.227478809383,4455690101.02828,56.1393998135593,1829956003842.39,2339399881.49679,87050964956078.4,1.8094725560955105,2.7218179955946704,775285524.6815361,9.339356243640484,2.1055604242022157
World,WLD,2020,1863068555520.54,2403074088.46029,85912761035231.2,10937.6846205191,-2.8992231033702,6.68585799525501,1.90509722047501,1771894087.0245,56.442553264507,1863068555520.54,2403074088.46029,88483262418196.6,0,0,775285524.6815361,9.30006083296271,2.1685585855592873
World,WLD,2021,1863068555520.54,2403074088.46029,98140475264975.9,12390.6686716727,6.41334961541973,6.19401882451962,3.4754032028988,2279974770.123,56.8075140054202,1863068555520.54,2403074088.46029,85912761035231.2,0,0,775285524.6815361,9.424779644463007,1.898369200363376
World,WLD,2022,1863068555520.54,2403074088.46029,102251524725531,12798.1658465319,3.40305483746891,6.19401882451962,7.98518671835033,3230288279.667,57.0703302851395,1863068555520.54,2403074088.46029,98140475264975.9,0,0,775285524.6815361,9.457135279544472,1.8220447670795015
World,WLD,2023,1863068555520.54,2403074088.46029,106741647821064,13236.7163960917,2.9485947500487,6.19401882451962,5.87010268787553,4268984474.03796,57.3099507018106,1863068555520.54,2403074088.46029,102251524725531,0,0,775285524.6815361,9.490825336978443,1.7453998449074803
Zimbabwe,ZWE,2010,135000000,2239000,12047750000,902.010759067388,19.6754077019323,5.368,3.02267002518892,258828,32.7284525810054,NA,NA,NA,NA,NA,60294774.452880755,6.805734468149313,1.1205411798883609
Zimbabwe,ZWE,2011,164000000,2423000,14109000000,1037.77565157218,14.1939156801139,5.368,3.4661297281749,279347.618391502,32.7567295776968,135000000,2239000,12047750000,21.48148148148148,8.21795444394819,67684688.40280643,6.945798040519075,1.1623786235736056
Zimbabwe,ZWE,2012,174000000,1794000,17123500000,1239.22709745709,16.6654290410337,5.17,3.72532666110646,320945.999810999,32.7931752128328,164000000,2423000,14109000000,6.097560975609756,-25.95955427156418,96989966.55518395,7.123049784940987,1.0161473997722428
Zimbabwe,ZWE,2013,183000000,1833000,19100750000,1362.99498323368,1.98948554025198,4.972,1.63495041543822,351564,32.9019343169941,174000000,1794000,17123500000,5.172413793103448,2.1739130434782608,99836333.87888707,7.21817316041547,0.9580775623993821
Zimbabwe,ZWE,2014,186000000,1880000,19505500000,1372.91526173161,2.37698561663417,4.774,-0.19778481012661,301260,33.1628075970801,183000000,1833000,19100750000,1.639344262295082,2.564102564102564,98936170.21276596,7.225419798196039,0.9535771961754378
Zimbabwe,ZWE,2015,191000000,2057000,19973250000,1387.12632595026,1.77985356392176,5.2938,-2.43096842383404,370165,33.5612641766874,186000000,1880000,19505500000,2.6881720430107525,9.414893617021276,92853670.39377736,7.2357101498577885,0.9562790231935214
Zimbabwe,ZWE,2016,194000000,2168000,20559250000,1408.13945253431,0.75579405855224,5.8136,-1.54366960054161,378803,34.0799460726314,191000000,2057000,19973250000,1.5706806282722512,5.396208070004861,89483394.83394833,7.2507344797012125,0.9436141882607585
Zimbabwe,ZWE,2017,158000000,2423000,51035657370.5179,3445.44941020134,4.73441117758482,6.3334,0.893962316050027,282539,34.7014953017273,194000000,2168000,20559250000,-18.556701030927837,11.7619926199262,65208419.314898886,8.145099823616883,0.3095874691158047
Zimbabwe,ZWE,2018,191000000,2580000,34141666666.6667,2270.89531874302,5.00992154297603,6.8532,10.6188658669575,282539,35.4085538807905,158000000,2423000,51035657370.5179,20.88607594936709,6.479570780024763,74031007.75193799,7.728369704282669,0.5594337319990231
Zimbabwe,ZWE,2019,285000000,2294000,33357695635.1284,2184.32923855469,-6.33244976028571,7.373,255.304990757856,303382.7685,36.1837638266364,191000000,2580000,34141666666.6667,49.21465968586388,-11.085271317829458,124237140.36617263,7.689521777439137,0.8543755633403871
Zimbabwe,ZWE,2020,66000000,639000,31980334561.3123,2059.67445384499,-7.81695060188729,8.416,557.201817362051,324226.537,37.0097671560802,285000000,2294000,33357695635.1284,-76.84210526315789,-72.14472537053183,103286384.97652581,7.630788612977499,0.20637682783920105
Zimbabwe,ZWE,2021,66000000,639000,41287673690.0771,2613.60542083552,8.46801676808001,9.459,98.5461050920624,75638.12,37.8692058859373,66000000,639000,31980334561.3123,0,0,103286384.97652581,7.868868474420004,0.15985400508496594
Zimbabwe,ZWE,2022,66000000,639000,40757561708.7741,2536.40050223076,6.13926327570213,10.001,104.705170628667,75543.792,38.7055207169041,66000000,639000,41287673690.0771,0,0,103286384.97652581,7.838895411637731,0.16193314131888273
Zimbabwe,ZWE,2023,66000000,639000,35871779680.6335,2195.22492079245,5.3508687909833,9.29,104.705170628667,92494.376,39.2919370795795,66000000,639000,40757561708.7741,0,0,103286384.97652581,7.694495220331931,0.18398864117587163
