"Data Source","World Development Indicators",

"Last Updated Date","2026-02-24",

"Country Name","Country Code","Indicator Name","Indicator Code","1960","1961","1962","1963","1964","1965","1966","1967","1968","1969","1970","1971","1972","1973","1974","1975","1976","1977","1978","1979","1980","1981","1982","1983","1984","1985","1986","1987","1988","1989","1990","1991","1992","1993","1994","1995","1996","1997","1998","1999","2000","2001","2002","2003","2004","2005","2006","2007","2008","2009","2010","2011","2012","2013","2014","2015","2016","2017","2018","2019","2020","2021","2022","2023","2024","2025",
"Aruba","ABW","Unemployment, total (% of total labor force) (national estimate)","SL.UEM.TOTL.NE.ZS","","","","","","","","","","","","","","","","","","","","","","","","","","","","","","","","6.08","","","6.45","","","7.45","","","6.92","6.9","","","","","","5.71","","","10.6","8.9","","","","","","","","","","","","","","",
"Africa Eastern and Southern","AFE","Unemployment, total (% of total labor force) (national estimate)","SL.UEM.TOTL.NE.ZS","","","","","","","","","","","","","","","","","","","","","","","","","","","","","","","","","","","","","","","","","","","","","","","","","","","","","","","","","","","","","","","","","","",
"Afghanistan","AFG","Unemployment, total (% of total labor force) (national estimate)","SL.UEM.TOTL.NE.ZS","","","","","","","","","","","","","","","","","","","","","","","","","","","","","","","","","","","","","","","","","","","","","","","","","2.494","","","","1.692","","7.915","","","11.184","","","11.71","5.679","","","","",
"Africa Western and Central","AFW","Unemployment, total (% of total labor force) (national estimate)","SL.UEM.TOTL.NE.ZS","","","","","","","","","","","","","","","","","","","","","","","","","","","","","","","","","","","","","","","","","","","","","","","","","","","","","","","4.44593504759302","","","7.24008212032153","","7.67222813569136","","","3.34515973945368","","","",
"Angola","AGO","Unemployment, total (% of total labor force) (national estimate)","SL.UEM.TOTL.NE.ZS","","","","","","","","","","","","","","","","","","","","","","","","","14.2","14.9","18.9","","","","","","","","","","","","","","","","","","23.643","","","","","3.782","9.43","16.77","","","9.579","","","","","16.431","","15.766","14.094","","","",
"Albania","ALB","Unemployment, total (% of total labor force) (national estimate)","SL.UEM.TOTL.NE.ZS","","","","","","","","","","","","","","","","","","","","","5.6","5.1","3.6","4.4","5.7","6.7","6.4","6.1","7","7.3","9.5","9.1","26.5","22.3","18.4","12.9","12.3","14.9","17.7","18.4","16.8","16.4","4.615","15","14.4","6.566","13.8","15.966","13.06","13.674","14.086","13.481","13.376","15.866","18.055","17.193","15.418","13.616","12.304","11.466","11.639","11.474","10.785","10.669","","",
"Andorra","AND","Unemployment, total (% of total labor force) (national estimate)","SL.UEM.TOTL.NE.ZS","","","","","","","","","","","","","","","","","","","","","","","","","","","","","","","","","","","","","","","","","","","","","","","","","","","","","","","","","","","","","","","","","","",
"Arab World","ARB","Unemployment, total (% of total labor force) (national estimate)","SL.UEM.TOTL.NE.ZS","","","","","","","","","","","","","","","","","","","","","","","","","","","","","","","","","","","","","","","","","","","","","","","10.4289711348405","9.75151716382208","10.0696703445046","9.57840667049305","9.36981355379497","","10.6960409558823","","10.7870859161117","","9.67868951715046","","","","","","","","","",
"United Arab Emirates","ARE","Unemployment, total (% of total labor force) (national estimate)","SL.UEM.TOTL.NE.ZS","","","","","","","","","","","","","","","","1.96","","","","","","","","","","1.15","","","","","","","","","","1.8","","","","","2.25","","","","","3.12","","","","","","","","","","","1.64","2.462","2.236","2.331","4.294","3.105","2.872","2.151","1.875","",
"Argentina","ARG","Unemployment, total (% of total labor force) (national estimate)","SL.UEM.TOTL.NE.ZS","","","","","","","","","","","4.8","6","6.6","5.6","3.4","2.3","4.5","2.8","2.8","2","2.3","4.5","4.73","4.17","3.54","5.3","4.4","5.3","6","7.3","7.06","5.44","6.36","10.1","11.76","18.8","17.11","14.82","12.65","14.05","15","17.32","19.59","15.36","13.522","11.506","10.078","8.47","7.837","8.645","7.714","7.18","7.217","7.1","7.268","","","8.347","9.22","9.843","11.461","8.736","6.805","6.139","1.694","",
"Armenia","ARM","Unemployment, total (% of total labor force) (national estimate)","SL.UEM.TOTL.NE.ZS","","","","","","","","","","","","","","","","","","","","","","","","","","","","","","","","","1.8","5.3","6.6","6.7","9.3","10.8","9.4","11.2","","35.964","","","","","","10.394","22.974","19.295","19.523","18.884","17.511","16.576","17.498","18.261","17.617","17.704","10.589","9.794","8.055","8.418","8.262","8.298","","",
"American Samoa","ASM","Unemployment, total (% of total labor force) (national estimate)","SL.UEM.TOTL.NE.ZS","","","","","","","","","","","","","","","12.99","17.24","19.08","14.87","13.79","14.35","12.41","12.61","12.78","12.96","13.11","13.29","13.38","","","","5.11","","","","","","","","","","5.05","","","","","9.98","","","","","9.2","","","","","","","","","","","","","","","",
"Antigua and Barbuda","ATG","Unemployment, total (% of total labor force) (national estimate)","SL.UEM.TOTL.NE.ZS","","","","","","","","","","","","","","20.46","19.46","19.45","20.69","","","","","","","","","","","","","","","6","","","","","","","","","","8.42","","","","","","","","","","","","","","","","","8.78","","","","","","","",
"Australia","AUS","Unemployment, total (% of total labor force) (national estimate)","SL.UEM.TOTL.NE.ZS","","","","","","","","","","","","","","","","","","","","6.265","6.105","5.784","7.163","9.961","8.987","8.258","8.081","8.106","7.226","6.175","6.926","9.579","10.729","10.874","9.719","8.469","8.506","8.362","7.676","6.872","6.283","6.742","6.368","5.929","5.395","5.032","4.782","4.377","4.234","5.561","5.211","5.081","5.224","5.662","6.077","6.054","5.714","5.604","5.345","5.143","6.394","5.022","3.728","3.668","3.942","",
"Austria","AUT","Unemployment, total (% of total labor force) (national estimate)","SL.UEM.TOTL.NE.ZS","","","","","","","","","","2.8","2.4","1.5","1.3","1.2","1.3","2","2","1.8","2.1","2","1.9","2.06","3.35","4.11","3.8","3.6","3.12","3.79","3.55","3.14","3.25","3.42","3.59","4.25","3.582","4.345","5.282","5.15","5.483","4.699","4.687","4.007","4.852","4.779","5.969","5.682","5.32","4.909","4.198","5.371","4.883","4.637","4.909","5.367","5.674","5.802","6.064","5.561","4.933","4.56","5.201","6.459","4.992","5.264","5.161","",
"Azerbaijan","AZE","Unemployment, total (% of total labor force) (national estimate)","SL.UEM.TOTL.NE.ZS","","","","","","","","","","","","","","","","","","","","","","","","","","","","","","","","0.11","0.17","0.52","0.65","0.8","0.9","1.03","1.13","16.25","11.78","10.91","10.04","9.17","7.99","7.26","6.62","6.33","5.86","5.74","5.63","5.42","5.19","4.97","4.91","4.96","5","5","4.9","5","7.24","6.04","5.65","","","",
"Burundi","BDI","Unemployment, total (% of total labor force) (national estimate)","SL.UEM.TOTL.NE.ZS","","","","","","","","","","","","","","","","","","","","","","","","","","","","","","","0.48","","","","","","","","","14","","","","","","","3.185","","1.634","","","","","","1.572","","","","","","1.03","","","","","",
"Belgium","BEL","Unemployment, total (% of total labor force) (national estimate)","SL.UEM.TOTL.NE.ZS","","","","","","","","","","","","2.1","2.7","2.8","3","5.1","6.5","5.67","7.9","6.96","9.1","11.35","13","11.66","11.882","11.321","11.28","11.257","10.127","8.284","7.25","6.984","6.702","8.078","9.645","9.337","9.483","8.95","9.322","8.649","6.586","6.178","6.91","7.68","7.363","8.44","8.246","7.459","6.976","7.908","8.293","7.14","7.542","8.425","8.523","8.482","7.83","7.09","5.941","5.364","5.545","6.248","5.57","5.547","5.701","",
"Benin","BEN","Unemployment, total (% of total labor force) (national estimate)","SL.UEM.TOTL.NE.ZS","","","","","","","","","","","","","","","","","","","","","","","","","","","0.18","","","","","","1.51","","","","","","","","","","0.69","","","","","","","","1.04","2.647","","2.198","","","","","","1.214","","","1.685","","","",
"Burkina Faso","BFA","Unemployment, total (% of total labor force) (national estimate)","SL.UEM.TOTL.NE.ZS","","","","","","","","","","","","","","","","","","","","","","","","","","1.3","","","","","","","","","2.58","","","","2.44","","","","","2.78","","4","2.353","3.3","","","","","","","6.481","","","","4.695","1.56","","","1.927","5.348","3.441","",
"Bangladesh","BGD","Unemployment, total (% of total labor force) (national estimate)","SL.UEM.TOTL.NE.ZS","","","","","","","","","","","","","","","","","","","","","","","","","2.04","2.02","0.96","","","0.92","","2.2","","","","","2.51","","","","3.27","","","4.32","","4.25","3.591","","","5","3.379","2.504","","4.426","","","4.35","4.372","","","","","4.593","3.352","3.635","",
"Bulgaria","BGR","Unemployment, total (% of total labor force) (national estimate)","SL.UEM.TOTL.NE.ZS","","","","","","","","","","","","","","","","","","","","","","","","","","","","","","","1.7","11.1","15.3","16.4","12.8","11.1","12.5","13.7","12.2","14.1","16.218","19.921","18.11","13.733","12.037","10.083","8.951","6.878","5.609","6.817","10.279","11.26","12.27","12.941","11.424","9.143","7.575","6.164","5.211","4.148","5.037","5.166","4.148","4.319","4.165","",
"Bahrain","BHR","Unemployment, total (% of total labor force) (national estimate)","SL.UEM.TOTL.NE.ZS","","","","","","","","","","","","","","","","","","","","","","3.1","","","","","","","","","","","","","","","","","","","","","","","","","","5.6","3.7","4","1.13","4","1.2","","","","","","","","","","","","","",
"Bahamas, The","BHS","Unemployment, total (% of total labor force) (national estimate)","SL.UEM.TOTL.NE.ZS","","","","","","","","","","","","","","8.6","","21.2","","20.86","","14.7","","","","","","","12.09","","11.02","11.59","7.77","12.17","14.81","12.72","13.83","10.83","11.46","9.76","7.65","7.45","","6.87","9.05","10.84","10.2","10.2","7.54","7.88","8.18","14.25","","14.52","14.02","16.18","13.8","12","12.7","9.8","10","9.336","","","","8.645","","",
"Bosnia and Herzegovina","BIH","Unemployment, total (% of total labor force) (national estimate)","SL.UEM.TOTL.NE.ZS","","","","","","","","","","","","","","","","","","","","","","","","","","","","","","","","17.55","","","","","","","","","","16.1","","","","","31.11","28.984","23.405","24.068","27.312","27.582","28.01","27.49","27.517","27.695","25.408","20.527","18.4","15.692","15.868","14.897","12.657","10.668","10.706","",
"Belarus","BLR","Unemployment, total (% of total labor force) (national estimate)","SL.UEM.TOTL.NE.ZS","","","","","","","","","","","","","","","","","","","","","","","","","","","","","","","","0.05","0.5","1.4","2.1","2.9","4","2.8","2.3","6.612","2.1","2.3","3","3.1","1.9","1.5","1.2","1","0.8","5.803","","0.6","0.5","0.5","0.5","1","5.844","5.648","4.763","4.165","4.049","3.9","3.574","3.461","3.039","",
"Belize","BLZ","Unemployment, total (% of total labor force) (national estimate)","SL.UEM.TOTL.NE.ZS","","","","","","","","","","","","","","","","","","","","","","","","","","","","","","","","","","9.78","11.1","12.48","13.82","12.68","14.31","12.84","","9.07","10.04","","","10.91","9.39","8.51","8.18","","","","","8.349","8.244","7.578","7","6.596","9.346","9.053","","","","","","",
"Bermuda","BMU","Unemployment, total (% of total labor force) (national estimate)","SL.UEM.TOTL.NE.ZS","","","","","","","","","","","","","","","","","","","","","","","","","","","","","","","","","","","","","","","","","2.71","","","","","","","","","4.48","6.49","","8.44","6.66","8.94","","","","","","","","","","","",
"Bolivia","BOL","Unemployment, total (% of total labor force) (national estimate)","SL.UEM.TOTL.NE.ZS","","","","","","","","","","","","9","8.1","7.1","6.1","5.2","5.3","5.3","5.5","5.6","6.1","10.16","11.6","14.19","14.66","19.28","19.76","20.32","18","10.1","6.69","6.59","5.52","5.99","3.08","3.69","5.23","2.08","","3.93","4.47","5.24","5.48","","4.17","5.45","5.08","5.18","2.603","2.973","","2.255","2.066","2.437","2.021","3.111","3.498","3.655","3.519","3.682","7.903","4.936","3.452","2.948","2.73","",
"Brazil","BRA","Unemployment, total (% of total labor force) (national estimate)","SL.UEM.TOTL.NE.ZS","","","","","","","","","","","","","3.06","2.78","","","1.92","2.32","2.36","2.76","","3.99","4.83","4.62","4.04","3.38","2.37","3.56","3.79","4.145","4.703","","7.086","6.03","","7.092","8.035","9.003","10.15","11.125","","10.649","10.641","11.168","10.072","10.551","9.692","9.28","8.268","9.419","","7.578","7.251","7.071","6.755","8.538","11.58","12.792","12.329","11.936","13.697","13.158","9.231","7.947","6.801","",
"Barbados","BRB","Unemployment, total (% of total labor force) (national estimate)","SL.UEM.TOTL.NE.ZS","","","","","","","","","","","","","","","","","9.86","12.45","13.29","9.45","8.98","7.23","8.39","9.06","17.02","18.85","17.88","17.94","17.57","14.06","8.16","7.52","22.94","24.54","22.98","19.66","14.71","14.61","12.4","10.61","9.35","9.85","10.32","11","","","","","","10.02","10.69","11.19","11.59","11.55","12.17","9.803","8.247","8.62","8.321","8.41","","11.015","7.261","6.54","","",
"Brunei Darussalam","BRN","Unemployment, total (% of total labor force) (national estimate)","SL.UEM.TOTL.NE.ZS","","","","","","","","","","","","","","","","8.252","7.85","8.063","8.696","10.041","7.668","7.842","6.548","6.037","","","","","","","","4.7","","","","","","","","","","","","","","","","","","","","","","","6.862","","","9.316","8.7","6.6","7.409","4.905","5.191","5.296","4.871","",
"Bhutan","BTN","Unemployment, total (% of total labor force) (national estimate)","SL.UEM.TOTL.NE.ZS","","","","","","","","","","","","","","","","","","","","","","","","","","","","","","","","","","","","","","","1.4","1.4","","1.9","","1.8","2.49","3.1","3.13","3.7","","3.96","3.32","3.23","2.05","2.87","2.63","2.45","","","3.35","2.72","5.03","4.803","5.947","3.126","3.282","",
"Botswana","BWA","Unemployment, total (% of total labor force) (national estimate)","SL.UEM.TOTL.NE.ZS","","","","","","","","","","","","","","","","","","","","","","","","","","25.67","","","","","","13.82","","","21.2","","21.593","","20.86","","15.88","18.54","","23.8","","","17.782","","","16.169","17.86","20.01","","","","","","","","20.094","21.017","23.106","23.615","23.381","24.433","",
"Central African Republic","CAF","Unemployment, total (% of total labor force) (national estimate)","SL.UEM.TOTL.NE.ZS","","","","","","","","","","","","","","","","","","","","","","","","","","","","","","","","","","","","","","","","","","","","","","","","","","","","","","","","","","","","","","","","","","",
"Canada","CAN","Unemployment, total (% of total labor force) (national estimate)","SL.UEM.TOTL.NE.ZS","","","","","","","","","","4.7","5.9","6.4","6.3","5.6","5.4","","7.09","8.049","8.376","7.525","7.537","7.607","11.04","12.018","11.344","10.502","9.593","8.82","7.762","7.546","8.131","10.316","11.197","11.377","10.395","9.489","9.62","9.1","8.278","7.583","6.829","7.219","7.665","7.574","7.185","6.758","6.484","6.156","6.284","8.46","8.178","7.637","7.392","7.143","7.023","6.945","7.038","6.426","5.837","5.69","9.657","7.527","5.279","5.415","6.351","",
"Central Europe and the Baltics","CEB","Unemployment, total (% of total labor force) (national estimate)","SL.UEM.TOTL.NE.ZS","","","","","","","","","","","","","","","","","","","","","","","","","","","","","","","","","","12.1553841981701","11.4292124515335","10.7442662328485","10.2460767965148","9.3907412921948","9.18697418361695","10.6183180697798","12.1493697321005","13.4981128132324","13.9609765303477","13.2764246828022","12.8914606604503","12.0311529429654","10.1249144944981","7.80912922603523","6.60116715977237","8.51650875155538","9.92718738959061","9.80960842319458","10.014837051229","10.076189699493","8.87370489824698","7.81260796234007","6.47626986745334","5.27719000843769","4.29483445753775","3.76072643211224","4.3496421220328","4.44508031221282","3.96540582731722","4.01230416616797","4.00928878053645","",
"Switzerland","CHE","Unemployment, total (% of total labor force) (national estimate)","SL.UEM.TOTL.NE.ZS","","","","","","","","","","","","","","","","0.3","0.7","0.4","0.4","0.4","0.2","0.2","0.4","0.9","1.1","1","0.8","0.8","0.7","0.6","2.07","1.818","2.344","3.551","3.58","3.094","3.684","4.127","3.568","3.053","2.658","2.49","2.924","4.117","4.316","4.437","3.995","3.641","3.35","4.109","4.808","4.409","4.491","4.747","4.826","4.801","4.918","4.797","4.713","4.394","4.817","5.013","4.122","4.043","4.343","",
"Channel Islands","CHI","Unemployment, total (% of total labor force) (national estimate)","SL.UEM.TOTL.NE.ZS","","","","","","","","","","","","","","","","","","","","","","","","","","","","","","","","","","","","","","","","","","","","","","","","","","","","","","","","","","","","","","","","","","",
"Chile","CHL","Unemployment, total (% of total labor force) (national estimate)","SL.UEM.TOTL.NE.ZS","","","","","","","","","","","","","","","","14.69","12.75","11.83","14.26","13.63","10.46","11.35","19.6","14.65","13.91","","8.71","","6.23","5.29","5.63","5.23","4.35","4.49","5.87","4.7","6.326","6.118","6.412","10.141","9.668","9.854","9.801","9.538","10.007","9.238","7.804","7.136","7.796","9.689","8.547","7.492","6.79","6.361","6.761","6.605","6.926","7.3","7.673","7.559","11.18","9.417","8.331","9.091","8.756","",
"China","CHN","Unemployment, total (% of total labor force) (national estimate)","SL.UEM.TOTL.NE.ZS","","","","","","","","","","","","","","","","","","","5.3","5.4","4.9","3.8","3.2","2.3","1.9","1.8","2","2","2","2.6","2.5","2.3","2.3","2.6","2.8","2.9","3","3.1","3.1","3.1","3.707","3.6","4","4.3","4.2","4.2","4.1","4","4.2","4.3","4.1","4.1","4.1","4.05","4.1","","","3.9","4.93","5.15","5.61","5.11","","","","",
"Cote d'Ivoire","CIV","Unemployment, total (% of total labor force) (national estimate)","SL.UEM.TOTL.NE.ZS","","","","","","","","","","","","","","","","","","","","","","","","","","","","","","","","","6.7","","","4.1","","","2.857","","","","","","","","","","","","","","7.223","4.255","","","1.896","3.272","","2.401","","","2.31","","","",
"Cameroon","CMR","Unemployment, total (% of total labor force) (national estimate)","SL.UEM.TOTL.NE.ZS","","","","","","","","","","","","","","","","","","","","","","","","","","","","","","","","","","","","","8.06","","","","","7.46","","","","21.382","","3.063","","","4.11","","","","3.534","","","","","","","3.275","","","","",
"Congo, Dem. Rep.","COD","Unemployment, total (% of total labor force) (national estimate)","SL.UEM.TOTL.NE.ZS","","","","","","","","","","","","","","","","","","","","","","","","","","","","","","","","","","","","","","","","","","","","","","2.948","","","","","","","4.485","","","","5.006","","","","1.466","","","","","",
"Congo, Rep.","COG","Unemployment, total (% of total labor force) (national estimate)","SL.UEM.TOTL.NE.ZS","","","","","","","","","","","","","","","","","","","","","","","","","","","","","","","","","","","","","","","","","","","","","","19.796","","","","19.86","","","10","","","","","","","","","","","","","",
"Colombia","COL","Unemployment, total (% of total labor force) (national estimate)","SL.UEM.TOTL.NE.ZS","","","","","","","","","","","","","","","","10.55","","9.4","","","9.1","8.13","11.46","11.13","13","13.89","12.94","10.83","","","","10.12","9.44","7.8","8.25","8.72","11.81","12.14","15","20.06","20.52","15.04","14.481","13.221","13.72","11.062","","11.281","11.387","12.2","11.153","10.288","9.959","9.246","8.799","8.572","8.922","9.086","9.36","10.28","15.722","13.898","10.541","9.591","9.619","",
"Comoros","COM","Unemployment, total (% of total labor force) (national estimate)","SL.UEM.TOTL.NE.ZS","","","","","","","","","","","","","","","","","","","","","","","","","","","","","","","","","","","","","","","","","","","","","4.571","","","","","","","","","","8.142","","","","","","","4.394","","","","",
"Cabo Verde","CPV","Unemployment, total (% of total labor force) (national estimate)","SL.UEM.TOTL.NE.ZS","","","","","","","","","","","","","","","","","","","","","","","","","","","","","","","23","","","","","","","","","","","","","","","","","","","13.517","10.67","","","","","31.313","","12.24","12.17","11.29","","","","","","",
"Costa Rica","CRI","Unemployment, total (% of total labor force) (national estimate)","SL.UEM.TOTL.NE.ZS","","","","","","","","","","","","","","","","","","","","","","","","","","","","","","","","","","","","","","","","","","6.051","6.396","6.654","6.445","6.749","5.926","4.557","4.934","7.824","7.171","9.518","9.11","8.218","8.499","8.415","8.085","7.729","9.01","10.807","16.432","15.139","11.325","8.325","6.936","",
"Caribbean small states","CSS","Unemployment, total (% of total labor force) (national estimate)","SL.UEM.TOTL.NE.ZS","","","","","","","","","","","","","","","","","","","","","","","","","","","","","","","","","17.3411036026489","18.1422979649268","17.1654263777177","15.2150460863969","14.6011471749006","13.835285749547","13.0504586054306","12.3385954680274","","","10.9804606332662","","","","8.21037081116296","","","","","","","7.84215870607055","6.52949543341106","5.99251976868893","7.03903785730386","","","7.89834422046161","","","","","","",
"Cuba","CUB","Unemployment, total (% of total labor force) (national estimate)","SL.UEM.TOTL.NE.ZS","","","","","","","","","","","","","","","","","","","","","","","","","","","","","","","","","","","","8.27","7.61","7.1","6.23","6.26","5.45","4.08","3.31","2.33","1.854","1.95","1.913","1.788","1.583","1.67","2.5","3.18","3.498","3.29","2.7","2.4","2","1.7","1.7","","","","","","","",
"Curacao","CUW","Unemployment, total (% of total labor force) (national estimate)","SL.UEM.TOTL.NE.ZS","","","","","","","","","","","","","","","","","","","","","","","","","","","","","","","","","","","","","","","","","","","","","","","","","","","","9.78","","13.03","12.61","11.71","","","13.43","","19.07","","","","","",
"Cayman Islands","CYM","Unemployment, total (% of total labor force) (national estimate)","SL.UEM.TOTL.NE.ZS","","","","","","","","","","","","","","","","","","","","","","","","","","","","","","","","5.91","","7.22","5.74","4.94","5.1","4.14","4.17","","","7.54","5.37","3.61","3.45","3.54","2.62","3.83","3.97","6.04","6.68","6.78","6.21","6.27","4.7","4.24","","","","","","","","","","",
"Cyprus","CYP","Unemployment, total (% of total labor force) (national estimate)","SL.UEM.TOTL.NE.ZS","","","","","","","","","","","","","","","","10.9","7.4","3.1","2","1.7","2","2.6","2.8","3.3","3.3","3.3","3.7","3.4","2.8","2.3","1.8","3","2.09","2.7","2.7","2.6","3.1","3.4","3.3","5.532","4.766","4.043","3.336","4.153","4.77","5.481","4.593","3.946","3.756","5.594","6.359","7.942","12.097","16.131","16.277","15.026","13.006","11.155","8.504","7.155","7.755","7.513","6.806","5.835","4.867","",
"Czechia","CZE","Unemployment, total (% of total labor force) (national estimate)","SL.UEM.TOTL.NE.ZS","","","","","","","","","","","","","","","","","","","","","","","","","","","","","","","0.775","4.406","2.805","4.349","4.284","4.082","3.852","4.674","6.455","8.702","8.764","8.128","7.28","7.777","8.298","7.927","7.141","5.316","4.392","6.662","7.281","6.712","6.979","6.953","6.108","5.048","3.952","2.893","2.246","2.015","2.55","2.803","2.224","2.579","2.603","",
"Germany","DEU","Unemployment, total (% of total labor force) (national estimate)","SL.UEM.TOTL.NE.ZS","","","","","","","","","","","","","","","","","","","","","","","","6.449","6.673","6.875","6.608","6.813","6.319","5.705","4.89","5.316","6.323","7.675","8.727","8.158","8.822","9.861","9.787","8.854","7.917","7.773","8.482","9.779","10.727","11.193","10.277","8.732","7.508","7.88","7.043","5.967","5.372","5.316","4.979","4.612","4.104","3.781","3.384","3.163","3.881","3.594","3.137","3.071","3.372","",
"Djibouti","DJI","Unemployment, total (% of total labor force) (national estimate)","SL.UEM.TOTL.NE.ZS","","","","","","","","","","","","","","","","","","","","","","","","","","","","","","","","","","","","","","","","","","","","","","","","","","","","","","","","","","26.064","","","","","","","","",
"Dominica","DMA","Unemployment, total (% of total labor force) (national estimate)","SL.UEM.TOTL.NE.ZS","","","","","","","","","","","","","","","","","","","","","","","","","","","","","","11.33","","9.53","","","","","","23.18","","15.67","","10.96","","","","","","","","","","","","","","","","","","","","","","","","",
"Denmark","DNK","Unemployment, total (% of total labor force) (national estimate)","SL.UEM.TOTL.NE.ZS","","","","","","","","","","","","","","0.9","2.1","5.1","5.3","6.4","7.3","6.1","7","9.2","10","9.745","8.867","7.797","6.033","6.091","6.486","8.149","8.338","9.099","9.027","10.719","8.036","6.992","6.844","5.4","5.039","5.141","4.476","4.164","4.274","5.398","5.204","4.83","3.897","3.801","3.683","6.409","7.746","7.769","7.798","7.384","6.925","6.278","5.989","5.833","5.131","5.018","5.644","5.065","4.434","5.094","6.151","",
"Dominican Republic","DOM","Unemployment, total (% of total labor force) (national estimate)","SL.UEM.TOTL.NE.ZS","","","","","","","","","","","","","","","","","","","","","","","","","","","","","","","","","","","","","","","","","6.432","7.262","6.779","6.938","6.303","6.587","5.654","5.158","4.764","5.467","5.212","6.087","6.722","7.351","6.719","7.605","7.284","5.832","5.861","6.356","6.126","7.702","5.504","5.555","5.314","",
"Algeria","DZA","Unemployment, total (% of total labor force) (national estimate)","SL.UEM.TOTL.NE.ZS","","","","","","","","","","","","","","","","","","","","","","","","","","","","","","17.64","21.26","20.6","24.38","26.23","27.74","31.84","","25.43","","","29.77","27.3","25.9","23.72","17.65","15.27","12.27","13.79","11.33","10.16","9.96","9.96","10.97","9.82","10.207","11.206","10.202","12","","","","","","","","",
"East Asia & Pacific (excluding high income)","EAP","Unemployment, total (% of total labor force) (national estimate)","SL.UEM.TOTL.NE.ZS","","","","","","","","","","","","","","","","","","","","","","","","","","","","","","","2.75212417477003","2.57416505527843","2.54658823344834","2.79258865311074","3.11854907290852","3.05521183496236","3.22789286052624","3.32249057341668","3.552065485883","3.60894942757123","4.0805955529931","3.78936463789266","4.2122040007921","4.30955986541088","4.33750115081955","4.47623162739181","4.378087943664","4.20950255854841","4.38083881223172","4.22348158715906","3.93503560977928","3.87504998724374","3.79978787194763","3.74201369582877","3.75915470258921","","","3.5292511629388","4.29576429272136","4.33716246296517","4.81970712334507","4.54923745614906","","","","",
"Early-demographic dividend","EAR","Unemployment, total (% of total labor force) (national estimate)","SL.UEM.TOTL.NE.ZS","","","","","","","","","","","","","","","","","","","","","","","","","","","","","","","","","","","4.24965258799965","","","","","","5.31497942051852","","","","","5.80878215479523","","","","","4.9067557805914","","5.00538286879895","","","","","","7.00971740670841","6.40278645895801","7.47629587598251","6.59782241161416","5.55491448908438","4.93601458241511","","",
"East Asia & Pacific","EAS","Unemployment, total (% of total labor force) (national estimate)","SL.UEM.TOTL.NE.ZS","","","","","","","","","","","","","","","","","","","","","","","","","","","","","","","2.73317965093138","2.60479700635617","2.59954711332328","2.84763921241808","3.14095902692876","3.08956608351438","3.26003660678371","3.35353064030935","3.70300065084603","3.78432249641913","4.14007886307663","3.90903532338762","4.31256132338761","4.38394605332654","4.36382893391068","4.45871110758737","4.3405795934964","4.16197801486661","4.3174597176966","4.29426913611888","4.01913860289935","3.9137626040873","3.83127442378921","3.77066855421602","3.7634843596925","","","3.52233844386047","4.18459109117977","4.20797382571154","4.69512619195929","4.43471694093268","","","","",
"Europe & Central Asia (excluding high income)","ECA","Unemployment, total (% of total labor force) (national estimate)","SL.UEM.TOTL.NE.ZS","","","","","","","","","","","","","","","","","","","","","","","","","","","","","","","","","","","","6.52303158372637","7.73452973130308","8.2927370831933","9.34190767040442","10.8911959642315","8.61942585539528","9.2442144115772","8.82158754824674","8.6503684496428","8.48671218229992","8.0061702366093","8.17308584990348","8.44294565632548","8.63347647605071","10.3871096963262","9.93314530284309","8.82264367211388","8.48558527350146","8.43855187072114","8.8443833039721","8.847908629724","8.97434455600128","9.0538506488214","9.12325429373465","9.67079206210364","9.25723406023813","10.0135777831354","","","","",
"Europe & Central Asia","ECS","Unemployment, total (% of total labor force) (national estimate)","SL.UEM.TOTL.NE.ZS","","","","","","","","","","","","","","","","","","","","","","","","","","","","","","","","","7.36602918959216","8.79208722359665","9.76140656148484","9.48676511870331","9.8216228670559","10.1684306234041","10.3447277376488","10.4547615677157","9.20788651396564","8.73403231410485","8.64558034584787","8.74436867814515","8.68978372967567","8.38122095485265","7.97044853402472","7.22281373793162","7.18970368664085","9.13350645673079","9.19513946215094","8.83740026407689","9.04955430313517","9.24630221460598","8.91878137495932","8.52848371716201","8.05906017935137","7.49718155396034","6.9804476957345","6.7291725547778","7.07471466192093","6.96499540899912","5.86900482608642","5.58160560054398","5.34515655038483","",
"Ecuador","ECU","Unemployment, total (% of total labor force) (national estimate)","SL.UEM.TOTL.NE.ZS","","","","","","","","","","","","","","","4.4","5.3","","5.8","","","","","","","","","","7.24","6.99","7.71","5.88","8.19","8.56","7.95","6.68","6.7","10.38","9.17","11.49","13.96","4.8","4.252","","5.662","5.002","3.779","3.55","3.142","3.917","4.608","4.088","3.458","3.235","2.913","3.279","3.419","4.39","3.708","3.396","3.703","6.084","4.434","3.672","3.462","3.386","",
"Egypt, Arab Rep.","EGY","Unemployment, total (% of total labor force) (national estimate)","SL.UEM.TOTL.NE.ZS","","","","","","","","","","","2.4","1.82","1.53","1.71","2.3","2.57","","3.13","3.64","4.55","5.18","4.97","5.21","6.47","5.89","","","","","7.06","8.43","9.38","8.92","10.92","10.93","11.04","9","8.37","8.03","7.95","8.98","9.26","10.01","10.91","10.32","11.049","10.49","8.8","8.517","9.087","8.757","11.849","12.597","13.154","13.105","13.052","12.45","11.767","9.855","7.851","7.974","7.441","7.344","6.753","5.945","",
"Euro area","EMU","Unemployment, total (% of total labor force) (national estimate)","SL.UEM.TOTL.NE.ZS","","","","","","","","","","","","","","","","","","","","","","","","","","","","","","","8.22438601777568","8.39454382558262","8.97380958548479","10.5979917313008","11.7470024030075","11.3738784827762","11.6258593491129","11.6207468354701","11.2043986087426","10.4532172109457","9.47321124385057","8.41956121583543","8.68085523881314","9.0218414865169","9.2907687105215","9.15007509419852","8.42956606287314","7.53715996964668","7.54425138527358","9.63334626391305","10.1740194070287","10.2604549448738","11.4157094775581","11.9997144514046","11.6246613617345","10.881412988039","10.0320372944587","9.06848085645283","8.145745207482","7.50763908569826","7.83444210222942","7.74091996942336","6.77735729230381","6.56284141881273","6.37168576357752","",
"Eritrea","ERI","Unemployment, total (% of total labor force) (national estimate)","SL.UEM.TOTL.NE.ZS","","","","","","","","","","","","","","","","","","","","","","","","","","","","","","","","","","","","","","","","","","","","","","","","","","","","","","","","","","","","","","","","","","",
"Spain","ESP","Unemployment, total (% of total labor force) (national estimate)","SL.UEM.TOTL.NE.ZS","","","","","","","","","","1.3","1.1","1.5","1.5","2.49","3.04","4.8","2.9","5.2","6.97","8.61","11.4","14.17","16","17.49","20.25","21.64","21.259","20.607","19.854","17.331","16.273","15.929","17.697","22.156","24.209","22.675","22.142","20.698","18.673","15.475","13.785","10.348","11.146","11.283","11.09","9.146","8.452","8.232","11.254","17.857","19.86","21.39","24.789","26.094","24.441","22.057","19.635","17.224","15.255","14.104","15.532","14.914","13.033","12.179","11.344","",
"Estonia","EST","Unemployment, total (% of total labor force) (national estimate)","SL.UEM.TOTL.NE.ZS","","","","","","","","","","","","","","","","","","","","","","","","","","","","","","0.56","0.651","1.48","3.699","6.576","7.612","9.742","9.98","10.369","9.51","11.573","13.36","13.134","10.026","11.288","10.248","8.033","5.915","4.592","5.455","13.548","16.707","12.328","10.021","8.631","7.352","6.412","6.882","5.807","5.412","4.514","6.956","6.178","5.571","6.378","7.501","",
"Ethiopia","ETH","Unemployment, total (% of total labor force) (national estimate)","SL.UEM.TOTL.NE.ZS","","","","","","","","","","","","","","","","","","","","","","","","","1.2","","","","","","","","","","3.1","","","","","3.714","","","","","","2.497","","","","","","","","2.251","","","","","","","","3.935","","","","",
"European Union","EUU","Unemployment, total (% of total labor force) (national estimate)","SL.UEM.TOTL.NE.ZS","","","","","","","","","","","","","","","","","","","","","","","","","","","","","","","7.46143437012555","8.19271959911233","8.81670456547316","10.8816314584243","11.5236619657163","11.0433124915805","11.1129102566732","10.9452534383194","10.5266717168197","10.2132612830285","9.6992067646065","9.20662418982847","9.5656358156472","9.70782702151941","9.86057517861666","9.63100586720302","8.68896256105534","7.5031053820411","7.24163431745465","9.21120412957521","9.87327234610775","9.92888294564936","10.8758482088061","11.3511730368596","10.8255885011473","10.0165353301996","9.1056944627421","8.13208945121752","7.24425466386935","6.67705052747452","7.05471356704802","7.0265794645481","6.16136079316676","6.02643653344515","5.92085681891296","",
"Fragile and conflict affected situations","FCS","Unemployment, total (% of total labor force) (national estimate)","SL.UEM.TOTL.NE.ZS","","","","","","","","","","","","","","","","","","","","","","","","","","","","","","","","","","","","","","","","","","","","","","","","","","","","","","","","","","","","","","","","","","",
"Finland","FIN","Unemployment, total (% of total labor force) (national estimate)","SL.UEM.TOTL.NE.ZS","","","","","","","","","","2.83","1.89","2.26","2.42","2.45","1.61","2.08","3.75","6.09","7.23","6.2","4.86","5.04","5.28","5.43","5.12","5","5.32","5.07","4.47","3.14","3.186","6.669","11.732","16.423","16.626","17.005","15.572","14.967","13.214","11.693","11.134","10.29","10.423","10.469","10.358","9.602","8.935","6.854","6.369","8.249","8.394","7.781","7.689","8.193","8.663","9.376","8.818","8.64","7.361","6.695","7.759","7.617","6.719","7.149","8.336","",
"Fiji","FJI","Unemployment, total (% of total labor force) (national estimate)","SL.UEM.TOTL.NE.ZS","","","","","","","","","","","","","","","","","","","","","","","6.06","","","","","","","","","5.93","5.35","5.88","5.7","5.4","5.78","","","","","","","8.22","4.7","3.886","","8.75","8.94","8.72","8.91","4.406","9","","6.17","","4.319","","","","","","","","5.361","",
"France","FRA","Unemployment, total (% of total labor force) (national estimate)","SL.UEM.TOTL.NE.ZS","","","","","","","","","","","2.42","2.67","2.77","2.69","2.86","4.08","4.47","5.01","5.27","6.03","6.42","7.54","8.2","7.918","9.533","10.259","10.23","10.735","10.18","9.618","9.36","9.134","10.203","11.32","12.593","11.834","12.367","12.566","12.074","11.981","10.218","8.61","8.702","8.306","8.914","8.882","8.832","8.008","7.386","9.122","9.279","9.228","9.841","9.913","10.273","10.354","10.057","9.409","9.018","8.415","8.009","7.871","7.303","7.335","7.436","",
"Faroe Islands","FRO","Unemployment, total (% of total labor force) (national estimate)","SL.UEM.TOTL.NE.ZS","","","","","","","","","","","","","","","","","","","","","","","","","","","","","","","","","","","","","","","","","4.17","4","","3.85","3.7","","","","","","","","","","","","","","","","","","","","","",
"Micronesia, Fed. Sts.","FSM","Unemployment, total (% of total labor force) (national estimate)","SL.UEM.TOTL.NE.ZS","","","","","","","","","","","","","","","","","","","","","","","","","","","","","","","","","","","","","","","","","","","","","","","","","","","","","","","8.863","","","","","","","","","","","",
"Gabon","GAB","Unemployment, total (% of total labor force) (national estimate)","SL.UEM.TOTL.NE.ZS","","","","","","","","","","","","","","","","","","","","","","","","","","","","","","","","","","17.78","","","","","","","","","","","","16.91","","","","","20.39","","","","","","","","","","","","","","","",
"United Kingdom","GBR","Unemployment, total (% of total labor force) (national estimate)","SL.UEM.TOTL.NE.ZS","","","","","","","","","","","","3.3","3.7","2.6","2.6","4","5.5","5.8","5.7","5.3","6.8","10.4","10.9","11.088","10.901","11.48","11.508","11.017","9.004","7.405","6.969","8.55","9.772","10.346","9.648","8.694","8.189","7.072","6.198","6.042","5.558","4.696","5.037","4.807","4.594","4.884","5.472","5.399","5.748","7.683","7.973","8.195","8.279","7.752","6.398","5.552","4.909","4.501","4.145","3.657","4.518","4.864","3.768","4.025","4.361","",
"Georgia","GEO","Unemployment, total (% of total labor force) (national estimate)","SL.UEM.TOTL.NE.ZS","","","","","","","","","","","","","","","","","","","","","","","","","","","","","","","","","","","","","2.4","5","14.53","13.8","10.82","11.16","12.59","11.51","12.62","13.81","13.57","13.28","17.87","20.71","20.203","19.632","19.653","19.416","17.439","16.506","16.604","13.939","12.667","11.565","11.734","11.83","10.198","9.59","8.014","",
"Ghana","GHA","Unemployment, total (% of total labor force) (national estimate)","SL.UEM.TOTL.NE.ZS","","","","","","","","","","","","","","","","","","","","","","","","","","","","","","","","3.489","4.7","","","","","","8.2","10.1","10.456","","","","","","4.897","","","","5.384","","","2.173","","6.806","","3.369","","","","3.195","2.87","","","",
"Gibraltar","GIB","Unemployment, total (% of total labor force) (national estimate)","SL.UEM.TOTL.NE.ZS","","","","","","","","","","","","","","","","","","","","","","","","","","","","","","","","6.44","","","","","","","","","","","","","","","","","","","","","","","","","","","","","","","","","","",
"Guinea","GIN","Unemployment, total (% of total labor force) (national estimate)","SL.UEM.TOTL.NE.ZS","","","","","","","","","","","","","","","","","","","","","","","","","","","","","","","","","","","","","","","","","","","4.549","","","","","","","","","","","","5.044","","","","","5.018","","","","","","",
"Gambia, The","GMB","Unemployment, total (% of total labor force) (national estimate)","SL.UEM.TOTL.NE.ZS","","","","","","","","","","","","","","","","","","","","","","","","","","","","","","","","","","","","","","","","","","","","","","","","","","","","","9.268","","","","","","4.055","","","","","6.479","","",
"Guinea-Bissau","GNB","Unemployment, total (% of total labor force) (national estimate)","SL.UEM.TOTL.NE.ZS","","","","","","","","","","","","","","","","","","","","","","","","","","","","","","","","","","","","","","","","","","","","","","","","","","","","","","","","","","","3.127","2.52","","","2.666","","","",
"Equatorial Guinea","GNQ","Unemployment, total (% of total labor force) (national estimate)","SL.UEM.TOTL.NE.ZS","","","","","","","","","","","","","","","","","","","","","","","","25","","","","","","","","","","","","","","","","","","","","","","","","","","","","","","","","","","","","","","","","","","",
"Greece","GRC","Unemployment, total (% of total labor force) (national estimate)","SL.UEM.TOTL.NE.ZS","","","","","","","","","","","","","","","","","","","","","","3.42","4.94","7.804","8.1","7.8","7.356","7.448","7.828","7.505","7.012","7.572","8.927","10.177","9.808","10.116","10.402","10.472","12.227","12.138","11.345","10.764","10.346","9.839","10.628","10.074","8.906","8.351","7.664","9.546","12.719","17.973","24.731","27.686","26.708","24.981","23.514","21.413","19.179","17.045","15.899","14.656","12.426","11.023","10.02","",
"Grenada","GRD","Unemployment, total (% of total labor force) (national estimate)","SL.UEM.TOTL.NE.ZS","","","","","","","","","","","","","","","","","","","","","","","","","","","","","","","","13.91","","","26.93","","16.89","","15.24","","","","","","","","","","","","","","","24.2","24.5","22.9","","","13.658","9.788","12.974","13.035","","6.34","","",
"Greenland","GRL","Unemployment, total (% of total labor force) (national estimate)","SL.UEM.TOTL.NE.ZS","","","","","","","","","","","","","","","","","","","","","","","","","","","","","","","","","","","","","12.92","10.08","11.56","9.03","11.02","9.53","8.82","10.3","10.44","9.25","8.4","","","","7.8","9.4","9.8","10.1","10.3","9.1","","","","","","","","","","",
"Guatemala","GTM","Unemployment, total (% of total labor force) (national estimate)","SL.UEM.TOTL.NE.ZS","","","","","","","","","","","","","","","","","","","","","","2.15","2.27","","","","","2.4","","1.94","","","","","","","","","","","","","2.254","2.807","2.971","","1.902","","","","3.497","4.126","2.765","3.017","2.717","2.506","2.583","2.462","2.283","2.193","","2.174","3.051","2.344","1.903","",
"Guam","GUM","Unemployment, total (% of total labor force) (national estimate)","SL.UEM.TOTL.NE.ZS","","","","","","","","","","","","","","","9.6","8.21","8.79","","","","9.9","8.7","9.6","9.25","","","6.28","","","2.81","2.831","3.509","3.837","5.527","7.6","7.9","8.283","9.67","7.74","13.95","15.32","13.213","11.39","","7.7","7","7.4","8.3","","9.3","8.2","13.3","12.2","11.5","7.6","6.9","5.4","","","","","","","","","",
"Guyana","GUY","Unemployment, total (% of total labor force) (national estimate)","SL.UEM.TOTL.NE.ZS","","","","","","","","","","","","","","","","","","","","","","","","","","","","13.09","","","","","11.9","","","","","","","","","","11.81","","","","10.7","","","","","","","","","","","","13.627","13.172","","","","","","",
"High income","HIC","Unemployment, total (% of total labor force) (national estimate)","SL.UEM.TOTL.NE.ZS","","","","","","","","","","","","","","","","","","","","","","","","","","","","","","","5.76554740348176","6.5927395005693","6.89161977095043","7.62019775324471","7.9384354721937","7.71851994569773","7.7588635130662","7.78033429247427","7.86687524617304","7.72874913798217","7.03067342829068","6.8942399070565","7.22374191553817","7.3499887035801","7.12093256441732","6.79259335941512","6.31949874638841","5.70280951957983","5.93421813953717","8.07148011689452","8.20892305496511","7.89123232283032","7.78199834720174","7.70683361821194","7.09221646338222","6.60063807791852","6.10983650773268","5.60452309382761","5.10363125324516","4.78355102406999","6.49564324731835","5.60347822244983","4.5358001898527","4.36662883733565","4.3943035296577","",
"Hong Kong SAR, China","HKG","Unemployment, total (% of total labor force) (national estimate)","SL.UEM.TOTL.NE.ZS","","","","","","","","","","","","","","","","9.17","5","4.3","1.59","2.09","2.4","1.53","1.85","2.11","1.92","3.18","2.82","1.73","1.36","1.07","1.32","1.8","1.96","1.96","1.9","3.22","2.83","2.22","4.58","6.25","4.92","5.09","7.28","7.86","6.74","5.58","4.77","4.01","3.56","5.26","4.329","3.422","3.285","3.4","3.296","3.314","3.392","3.124","2.805","2.917","5.808","5.174","4.318","2.949","2.988","",
"Honduras","HND","Unemployment, total (% of total labor force) (national estimate)","SL.UEM.TOTL.NE.ZS","","","","","","","","","","","","","","","8.1","","","","","","","","7.3","","","","12.12","11.4","","","4.78","4.58","3.06","","","3.24","4.37","3.32","4.02","3.85","","4","4.02","5.3","5.99","4.909","3.574","3.211","3.156","3.292","4.119","4.474","3.755","5.646","7.078","6.147","6.727","5.528","5.648","5.698","10.982","8.506","8.774","6.07","4.91","",
"Heavily indebted poor countries (HIPC)","HPC","Unemployment, total (% of total labor force) (national estimate)","SL.UEM.TOTL.NE.ZS","","","","","","","","","","","","","","","","","","","","","","","","","","","","","","","","","","","","","","","","","","","","","","","","","","","","","","","","","","","","","","","","","","",
"Croatia","HRV","Unemployment, total (% of total labor force) (national estimate)","SL.UEM.TOTL.NE.ZS","","","","","","","","","","","","","","","","","","","","","","","","","","","","","","","","11.14","","","","","9.68","9.71","11.392","13.559","16.064","15.822","15.053","13.924","13.664","12.598","11.13","9.909","8.53","9.202","11.62","13.678","16.046","17.231","17.209","16.15","13.015","11.078","8.322","6.551","7.389","7.483","6.811","6.121","5.033","",
"Haiti","HTI","Unemployment, total (% of total labor force) (national estimate)","SL.UEM.TOTL.NE.ZS","","","","","","","","","","","","","","","","","","","","","","","","12.2","","","","","","","11.25","","","","","","","","","7.2","","","","25.438","","","","16.8","","","","","14.1","","","","","","","","","","","","","",
"Hungary","HUN","Unemployment, total (% of total labor force) (national estimate)","SL.UEM.TOTL.NE.ZS","","","","","","","","","","","","","","","","","","","","","","","","","","","","","","","1.7","8.5","9.933","12.101","11.013","10.446","10.022","8.991","8.925","6.929","6.563","5.671","5.608","5.79","5.832","7.189","7.494","7.406","7.817","10.03","11.172","11.029","11.003","10.177","7.725","6.813","5.115","4.156","3.667","3.411","4.248","4.021","3.583","4.096","4.466","",
"IBRD only","IBD","Unemployment, total (% of total labor force) (national estimate)","SL.UEM.TOTL.NE.ZS","","","","","","","","","","","","","","","","","","","","","","","","","","","","","","","","","","","4.073496542512","","5.11996643226868","5.30628200505511","5.7570964311577","6.07228936957816","5.32731504317218","6.14185866713544","6.65464793157147","6.49157567066613","6.34584669290182","5.74091664425876","6.00356851622575","5.70543970118972","5.7245783355458","6.0083444432062","4.9794177729334","5.60254553515248","4.92191210612208","5.32262025309337","5.36450096798061","","","5.59624511057014","6.3323998295106","6.15632837071408","6.95872610948085","6.42544174673203","5.71829545021725","","","",
"IDA & IBRD total","IBT","Unemployment, total (% of total labor force) (national estimate)","SL.UEM.TOTL.NE.ZS","","","","","","","","","","","","","","","","","","","","","","","","","","","","","","","","","","","4.09971355421344","","","","","","5.33058369125056","","","","","5.71036966252323","","","","","4.80766689679808","5.19971556827085","4.82349323604469","4.9770793578878","","","","","6.17918907026972","6.13533855389981","6.70379703943813","6.30759548374799","","","","",
"IDA total","IDA","Unemployment, total (% of total labor force) (national estimate)","SL.UEM.TOTL.NE.ZS","","","","","","","","","","","","","","","","","","","","","","","","","","","","","","","","","","","","","","","","","","","","","","","","","","","","","","","","","","","","","","","","","","",
"IDA blend","IDB","Unemployment, total (% of total labor force) (national estimate)","SL.UEM.TOTL.NE.ZS","","","","","","","","","","","","","","","","","","","","","","","","","","","","","","","","","","","","","","","","","","","","","","","","","","","","2.73181750590176","","3.5447159865248","3.53237701846835","4.10644564562566","4.62924728828582","","","7.61789330164082","","","","","","",
"Indonesia","IDN","Unemployment, total (% of total labor force) (national estimate)","SL.UEM.TOTL.NE.ZS","","","","","","","","","","","","","","","","","1.92","1.29","2.48","","1.66","","2.85","","","2.1","2.59","2.55","2.74","","2.541","2.617","2.734","2.782","4.366","","4.861","4.684","5.459","6.358","6.077","6.082","6.604","6.657","7.303","7.945","7.551","8.06","7.208","6.106","5.614","5.153","4.468","4.336","4.049","4.514","4.301","3.783","4.387","3.59","4.255","3.827","3.462","3.308","","",
"IDA only","IDX","Unemployment, total (% of total labor force) (national estimate)","SL.UEM.TOTL.NE.ZS","","","","","","","","","","","","","","","","","","","","","","","","","","","","","","","","","","","","","","","","","","","","","","","","","","","","","","","","","","","","","","","","","","",
"Isle of Man","IMN","Unemployment, total (% of total labor force) (national estimate)","SL.UEM.TOTL.NE.ZS","","","","","","","","","","","","","","","","3.1","3.5","3.7","3.1","2.3","2.9","4.6","5.9","7.1","7.4","8","7.7","5.8","3.3","2","2.1","4.1","4.3","4.9","4.7","4.4","3.54","","","0.8","0.6","1.6","0.5","0.8","1","1.4","2.42","1.4","1.4","","","3.31","","2.598","1.98","","2.67","","","","","","","","","",
"India","IND","Unemployment, total (% of total labor force) (national estimate)","SL.UEM.TOTL.NE.ZS","","","","","","","","","","","","","","","","","","","","","","","","","","","","","","","","","","","2.147","","","","","","2.731","","","","","3.804","","","","","3.115","","3.222","","","","","","7.652","6.51","7.859","6.38","4.822","4.172","4.173","",
"Not classified","INX","Unemployment, total (% of total labor force) (national estimate)","SL.UEM.TOTL.NE.ZS","","","","","","","","","","","","","","","","","","","","","","","","","","","","","","","","","","","","","","","","","","","","","","","","","","","","","","","","","","","","","","","","","","",
"Ireland","IRL","Unemployment, total (% of total labor force) (national estimate)","SL.UEM.TOTL.NE.ZS","","","","","","","","","","","","","","","","","","","","","","","","14.764","16.438","17.92","18.02","18.056","17.431","16.092","14.077","15.771","15.021","15.571","14.544","11.97","11.692","10.191","7.699","5.804","4.318","3.684","4.216","4.478","4.491","4.237","4.355","4.98","6.774","12.609","14.534","15.354","15.451","13.735","11.858","9.908","8.374","6.713","5.741","4.95","5.623","6.357","4.465","4.243","4.271","",
"Iran, Islamic Rep.","IRN","Unemployment, total (% of total labor force) (national estimate)","SL.UEM.TOTL.NE.ZS","","","","","","","","","","","","","","","","","","","","","","","","","","","14.2","","","","","11.1","","","","","9.1","","","","","","12.8","","10.3","11.813","11.519","10.772","10.63","12.113","13.679","12.491","12.275","10.595","10.68","11.166","12.618","12.232","12.195","10.74","9.687","9.282","9.085","8.129","7.631","",
"Iraq","IRQ","Unemployment, total (% of total labor force) (national estimate)","SL.UEM.TOTL.NE.ZS","","","","","","","","","","","","","","","","","","","","","","","","","","","","","","","","","","","","","","","","","","","","","","","","8.646","","","","","7.965","","10.59","","10.82","13.02","","","","16.173","","","","",
"Iceland","ISL","Unemployment, total (% of total labor force) (national estimate)","SL.UEM.TOTL.NE.ZS","","","","","","","","","","","","","","","","","","","","","","","","","","","","","","","1.758","2.549","4.306","5.255","5.327","5.196","3.6","3.72","3.069","2.178","1.936","1.874","2.988","3.997","4.031","2.547","2.83","2.251","2.946","7.22","7.564","7.028","6","5.376","4.897","3.979","2.978","2.742","2.704","3.507","5.478","6.029","3.789","3.518","3.558","",
"Israel","ISR","Unemployment, total (% of total labor force) (national estimate)","SL.UEM.TOTL.NE.ZS","","","","","","","","","","4.47","3.82","3.46","2.7","2.64","3.05","","3.47","","3.42","2.78","4.59","4.92","4.81","4.32","5.69","6.33","","","","","12.24","13.39","14.08","12.74","9.93","6.872","6.682","7.681","8.535","8.89","8.779","9.362","10.304","10.72","10.368","8.993","8.404","7.319","6.101","7.545","6.637","5.603","6.762","6.137","5.789","5.176","4.723","4.14","3.917","3.731","4.169","4.812","3.695","3.371","2.901","",
"Italy","ITA","Unemployment, total (% of total labor force) (national estimate)","SL.UEM.TOTL.NE.ZS","","","","","","","","","","","5.44","5.44","6.39","6.37","5.38","5.82","6.64","7.12","7.24","7.64","7.53","","9.03","8.531","9.404","9.404","10.535","10.719","10.973","10.989","9.781","10.097","9.321","10.212","11.086","11.661","11.864","11.985","12.117","11.681","10.834","9.599","9.211","8.869","7.866","7.73","6.777","6.076","6.723","7.749","8.363","8.359","10.655","12.149","12.683","11.896","11.688","11.211","10.538","9.884","9.192","9.497","8.069","7.627","6.499","",
"Jamaica","JAM","Unemployment, total (% of total labor force) (national estimate)","SL.UEM.TOTL.NE.ZS","","","","","","","","","","17.58","","","23.18","22.11","20.5","19.65","21.81","","23.72","","35.51","25","26.7","","","33.39","","","23.03","","15.72","15.74","15.75","16.32","15.34","16.23","16.01","16.35","15.5","15.74","15.539","14.93","14.19","11.731","12.205","11.263","10.325","9.745","6.666","7.314","7.63","8.034","8.695","9.698","9.046","13.511","8.634","7.399","5.47","4.987","6.501","5.188","4.083","3.022","","",
"Jordan","JOR","Unemployment, total (% of total labor force) (national estimate)","SL.UEM.TOTL.NE.ZS","","","","","","","","","","","","","","","","","","","","","","","","6.6","","","13.3","14.8","","","","","","19.7","","14.6","13.7","","","","13.7","14.7","15.3","14.5","","14.8","14","13.1","12.7","12.9","12.5","12.9","12.2","12.6","11.9","13.075","15.275","18.12","18.257","16.801","19.213","19.837","18.2","16.62","","",
"Japan","JPN","Unemployment, total (% of total labor force) (national estimate)","SL.UEM.TOTL.NE.ZS","1.7","1.4","1.3","1.3","1.1","1.2","1.3","1.3","1.2","1.1","1.1","1.2","1.4","1.3","1.4","1.9","2","2","2.2","2.1","2","2.2","2.4","2.6","2.7","2.6","2.8","2.8","2.5","2.3","2.103","2.1","2.16","2.503","2.889","3.148","3.353","3.393","4.102","4.677","4.748","5.02","5.386","5.251","4.734","4.446","4.192","3.888","4.002","5.068","5.102","4.55","4.358","4.038","3.589","3.385","3.132","2.822","2.467","2.351","2.809","2.808","2.614","2.574","2.535","",
"Kazakhstan","KAZ","Unemployment, total (% of total labor force) (national estimate)","SL.UEM.TOTL.NE.ZS","","","","","","","","","","","","","","","","","","","","","","","","","","","","","","","","0.05","0.4","1.11","7.54","10.98","12.96","13.01","13.13","13.46","12.75","10.43","9.33","8.78","8.4","8.13","7.79","7.26","6.63","6.55","5.77","5.39","5.29","5.2","5.06","4.93","4.96","4.9","4.85","4.8","4.89","","4.86","","","",
"Kenya","KEN","Unemployment, total (% of total labor force) (national estimate)","SL.UEM.TOTL.NE.ZS","","","","","","","","","","","","","","","","","","","","","","","","","","","","","","","","","","","","","","","","10.004","","","","","","9.957","","","","9.6","","","","","","","2.757","","","5.014","","5.585","5.441","","","",
"Kyrgyz Republic","KGZ","Unemployment, total (% of total labor force) (national estimate)","SL.UEM.TOTL.NE.ZS","","","","","","","","","","","","","","","","","","","","","","","","","","","","","","","","","","","","","","","","","7.54","7.84","12.55","9.92","8.53","8.11","8.27","8.1","8.22","8.41","8.692","7.455","5.908","5.526","5.051","4.2","4.009","3.319","4.559","5.45","5.945","5.149","4.767","3.498","","",
"Cambodia","KHM","Unemployment, total (% of total labor force) (national estimate)","SL.UEM.TOTL.NE.ZS","","","","","","","","","","","","","","","","","","","","","","","","","","","","","","","","","","","","","0.963","0.638","","0.039","2.764","2.055","","0.909","7.53","","","1.257","0.825","0.579","0.771","0.577","1.279","0.438","0.692","0.393","0.716","0.141","","0.499","0.172","0.396","","0.256","","",
"Kiribati","KIR","Unemployment, total (% of total labor force) (national estimate)","SL.UEM.TOTL.NE.ZS","","","","","","","","","","","","","","","","","","","","","","","","","","","","","","","","","","","","","","","","","","","","","","14.65","","","","","30.58","","","","","9.334","","","","8.557","10.971","","","2.786","","",
"St. Kitts and Nevis","KNA","Unemployment, total (% of total labor force) (national estimate)","SL.UEM.TOTL.NE.ZS","","","","","","","","","","","","","","","","","","","","","9.83","","","","","","","","","","","5.14","","","","","","","","","","5.12","","","","","","","","","","","","","","","","","","","","","","","","",
"Korea, Rep.","KOR","Unemployment, total (% of total labor force) (national estimate)","SL.UEM.TOTL.NE.ZS","","","","","","","","","","4.86","4.51","4.57","4.59","4.04","4.15","4.18","3.808","3.806","3.167","3.812","5.2","4.51","4.36","4.07","3.8","3.98","3.81","3.09","2.52","2.566","2.449","2.411","2.513","2.883","2.478","2.064","2.045","2.607","6.954","6.565","4.063","3.699","3.046","3.348","3.42","3.482","3.254","3.013","2.959","3.363","3.324","2.992","2.812","3.067","3.082","3.546","3.65","3.653","3.824","3.746","3.931","3.639","2.857","2.675","2.784","",
"Kuwait","KWT","Unemployment, total (% of total labor force) (national estimate)","SL.UEM.TOTL.NE.ZS","","","","","","","","","","","","","","","","","","","","","","","","1.02","","","","","1.91","","","","","0.8","0.7","","0.7","0.7","0.7","0.7","0.8","0.8","1.1","1.3","1.7","1.95","1.3","1.5","1.75","1.64","1.82","","","","2.9","2.2","2.16","","","","","","","","","",
"Latin America & Caribbean (excluding high income)","LAC","Unemployment, total (% of total labor force) (national estimate)","SL.UEM.TOTL.NE.ZS","","","","","","","","","","","","","","","","","","","","","","","","","","","","","","","","","6.55165460019696","6.40271639225648","","8.28484831124183","8.61170378503808","8.2885159993543","8.92076352623289","9.62714122752993","","8.94160410354739","9.17721285418171","9.17627408039772","8.34742437360657","8.13297306745867","7.05570552684526","7.34367810069856","6.71326466015475","7.74289542535617","","6.50384689828132","6.34172326974704","6.13580813595352","5.92404086812553","6.47928162818344","7.74717200837746","8.10810725329393","7.9508071678365","8.12807004068452","10.466528831035","9.18510609479714","6.80816019473853","5.98306480851736","5.14967873907981","",
"Lao PDR","LAO","Unemployment, total (% of total labor force) (national estimate)","SL.UEM.TOTL.NE.ZS","","","","","","","","","","","","","","","","","","","","","","","","","","","","","","","","","","","","2.6","","","","","","","","","","1.35","","","","","0.708","","","","","2.006","","3.268","","","","","1.209","","","",
"Lebanon","LBN","Unemployment, total (% of total labor force) (national estimate)","SL.UEM.TOTL.NE.ZS","","","","","","","","","","","","","","","","","","","","","","","","","","","","","","","","","","","","","","8.62","","","","","","","7.85","","","8.98","","6.355","","","","","","","","","","11.301","","","","","","",
"Liberia","LBR","Unemployment, total (% of total labor force) (national estimate)","SL.UEM.TOTL.NE.ZS","","","","","","","","","","","","","","","","","","","","","","","","","","","","","","","","","","","","","","","","","","","","","","","","","","","2.266","","","","2.079","","3.081","5.931","","","","","","","","",
"Libya","LBY","Unemployment, total (% of total labor force) (national estimate)","SL.UEM.TOTL.NE.ZS","","","","","","","","","","","","","","","","","","","","","","","","","","","","","","","","","","","","","","","","","","","","","","","","","","","","","19.03","","","","","","","","","","","","","",
"St. Lucia","LCA","Unemployment, total (% of total labor force) (national estimate)","SL.UEM.TOTL.NE.ZS","","","","","","","","","","","","","","","","","","","","","","","","","","","","","","","","","","16.8","17","15.83","16.33","20.47","21.6","18.09","16.49","","20.39","22.18","20.97","18.7","16","14","12.72","15.37","","18.86","19.06","22.21","","","16.559","18.894","19.116","15.344","20.405","19.58","15.766","12.021","10.074","",
"Latin America & Caribbean","LCN","Unemployment, total (% of total labor force) (national estimate)","SL.UEM.TOTL.NE.ZS","","","","","","","","","","","","","","","","","","","","","","","","","","","","","","","","","6.70049826086502","6.54388904059116","","8.39748197608991","8.82052060532519","8.3414977932879","8.92549458103031","9.68777482256395","","9.03724032247352","9.61835579656049","9.61770887223744","8.45105307461482","8.3346846036176","7.2158093909285","7.33759993344549","6.72615869359747","7.74992283093985","","6.60396044168029","6.41172565527689","6.18548424389289","6.00316121238856","6.51350336594388","7.59027433702933","7.93416974398276","7.94652445177921","8.1198760192559","10.5033399485084","9.23872746466016","6.90716237257647","6.12469630348339","5.33270098072733","",
"Least developed countries: UN classification","LDC","Unemployment, total (% of total labor force) (national estimate)","SL.UEM.TOTL.NE.ZS","","","","","","","","","","","","","","","","","","","","","","","","","","","","","","","","","","","","","","","","","","","","","","","","","","","","","","","","","","","","","","","","","","",
"Low income","LIC","Unemployment, total (% of total labor force) (national estimate)","SL.UEM.TOTL.NE.ZS","","","","","","","","","","","","","","","","","","","","","","","","","","","","","","","","","","","","","","","","","","","","","","","","","","","","","","","","","","","","","","","","","","",
"Liechtenstein","LIE","Unemployment, total (% of total labor force) (national estimate)","SL.UEM.TOTL.NE.ZS","","","","","","","","","","","","","","","","","","","","","","","","","","","","","","","0.15","0.52","0.76","1.36","1.02","0.9","1.6","1.34","1.78","1.78","1.27","1.12","1.45","2.11","2.4","2.66","2.46","2.01","","","","","","","","","","","","","","","","","","",
"Sri Lanka","LKA","Unemployment, total (% of total labor force) (national estimate)","SL.UEM.TOTL.NE.ZS","","","","","","","","","","","","","","","","","","","","","","","","","","","","","","","15.9","14.661","14.22","13.82","13.03","12.27","11.35","10.6","9.17","8.88","7.74","7.9","8.76","8.22","8.38","7.67","6.5","5.97","5.22","5.85","4.784","4.118","3.88","4.186","4.157","4.519","4.242","4.046","4.318","4.67","5.364","4.981","4.528","4.665","","",
"Lower middle income","LMC","Unemployment, total (% of total labor force) (national estimate)","SL.UEM.TOTL.NE.ZS","","","","","","","","","","","","","","","","","","","","","","","","","","","","","","","","","","","3.55772633585493","","","","","","4.10105045050028","","","","","4.96562836044054","","","","","3.39883266598401","","3.83998486929038","","","","","","6.49567044362078","6.27784327253294","6.6376905288135","6.16235991623165","4.78779189311563","3.95140620561735","3.96392227181574","",
"Low & middle income","LMY","Unemployment, total (% of total labor force) (national estimate)","SL.UEM.TOTL.NE.ZS","","","","","","","","","","","","","","","","","","","","","","","","","","","","","","","","","","","3.66840239773535","","","","","","4.9373143974809","","","","","5.53152455844297","","","","","4.6144188366424","","4.7075025628775","","","","","","6.23943540780066","6.21413785542568","6.74141161373708","6.42124658882135","","","","",
"Lesotho","LSO","Unemployment, total (% of total labor force) (national estimate)","SL.UEM.TOTL.NE.ZS","","","","","","","","","","","","","","","","","","","","","","","","","","","10","","","","","","","","","","","37.94","","27.27","","","","","","","","","35.46","","","","","24.58","","","","","","16.876","","","","","18.701","",
"Late-demographic dividend","LTE","Unemployment, total (% of total labor force) (national estimate)","SL.UEM.TOTL.NE.ZS","","","","","","","","","","","","","","","","","","","","","","","","","","","","","","","3.06956395778059","2.83463264226057","3.38637349541359","3.75169510014093","4.04677006876229","4.50097153593116","4.5508874298528","4.8529759689253","5.12202002874736","5.41593204486537","5.17210677527507","5.4141094354867","5.6630933664559","5.75470883670719","5.55059714842869","5.57589087729328","5.23200237374824","4.92459843381648","5.06397244336431","5.35112841150418","4.70156696620594","4.86048273389463","4.74843505165251","4.68168555714244","4.61874277451122","","","4.88393952311054","5.41922121523317","5.56439584206002","6.2446713594965","5.85567558482608","","","","",
"Lithuania","LTU","Unemployment, total (% of total labor force) (national estimate)","SL.UEM.TOTL.NE.ZS","","","","","","","","","","","","","","","","","","","","","","","","","","","","","","","","","","","17.33","17.54","16.4","14.13","13.711","13.388","15.931","16.84","13.008","12.874","10.684","8.325","5.78","4.25","5.826","13.785","17.814","15.39","13.365","11.77","10.698","9.12","7.862","7.073","6.147","6.255","8.487","7.112","5.955","6.841","7.095","",
"Luxembourg","LUX","Unemployment, total (% of total labor force) (national estimate)","SL.UEM.TOTL.NE.ZS","","","","","","","","","","","","","","","","","","","","","","","","3.198","2.628","2.956","2.631","2.465","1.998","1.588","1.607","1.482","2.029","2.33","3.479","2.918","3.286","2.527","2.763","2.39","2.345","1.805","2.621","3.675","5.113","4.488","4.731","4.065","5.06","5.194","4.423","5.122","5.03","6.045","6.044","6.796","6.669","5.523","5.589","5.592","6.766","5.571","4.588","5.184","6.421","",
"Latvia","LVA","Unemployment, total (% of total labor force) (national estimate)","SL.UEM.TOTL.NE.ZS","","","","","","","","","","","","","","","","","","","","","","","","","","","","","","","","","","","","","20.93","14.9","14.454","13.79","14.211","13.821","13.829","12.061","11.708","10.033","7.03","6.052","7.739","17.515","19.482","16.206","15.047","11.867","10.846","9.873","9.643","8.715","7.412","6.312","8.098","7.513","6.815","6.465","6.884","",
"Macao SAR, China","MAC","Unemployment, total (% of total labor force) (national estimate)","SL.UEM.TOTL.NE.ZS","","","","","","","","","","","","","","","","","","","","","","","","","","","","","","","","3.01","","","","","4.261","3.225","4.607","6.34","6.874","6.371","6.278","5.995","4.904","4.158","3.822","3.269","2.999","3.58","2.84","2.56","1.97","1.82","1.67","1.81","1.939","1.981","1.803","1.73","2.542","","","","","",
"St. Martin (French part)","MAF","Unemployment, total (% of total labor force) (national estimate)","SL.UEM.TOTL.NE.ZS","","","","","","","","","","","","","","","","","","","","","","","","","","","","","","","","","","","","","","","","","","","","","","","","","","","","","","","","","","","","","","","","","","",
"Morocco","MAR","Unemployment, total (% of total labor force) (national estimate)","SL.UEM.TOTL.NE.ZS","","","","","","","","","","","","","","","","","","","","","","","11.503","","","","","14.7","13.9","16.3","15.8","16.98","15.68","15.69","17.931","22.86","17.76","16.67","19.12","13.94","13.58","12.46","11.59","11.92","10.83","11.01","9.67","9.56","9.57","8.96","9.09","8.91","8.99","9.23","9.7","9.46","9.3","","","","","12.28","11.79","","","",
"Monaco","MCO","Unemployment, total (% of total labor force) (national estimate)","SL.UEM.TOTL.NE.ZS","","","","","","","","","","","","","","","","","","","","","","","","","","","","","","","","","","","","","","","","","3.6","","","","","","","","","","","","","","","","6.33","","","","","","","","","",
"Moldova","MDA","Unemployment, total (% of total labor force) (national estimate)","SL.UEM.TOTL.NE.ZS","","","","","","","","","","","","","","","","","","","","","","","","","","","","","","","","","","","","","","","","11.14","8.539","7.366","6.845","6.378","6.374","5.633","4.26","2.749","2.097","3.024","2.972","2.677","2.189","1.894","1.45","1.781","1.591","1.622","1.239","1.502","1.206","0.794","0.909","1.57","1.427","",
"Madagascar","MDG","Unemployment, total (% of total labor force) (national estimate)","SL.UEM.TOTL.NE.ZS","","","","","","","","","","","","","","","","","","","","","","","","","","","","","","","","","","","","","","","","","5.8","5.35","","5.01","","2.62","","","","","4.28","","0.599","","","1.785","","","","","","","3.186","","","",
"Maldives","MDV","Unemployment, total (% of total labor force) (national estimate)","SL.UEM.TOTL.NE.ZS","","","","","","","","","","","","","","","","","","","","","","","","","","","","","","","","","","","","0.79","","","","","1.97","","","","","","","","","11.697","","","","","3.846","","5.771","","","4.562","","","","","","",
"Middle East, North Africa, Afghanistan & Pakistan","MEA","Unemployment, total (% of total labor force) (national estimate)","SL.UEM.TOTL.NE.ZS","","","","","","","","","","","","","","","","","","","","","","","","","","","","","","","","9.89057598581659","","","9.89551989851381","","7.97596685604379","","","","10.3261071622257","10.2194531628978","11.0185158913001","10.4417598868474","9.86175584551972","9.84178824584812","7.15331660278648","6.78569504347282","6.26781615734628","6.56611870139108","6.83725194313973","6.95349711270605","7.99996081874835","7.59311059993158","7.53551939719863","7.8690270285752","7.4106372538925","","7.21872067814407","7.01563135422559","7.80870295662595","7.85298485177233","","","","",
"Mexico","MEX","Unemployment, total (% of total labor force) (national estimate)","SL.UEM.TOTL.NE.ZS","","","","","","","","","","","","","","","","","","","","","","","","","","","","","1.76","","","3.047","3.096","3.214","4.248","6.888","5.25","4.055","3.573","2.488","2.563","2.538","3.003","3.455","3.937","3.558","3.566","3.628","3.874","5.356","5.303","5.175","4.892","4.921","4.819","4.311","3.853","3.419","3.275","3.477","4.378","3.941","3.174","2.704","2.616","",
"Marshall Islands","MHL","Unemployment, total (% of total labor force) (national estimate)","SL.UEM.TOTL.NE.ZS","","","","","","","","","","","","","","","","","","","","","9.73","","","","","","","","12.47","","","","","","","","","","","","","","","","","25.37","","","","","","4.74","","","","","","","","6.342","","9.823","","","","",
"Middle income","MIC","Unemployment, total (% of total labor force) (national estimate)","SL.UEM.TOTL.NE.ZS","","","","","","","","","","","","","","","","","","","","","","","","","","","","","","","","","","","3.64893958623518","","","","","","4.93338313218886","","","","","5.59276130673737","","","","5.58370887032144","4.56939995528734","5.03066397284883","4.75731177922477","4.94471115890289","5.01988645895325","","","","6.26871504319929","6.27146997384261","6.83426180520793","6.43129958815898","","","","",
"North Macedonia","MKD","Unemployment, total (% of total labor force) (national estimate)","SL.UEM.TOTL.NE.ZS","","","","","","","","","","","","","","","","","","","","","","","22","20.9","21.1","21.6","21.7","21.5","21.4","22.6","23.6","24.5","26.3","27.7","30","35.6","38.8","36","34.5","32.4","32.2","30.52","31.94","36.69","37.161","37.32","36.392","35.231","33.93","32.351","33.135","31.502","31.096","29.017","28.215","26.395","24.312","22.857","21.208","17.414","16.575","15.801","14.476","13.174","12.265","",
"Mali","MLI","Unemployment, total (% of total labor force) (national estimate)","SL.UEM.TOTL.NE.ZS","","","","","","","","","","","","","","","","","","","","","","","","","","","","","","","","","","","","","","3.3","","","","","","","8.75","","","11.71","","1.665","8.07","6.9","","6.351","6.375","7.729","1.367","7.414","1.62","3.193","3.528","","5.442","5.446","","",
"Malta","MLT","Unemployment, total (% of total labor force) (national estimate)","SL.UEM.TOTL.NE.ZS","","","","","","","","","","","","","","","","","","","","","","","","8.5","","8.1","6.8","4.4","4","3.7","3.9","3.6","4","4.5","4.1","3.7","4.4","5","5.1","5.3","6.324","7.107","6.902","7.488","7.317","6.923","6.798","6.472","5.977","6.896","6.861","6.388","6.203","6.115","5.737","5.389","4.694","4.008","3.956","4.08","4.856","3.754","3.471","3.479","3.115","",
"Myanmar","MMR","Unemployment, total (% of total labor force) (national estimate)","SL.UEM.TOTL.NE.ZS","","","","","","","","","","","","","","","","","","","","","","","","","","","","","","","6","","","","","","","","","","","","","","","","","","","","","","","","3.868","0.766","","1.356","0.767","0.407","1.476","","","","","",
"Middle East, North Africa, Afghanistan & Pakistan (excluding high income)","MNA","Unemployment, total (% of total labor force) (national estimate)","SL.UEM.TOTL.NE.ZS","","","","","","","","","","","","","","","","","","","","","","","","","","","","","","","","9.8166441211267","","","9.99139249762542","","8.08852159847582","","","","","10.6408530464071","11.385777442277","10.810709266509","10.1501447941923","10.2732494031981","7.24993246939112","6.90992109173993","6.43898000872045","6.71641516140667","7.03865981068169","7.05287648282677","8.26565843387645","7.85146562030106","7.80950190522732","8.29491010463038","8.03362856693895","","","7.54852245910619","8.26365189720738","8.35941064751036","","","","",
"Montenegro","MNE","Unemployment, total (% of total labor force) (national estimate)","SL.UEM.TOTL.NE.ZS","","","","","","","","","","","","","","","","","","","","","","","","","","","","","","","","","","","","","","","","","","","","","","30.31","","19.4","17.15","19.09","19.649","19.759","19.808","19.585","18.054","17.555","17.732","16.082","15.19","15.128","17.878","16.543","14.851","13.146","","",
"Mongolia","MNG","Unemployment, total (% of total labor force) (national estimate)","SL.UEM.TOTL.NE.ZS","","","","","","","","","","","","","","","","","","","","","","","","","","","","","","","","","","","","5.5","","","","","","","6.2","6.768","","","7.193","7.2","5.565","5.86","6.549","4.769","3.905","4.231","4.798","4.861","7.235","6.359","5.377","9.024","6.413","7.871","5.954","5.178","5.812","",
"Northern Mariana Islands","MNP","Unemployment, total (% of total labor force) (national estimate)","SL.UEM.TOTL.NE.ZS","","","","","","","","","","","","","","","","","","","","","","","","","11.75","","","","","","","","","","","","","","","","3.83","","","4.57","","8.22","","","","","11.17","","","","","","","","","","","","","","","",
"Mozambique","MOZ","Unemployment, total (% of total labor force) (national estimate)","SL.UEM.TOTL.NE.ZS","","","","","","","","","","","","","","","","","","","","","","","","","","","","","","","","","","","","","","2.7","","","","","","","","","","","","","","","","","","3.426","","","","","","","6.789","","","",
"Mauritania","MRT","Unemployment, total (% of total labor force) (national estimate)","SL.UEM.TOTL.NE.ZS","","","","","","","","","","","","","","","","","","14.14","","","","","","","","","","","25.8","","","","","","","","","","","","","","","","","","","","","","","","9.864","","","","","10.336","","10.416","","","","","","",
"Mauritius","MUS","Unemployment, total (% of total labor force) (national estimate)","SL.UEM.TOTL.NE.ZS","","","","","","","","","","","","","","","","","","","","","","","","","","","","","","","","","","","","9.59","","","","","","9.14","8.205","5.904","8.337","9.524","9.04","8.475","7.17","7.257","7.654","7.447","7.472","7.322","7.467","7.41","6.814","6.752","6.426","6.331","8.626","7.719","6.322","5.571","5.213","",
"Malawi","MWI","Unemployment, total (% of total labor force) (national estimate)","SL.UEM.TOTL.NE.ZS","","","","","","","","","","","","","","","","","","","","","","","","5.4","","","","","","","","","","","","","","","","","","","","","","0.942","","","","","","1.736","","4.978","","","","3.77","","","0.907","","","","15.406","",
"Malaysia","MYS","Unemployment, total (% of total labor force) (national estimate)","SL.UEM.TOTL.NE.ZS","","","","","","","","","","","5.136","","","","","","","","","","1.661","","3.4","3.8","5.84","6.92","8.29","7.33","7.26","5.73","4.5","0.481","3.71","4.11","","3.15","2.52","2.45","3.2","3.43","3","3.53","3.48","3.61","3.54","3.53","","3.31","3.34","3.62","3.32","3.05","3.04","3.14","2.88","3.1","3.44","3.41","3.3","3.33","4.54","4.64","3.93","","","",
"North America","NAC","Unemployment, total (% of total labor force) (national estimate)","SL.UEM.TOTL.NE.ZS","","","","","","","","","","","","","","","","","","","","","","","","","","","","","","","5.8603703841796","7.16085104908465","7.87315728585848","7.34989291267264","6.54555954314501","6.03024492508477","5.86183271562099","5.40301547573426","4.88226202925985","4.55171801715172","4.27316817166147","4.97961964201139","5.97486412366027","6.15326151532504","5.70124819512877","5.25750859640354","4.81614136114576","4.78243165759455","5.83652846325955","9.16994852137916","9.47758645184374","8.80784798616693","7.99588953313322","7.34976348971497","6.26083245211775","5.4606408215288","5.10340701910414","4.57971738602629","4.10721129091519","3.890566885067","8.23059990715153","5.59210979982087","3.83303148633239","3.84073751321764","4.29037573277215","",
"Namibia","NAM","Unemployment, total (% of total labor force) (national estimate)","SL.UEM.TOTL.NE.ZS","","","","","","","","","","","","","","","","","","","","","","","","","","","","","","","","19.14","","","19.4","","","24.45","","","20.3","","","","22.09","","","","","","22.12","","16.771","19.028","18.521","","23.352","","19.877","","","","","","","",
"New Caledonia","NCL","Unemployment, total (% of total labor force) (national estimate)","SL.UEM.TOTL.NE.ZS","","","","","","","","","","","","","","","","","","","","","","","","","","","","","","","","","","","","","18.64","","","","","","","","16.31","","","","","13.97","","","","","14.59","","","11.676","11.702","10.88","13.558","","10.71","10.151","","",
"Niger","NER","Unemployment, total (% of total labor force) (national estimate)","SL.UEM.TOTL.NE.ZS","","","","","","","","","","","","","","","","","","","","","","","","","","","","","","","","","","","","","","","","","","1.47","","","","3.1","","","","","","0.316","2.177","","0.524","","","7.769","","0.531","","","0.403","","","",
"Nigeria","NGA","Unemployment, total (% of total labor force) (national estimate)","SL.UEM.TOTL.NE.ZS","","","","","","","","","","","","","","","","","","","","","","","","","","","3.94","","","","","","","","","","","","","","","","","","","","","","","","","3.77","","3.711","4.562","4.311","7.06","8.389","","10.695","","","3.827","3.074","3.454","",
"Nicaragua","NIC","Unemployment, total (% of total labor force) (national estimate)","SL.UEM.TOTL.NE.ZS","","","","","","","","","","","","","","","","","","","","","","","","","","3.2","4.7","5.8","6","8.66","","","","","","","","","","","","4.12","","7.6","6.41","5.37","5.31","4.89","6.2","8.16","7.83","","5.208","5.28","4.52","4.7","3.9","3.3","5.2","","","","","","","",
"Netherlands","NLD","Unemployment, total (% of total labor force) (national estimate)","SL.UEM.TOTL.NE.ZS","","","","","","","","","","","","","","","","6","","5.88","","6.16","","7.92","","11.851","","10.48","","9.898","9.369","8.704","7.671","7.285","5.555","6.287","7.159","7.157","6.421","5.511","4.394","3.622","2.725","2.119","2.554","3.593","4.646","5.872","5.007","4.153","3.658","4.352","4.991","4.977","5.821","7.241","7.419","6.872","6.007","4.837","3.832","3.379","3.82","4.209","3.526","3.535","3.639","",
"Norway","NOR","Unemployment, total (% of total labor force) (national estimate)","SL.UEM.TOTL.NE.ZS","","","","","","","","","","","","","1.67","1.55","1.48","2.29","1.76","1.46","1.8","1.99","1.65","2.03","1.7","2.04","2.9","2.32","1.79","2.03","3.02","4.83","5.323","5.553","6.011","6.056","5.474","6.307","5.036","4.687","3.737","3.247","3.458","3.738","4.022","4.221","4.256","4.381","3.397","2.493","2.521","3.1","3.527","3.196","3.129","3.425","3.486","4.296","4.68","4.164","3.801","3.684","4.424","4.359","3.231","3.574","3.982","",
"Nepal","NPL","Unemployment, total (% of total labor force) (national estimate)","SL.UEM.TOTL.NE.ZS","","","","","","","","","","","","","","","","","","","","","","","","","","","","","","","","","","","","","4.5","","","1.85","","","","","","","","","1.378","","","","","","","3.1","","10.66","","","","","","","","",
"Nauru","NRU","Unemployment, total (% of total labor force) (national estimate)","SL.UEM.TOTL.NE.ZS","","","","","","","","","","","","","","","","","","","","","","","","","","","","","","","","","","","","","","","","","","","22.76","","","","8.256","","","","","22.96","","13.282","","","","","","","","5.056","","","","",
"New Zealand","NZL","Unemployment, total (% of total labor force) (national estimate)","SL.UEM.TOTL.NE.ZS","","","","","","","","","","","","","","","","","","","","","","","","","","","4.186","4.214","5.77","7.305","7.971","10.611","10.673","9.799","8.362","6.462","6.298","6.848","7.724","7.035","6.138","5.448","5.285","4.751","4.012","3.812","3.852","3.606","4.039","5.867","6.209","6.035","6.487","5.842","5.43","5.409","5.147","4.737","4.331","4.112","4.603","3.797","3.316","3.768","4.763","",
"OECD members","OED","Unemployment, total (% of total labor force) (national estimate)","SL.UEM.TOTL.NE.ZS","","","","","","","","","","","","","","","","","","","","","","","","","","","","","","","5.95325598438325","6.57194433362377","7.04583811527119","7.70474682022646","7.81167254951247","7.55324480820156","7.50429759342158","7.22626891736859","7.19691386669436","7.14786134020041","6.68922647533122","6.59297998926568","7.12246509253566","7.25847271658648","7.15887295329042","6.8180472488538","6.16286798307157","5.86495760738824","6.18191119330398","8.35340662570834","8.50934064969534","8.11157505298668","8.10356024885957","8.00537481534947","7.4140493858487","6.86073564424497","6.43812360171629","5.91848995874386","5.47611771934802","5.3879649204749","7.14133648901973","6.1919250033542","4.98751389942902","4.81803254986433","4.89774916489523","",
"Oman","OMN","Unemployment, total (% of total labor force) (national estimate)","SL.UEM.TOTL.NE.ZS","","","","","","","","","","","","","","","","","","","","","","","","","","","","","","","","","","","","","","","","","","","","","","","","","4.142","","","","","","","","3.266","","1.8","","2.94","1.9","3.3","3.2","3.3","",
"Other small states","OSS","Unemployment, total (% of total labor force) (national estimate)","SL.UEM.TOTL.NE.ZS","","","","","","","","","","","","","","","","","","","","","","","","","","","","","","","","","","","","","","","","","","","","","","","","8.45144602752707","","","","","","","","","9.61432651899671","","","","","8.57216112118584","","","","",
"Pakistan","PAK","Unemployment, total (% of total labor force) (national estimate)","SL.UEM.TOTL.NE.ZS","","","","","","","","","","","","2.09","2.15","2","1.67","1.7","1.9","1.9","4.18","4.12","4.01","3.82","3.82","4.3","4.16","3.97","3.97","3.05","2.16","2.03","1.97","5.85","5.18","4.28","4.26","5.03","4.79","5.81","5.7","5.35","7.16","6.88","7.83","7.49","7.4","7.05","0.582","0.398","0.423","0.535","0.653","0.796","3.667","2.954","1.827","3.566","2.285","","4.083","4.83","6.74","6.338","","","","6.957",
"Panama","PAN","Unemployment, total (% of total labor force) (national estimate)","SL.UEM.TOTL.NE.ZS","","","","","","","","","","","7.1","7.6","6.79","6.99","5.8","6.41","6.67","8.73","8.06","8.78","","","8.41","9.71","10.08","12.34","10.53","11.84","16.33","16.31","11.6","16.12","14.67","13.26","14","14.01","14.32","13.37","14.02","11.75","13.53","14.71","14.11","13.62","12.44","10.33","9.11","6.78","4.868","6.56","5.832","3.922","3.714","3.732","4.444","4.402","4.843","5.461","5.313","6.409","18.548","10.293","8.281","6.678","8.607","",
"Peru","PER","Unemployment, total (% of total labor force) (national estimate)","SL.UEM.TOTL.NE.ZS","","","","","","","","","","5.9","4.84","4.57","4.4","4.23","4","4.92","5.2","5.82","6.5","7.12","6.97","6.77","6.98","9.2","10.5","11.79","5.32","3.63","","7.92","8.6","5.8","9.4","9.87","","","7.07","4.828","4.971","4.367","4.069","4.848","4.84","4.151","4.707","4.866","4.172","4.078","4.025","3.964","3.595","3.477","3.238","3.575","3.208","3.272","3.741","3.691","3.492","3.379","7.179","5.097","4.003","4.569","4.858","",
"Philippines","PHL","Unemployment, total (% of total labor force) (national estimate)","SL.UEM.TOTL.NE.ZS","","","","","","","","","","6.7","","5.28","5.36","4.77","3.21","3.83","4.8","4.47","4","3.5","4.75","5.36","5.5","4.89","7.03","6.07","6.43","9.1","8.34","8.42","8.13","10.598","9.866","9.289","9.483","9.526","8.564","8.777","10.254","9.809","11.189","3.698","","3.527","3.554","3.795","4.052","3.434","3.72","3.858","3.605","3.592","3.504","3.497","3.6","3.068","2.695","2.552","2.338","2.237","2.522","3.398","2.598","2.409","","",
"Palau","PLW","Unemployment, total (% of total labor force) (national estimate)","SL.UEM.TOTL.NE.ZS","","","","","","","","","","","","","","","","","","","","","","","","","","","","","","","7.76","","","","","7.03","","","","","3.3","","","","","4.18","","","","","","","","","1.357","","","","","","0.765","","","2.091","","",
"Papua New Guinea","PNG","Unemployment, total (% of total labor force) (national estimate)","SL.UEM.TOTL.NE.ZS","","","","","","","","","","","","","","","","","","","","","","","","","","","","","","","7.7","","","","","","","","","","2.92","","","","","","","","","","2.002","2.62","","","","","","","","","","","2.689","","","",
"Poland","POL","Unemployment, total (% of total labor force) (national estimate)","SL.UEM.TOTL.NE.ZS","","","","","","","","","","","","","","","","","","","","","","","","","","","","","","","","","","14.01","14.435","13.339","12.342","10.964","9.935","12.29","14.928","18.435","20.211","19.899","18.822","17.592","13.794","9.551","7.069","8.131","9.578","9.576","10.031","10.293","8.971","7.475","6.141","4.867","3.835","3.267","3.155","3.268","2.811","2.743","2.807","",
"Pre-demographic dividend","PRE","Unemployment, total (% of total labor force) (national estimate)","SL.UEM.TOTL.NE.ZS","","","","","","","","","","","","","","","","","","","","","","","","","","","","","","","","","","","","","","","","","","","","","","","","","","","","","","","","","","","","","","","","","","",
"Puerto Rico (US)","PRI","Unemployment, total (% of total labor force) (national estimate)","SL.UEM.TOTL.NE.ZS","","","","","","","","","","","","11.52","11.83","11.61","13.13","","19.65","19.04","16.73","14.53","17.1","17.83","19.91","22.24","20","20.67","19.53","17.01","15.01","14.6","14.52","16.18","16.93","16.91","14.6","13.93","13.64","13.8","13.46","11.81","10.08","11.4","11.94","11.78","10.31","11.35","11.01","10.93","11.48","15","16.1","15.7","14.5","14.3","13.9","12","11.8","10.8","9.2","8.3","15.34","7.9","6","","","",
"Korea, Dem. People's Rep.","PRK","Unemployment, total (% of total labor force) (national estimate)","SL.UEM.TOTL.NE.ZS","","","","","","","","","","","","","","","","","","","","","","","","","","","","","","","","","","","","","","","","","","","","","","","","","","","","","","","","","","","","","","","","","","",
"Portugal","PRT","Unemployment, total (% of total labor force) (national estimate)","SL.UEM.TOTL.NE.ZS","","","","","","","","","","","","","","","1.77","4.5","6.4","","7.89","7.94","","","","7.3","","8.18","8.698","7.377","6.008","5.13","4.645","3.919","3.985","5.301","6.709","7.064","7.298","6.571","4.64","4.579","3.806","3.829","4.497","6.132","6.319","7.582","7.649","7.965","7.553","9.432","10.771","12.715","15.509","16.237","13.88","12.405","11.058","8.878","6.966","6.422","6.85","6.712","6.138","6.498","6.427","",
"Paraguay","PRY","Unemployment, total (% of total labor force) (national estimate)","SL.UEM.TOTL.NE.ZS","","","","","","","","","","","","","","","","","","","","5.69","4.11","","5.61","8.25","7.33","5.13","6.1","5.51","4.72","5.62","5.8","5.1","4.98","5.06","4.41","3.4","8.15","5.36","4.417","5.343","7.61","6.206","9.393","6.814","6.513","4.825","5.277","4.713","4.415","5.46","4.569","4.67","4.085","4.385","5.034","4.556","5.255","6.138","6.217","6.595","7.548","7.329","6.762","5.801","5.694","",
"West Bank and Gaza","PSE","Unemployment, total (% of total labor force) (national estimate)","SL.UEM.TOTL.NE.ZS","","","","","","","","","","","","","","","","","","","","","","","","","","","","","","","","","","","","","","","","","10.625","21.493","27.465","23.004","23.215","20.016","19.014","18.282","22.913","20.452","21.416","17.597","19.202","19.894","20.526","23.005","23.939","25.677","26.256","25.34","25.895","26.39","24.42","","31.436","",
"Pacific island small states","PSS","Unemployment, total (% of total labor force) (national estimate)","SL.UEM.TOTL.NE.ZS","","","","","","","","","","","","","","","","","","","","","","","","","","","","","","","","","","","","","","","","","","","","","","","","","","5.8270278281575","","","","","","","","","","","","","","","","",
"Post-demographic dividend","PST","Unemployment, total (% of total labor force) (national estimate)","SL.UEM.TOTL.NE.ZS","","","","","","","","","","","","","","","","","","","","","","","","","","","","","","","5.74677966785095","6.57049778498879","7.10634928957049","7.63476404456936","7.64560058805631","7.1870550707057","7.31017545846542","7.17839688031244","7.2323453455148","7.00493865908449","6.37427341291909","6.25824864799137","6.62787608342344","6.71839434069597","6.52079235472452","6.25887853529558","5.92865472521078","5.51114109664894","5.84564093189943","8.06878887233944","8.36746945169925","8.00708214363611","8.06427147777649","7.95976051610485","7.4118096436918","6.83864785058463","6.41061326905691","5.85049610475384","5.3046309754595","4.968495245165","6.767144297321","5.84133641161545","4.55227174567111","4.49263652945326","4.63812522331591","",
"French Polynesia","PYF","Unemployment, total (% of total labor force) (national estimate)","SL.UEM.TOTL.NE.ZS","","","","","","","","","","","","","","","","","","","","","","","","","","","","","9.7","","","","","","","","","","","","","","11.71","","","","","11.74","","","","","","","","","","","","","","","","","","",
"Qatar","QAT","Unemployment, total (% of total labor force) (national estimate)","SL.UEM.TOTL.NE.ZS","","","","","","","","","","","","","","","","","","","","","","","","","","","","","","","","","","","","","","","","","","","","","1.48","","0.87","0.52","0.31","0.31","0.45","0.56","0.48","0.28","0.2","0.17","0.15","0.14","0.11","0.1","0.14","0.14","0.13","","","",
"Romania","ROU","Unemployment, total (% of total labor force) (national estimate)","SL.UEM.TOTL.NE.ZS","","","","","","","","","","","","","","","","","","","","","","","","","","","","","","","","","8.26","","8.17","8.01","6.74","5.515","5.63","6.239","6.969","6.561","8.112","6.95","7.719","7.174","7.27","6.413","5.787","6.859","6.959","7.177","6.794","7.096","6.802","6.812","5.901","4.927","4.187","3.912","5.035","5.59","5.614","5.589","5.43","",
"Russian Federation","RUS","Unemployment, total (% of total labor force) (national estimate)","SL.UEM.TOTL.NE.ZS","","","","","","","","","","","","","","","","","","","","","","","","","","","","","","","","","5.181","5.883","8.13","9.449","9.664","11.813","13.261","13.036","10.581","8.978","7.876","8.232","7.779","7.167","7.162","6.105","6.325","8.458","7.407","6.571","5.484","5.513","5.212","5.615","5.591","5.238","4.871","4.513","5.62","4.749","3.867","3.076","2.43","",
"Rwanda","RWA","Unemployment, total (% of total labor force) (national estimate)","SL.UEM.TOTL.NE.ZS","","","","","","","","","","","","","","","","","","","","","","","","","","","","","","0.8","","0.3","","","","","0.56","","","","","","0.89","","","","","","","","","","","","1.169","","","11.875","10.759","11.236","11.829","15.775","15.084","12.352","11.331","",
"South Asia","SAS","Unemployment, total (% of total labor force) (national estimate)","SL.UEM.TOTL.NE.ZS","","","","","","","","","","","","","","","","","","","","","","","","","","","","","","","","","","","2.36331108193892","","","","","","2.87152871342207","","","","","3.91116538642165","","","","","3.17003308484017","","3.232501737788","","","","","","7.59582449059332","6.47682958691194","7.81780734350757","6.35756829068924","4.79263045940844","4.08616429409204","4.11443928937287","",
"Saudi Arabia","SAU","Unemployment, total (% of total labor force) (national estimate)","SL.UEM.TOTL.NE.ZS","","","","","","","","","","","","","","","","","","","","","","","","","","","","","","","","","7.2","","","","","","","4.346","4.57","4.618","5.265","5.563","5.822","6.051","6.254","5.734","5.085","5.377","5.55","","5.622","5.6","5.877","5.6","5.6","5.89","6.029","5.636","7.66","6.621","5.589","4.008","3.518","",
"Sudan","SDN","Unemployment, total (% of total labor force) (national estimate)","SL.UEM.TOTL.NE.ZS","","","","","","","","","","","","","","","","","","","19.4","","","","","13.2","","12.1","13.11","","","","","","","","","","","","","","","","","","","","","","15.566","13","","17.44","","","","","","","","","","","7.53","","","",
"Senegal","SEN","Unemployment, total (% of total labor force) (national estimate)","SL.UEM.TOTL.NE.ZS","","","","","","","","","","","","","","","","","","","","","","","","","","","","","","","","","","","","","","","","","","","5.65","","","","10.03","","","","","2.853","","","","6.757","4.455","4.078","","2.863","","","5.062","4.686","5.775","",
"Singapore","SGP","Unemployment, total (% of total labor force) (national estimate)","SL.UEM.TOTL.NE.ZS","","","","","","","","","","","6.06","4.8","4.7","4.51","3.97","4.55","4.48","3.93","2.26","2.12","1.8","1.65","1.5","1.69","2.69","4.27","6.84","5","3.55","2.35","","2.18","3.09","3.07","3.03","3.3","3.57","2.5","3.41","4.85","3.7","3.76","5.65","5.93","5.84","5.59","4.48","3.9","3.96","5.86","4.12","3.89","3.72","3.86","3.74","3.79","4.08","4.2","","3.1","4.1","4.64","3.591","3.444","2.737","",
"Solomon Islands","SLB","Unemployment, total (% of total labor force) (national estimate)","SL.UEM.TOTL.NE.ZS","","","","","","","","","","","","","","","","","","","","","","","","","","","","","","","","","","","","","","","","","","","","","","","","","","2.02","","","","0.694","","","","","","","","","","","","",
"Sierra Leone","SLE","Unemployment, total (% of total labor force) (national estimate)","SL.UEM.TOTL.NE.ZS","","","","","","","","","","","","","","","","","","","","","","","","","","","","","","","","","","","","","","","","","","","","3.879","3.42","","","","","","","","","","4.678","","","","3.192","","","","","","","",
"El Salvador","SLV","Unemployment, total (% of total labor force) (national estimate)","SL.UEM.TOTL.NE.ZS","","","","","","","","","","","","","","","","","","","3.73","6.79","13.34","","","","","16.95","8.63","","9.37","8.35","9.96","7.53","7.88","9.94","7.68","7.65","7.68","7.98","7.1","7.3","6.96","6.96","6.2","6.9","6.8","7.22","6.57","6.41","5.88","7.33","4.893","4.297","3.843","3.693","4.154","3.998","4.418","4.385","4.006","4.17","5.008","4.327","2.993","2.982","2.707","",
"San Marino","SMR","Unemployment, total (% of total labor force) (national estimate)","SL.UEM.TOTL.NE.ZS","","","","","","","","","","","","","","","","","","","","4.8","5.8","","","","7.2","6.9","6.9","6.2","6","5.3","5.5","4.3","4.2","5.1","3.9","3.9","5.1","4.4","4.1","3","2.8","","","","","2.11","1.63","","","4.02","4.37","5.06","5.19","6.08","6.61","7.38","6.45","7.89","7.83","7.54","7.23","6.34","4.91","","","",
"Somalia, Fed. Rep.","SOM","Unemployment, total (% of total labor force) (national estimate)","SL.UEM.TOTL.NE.ZS","","","","","","","","","","","","","","","","","","","","","","","","","","","","","","","","","","","","","","","","","","","","","","","","","","","","","","","","","","","","18.828","","","11.086","","","",
"Serbia","SRB","Unemployment, total (% of total labor force) (national estimate)","SL.UEM.TOTL.NE.ZS","","","","","","","","","","","","","","","","","","","","","","","","","","","","","","","","","","","","13.4","13.2","13.8","13.7","13.7","12.6","12.8","13.8","15.2","18.5","20.85","20.85","18.06","13.67","16.116","19.204","22.959","24","22.154","19.223","17.66","15.257","13.477","12.733","10.395","9.011","9.843","8.439","8.268","7.24","",
"Sub-Saharan Africa (excluding high income)","SSA","Unemployment, total (% of total labor force) (national estimate)","SL.UEM.TOTL.NE.ZS","","","","","","","","","","","","","","","","","","","","","","","","","","","","","","","","","","","","","","","","","","","","","","","","","","","","","","","","","","","","","","","7.36067789842765","","","",
"South Sudan","SSD","Unemployment, total (% of total labor force) (national estimate)","SL.UEM.TOTL.NE.ZS","","","","","","","","","","","","","","","","","","","","","","","","","","","","","","","","","","","","","","","","","","","","","","","","","12.298","","","","","","","","","","","","","","","","","",
"Sub-Saharan Africa","SSF","Unemployment, total (% of total labor force) (national estimate)","SL.UEM.TOTL.NE.ZS","","","","","","","","","","","","","","","","","","","","","","","","","","","","","","","","","","","","","","","","","","","","","","","","","","","","","","","","","","","","","","","","","","",
"Small states","SST","Unemployment, total (% of total labor force) (national estimate)","SL.UEM.TOTL.NE.ZS","","","","","","","","","","","","","","","","","","","","","","","","","","","","","","","","","","","","","","","","","","","","","","","","","","","","","","","","","","","","","","","","","","",
"Sao Tome and Principe","STP","Unemployment, total (% of total labor force) (national estimate)","SL.UEM.TOTL.NE.ZS","","","","","","","","","","","","","","","","","","","","0.61","0.57","0.7","0.56","0.48","0.34","","","","","","","","","","","","","","","","14.4","15.73","17.63","16.36","16.12","16.47","16.65","","","","","","13.59","","","","","6.657","","","","","","","","",
"Suriname","SUR","Unemployment, total (% of total labor force) (national estimate)","SL.UEM.TOTL.NE.ZS","","","","","","","","","","","","","","","","","","","","","","","","","","","16.37","19.53","","15.51","15.65","","17.28","15.64","12.7","8.39","10.88","10.56","10.63","13.6","","","","","9.49","","","","","8.72","7.15","7.54","8.1","6.6","6.94","7.22","7.917","","","","","","","","","",
"Slovak Republic","SVK","Unemployment, total (% of total labor force) (national estimate)","SL.UEM.TOTL.NE.ZS","","","","","","","","","","","","","","","","","","","","","","","","","","","","","","","","","","12.2","13.656","13.113","11.329","11.875","12.421","16.099","18.546","19.148","18.541","17.549","18.206","16.276","13.395","11.16","9.514","12.023","14.387","13.634","13.966","14.226","11.536","11.492","9.679","8.142","6.544","5.761","6.719","6.894","6.143","5.843","5.335","",
"Slovenia","SVN","Unemployment, total (% of total labor force) (national estimate)","SL.UEM.TOTL.NE.ZS","","","","","","","","","","","","","","","","","","","","","","","","","","","","","","","","7.08","","8.51","8.24","7.15","6.879","6.648","7.39","7.324","6.918","5.682","5.922","6.479","6.012","6.506","5.95","4.818","4.371","5.858","7.236","8.166","8.841","10.103","9.668","8.962","8","6.564","5.108","4.446","4.971","4.744","4.011","3.652","3.697","",
"Sweden","SWE","Unemployment, total (% of total labor force) (national estimate)","SL.UEM.TOTL.NE.ZS","","","","","","","","","","1.89","1.51","2.55","2.7","2.46","1.98","1.62","1.61","","","","","","3.14","3.48","3.07","2.83","2.23","2.15","","1.46","1.806","3.256","5.832","9.482","9.784","8.897","9.547","10.359","8.941","7.607","5.466","4.73","4.965","5.555","6.693","7.81","7.066","6.161","6.235","8.351","8.61","7.804","7.976","8.052","7.954","7.432","6.99","6.718","6.365","6.833","8.291","8.803","7.417","7.611","8.306","",
"Eswatini","SWZ","Unemployment, total (% of total labor force) (national estimate)","SL.UEM.TOTL.NE.ZS","","","","","","","","","","","","","","","","","","","","","","","","","","","","","","","","","","","","21.65","","22.5","","","","","","","","","","28.24","","","","","","","","","22.718","","","","","34.153","","34.61","","",
"Sint Maarten (Dutch part)","SXM","Unemployment, total (% of total labor force) (national estimate)","SL.UEM.TOTL.NE.ZS","","","","","","","","","","","","","","","","","","","","","","","","","","","","","","","","","","","","","","","","","","","","","","","","","","","","","","","","","","","","","","","","","","",
"Seychelles","SYC","Unemployment, total (% of total labor force) (national estimate)","SL.UEM.TOTL.NE.ZS","","","","","","","","","","","","","","","","","","","","","","","","","","","","","","","","","","","10.35","","","","","","","","9.81","","","5.5","","","","","","4.11","","","3.841","4.151","3.965","3.715","3.528","2.966","4.311","","","2.934","2.593","",
"Syrian Arab Republic","SYR","Unemployment, total (% of total labor force) (national estimate)","SL.UEM.TOTL.NE.ZS","","","","","","","","","","4.3","6.4","7.5","4.7","4.5","5.1","4.81","6.2","5","4.5","3.8","","","","4.24","4.7","","","","","5.78","","6.75","","7.4","7.5","7.2","","","","7.6","","11.63","11.68","10.28","","","8.17","8.42","10.94","8.14","8.61","","","","","","","","","","","","","","","",
"Turks and Caicos Islands","TCA","Unemployment, total (% of total labor force) (national estimate)","SL.UEM.TOTL.NE.ZS","","","","","","","","","","","","","","","","","","","","","","","","","","","","","","","","","","","","","","","","","","9.71","6.18","7.77","9.86","8.04","7.45","5.43","8.3","","","","","","","","","","","","","","","","","",
"Chad","TCD","Unemployment, total (% of total labor force) (national estimate)","SL.UEM.TOTL.NE.ZS","","","","","","","","","","","","","","","","","","","","","","","","","","","","","","","","","","0.7","","","","","","","","","","","","","","","","","","","","","","","","","1.135","","","","","","","",
"East Asia & Pacific (IDA & IBRD countries)","TEA","Unemployment, total (% of total labor force) (national estimate)","SL.UEM.TOTL.NE.ZS","","","","","","","","","","","","","","","","","","","","","","","","","","","","","","","2.75212417477003","2.57416505527843","2.54658823344835","2.79258865311074","3.11854907290852","3.05521183496236","3.22789286052624","3.32249057341668","3.552065485883","3.60894942757123","4.0805955529931","3.78936463789266","4.2122040007921","4.30955986541088","4.33750115081955","4.47623162739181","4.378087943664","4.20950255854841","4.38083881223172","4.22348158715906","3.93503560977928","3.87504998724374","3.79978787194763","3.74201369582877","3.75915470258921","","","3.5292511629388","4.29576429272136","4.33716246296517","4.81970712334507","4.54923745614906","","","","",
"Europe & Central Asia (IDA & IBRD countries)","TEC","Unemployment, total (% of total labor force) (national estimate)","SL.UEM.TOTL.NE.ZS","","","","","","","","","","","","","","","","","","","","","","","","","","","","","","","","","5.56250416516217","6.93136965981941","8.34407195995151","8.49128505108953","9.01820348663832","9.92436887773295","10.8226378261779","11.740618473197","10.0728249934797","10.1015743310926","9.68351900637659","9.56841305698044","9.22601976354219","8.59388592815425","8.28757879240447","7.54601417703172","7.42664892937207","9.25154868107634","8.82330202402024","8.060128925096","7.5629193368088","7.61449128795931","7.54656789456074","7.52694238007577","7.39307128483804","7.106139154302","6.85964887385974","6.92433531383549","7.15452306967503","6.91621049497452","5.65546457607363","5.04769253075588","4.4806923352069","",
"Togo","TGO","Unemployment, total (% of total labor force) (national estimate)","SL.UEM.TOTL.NE.ZS","","","","","","","","","","","","","","","","","","","","","","","","","","","","","","","","","","","","","","","","","","","","","","","4.229","","","","10.624","1.982","","","","2.204","","3.744","","2.036","","","1.965","","","",
"Thailand","THA","Unemployment, total (% of total labor force) (national estimate)","SL.UEM.TOTL.NE.ZS","","","","","","","","","","","","0.19","0.51","0.43","0.47","0.45","0.6","0.9","0.75","0.92","0.93","1.26","2.66","2.9","2.9","4.93","3.5","5.77","3.04","1.39","2.21","2.63","1.35","1.49","1.347","1.1","1.071","0.873","3.404","2.968","2.389","2.6","","1.54","1.51","1.35","1.22","1.18","1.18","1.49","0.622","0.66","0.58","0.249","0.576","0.597","0.688","0.83","0.765","0.716","1.099","1.215","0.94","0.733","0.781","",
"Tajikistan","TJK","Unemployment, total (% of total labor force) (national estimate)","SL.UEM.TOTL.NE.ZS","","","","","","","","","","","","","","","","","","","","","","","","","","","","","","","","","0.4","1.2","1.7","2","2.6","2.7","3.2","3","2.7","2.3","2.5","3.85","2","2","2.2","2.874","","11.5","","","","","","","0.081","","","","","","","","","",
"Turkmenistan","TKM","Unemployment, total (% of total labor force) (national estimate)","SL.UEM.TOTL.NE.ZS","","","","","","","","","","","","","","","","","","","","","","","","","","","","","","","","","","","","","","","","","","","","","","","","","","4","4","","","","","","","","","","","","","","","",
"Latin America & the Caribbean (IDA & IBRD countries)","TLA","Unemployment, total (% of total labor force) (national estimate)","SL.UEM.TOTL.NE.ZS","","","","","","","","","","","","","","","","","","","","","","","","","","","","","","","6.54146284903314","","6.6145503113803","6.4562455665207","","8.3573559133493","8.81351483489039","8.33060455520803","8.96114049705251","9.75786699829327","","9.13420406987496","9.74399604577143","9.75788570659811","8.58188575724675","8.44814613010169","7.3079854985398","7.42884860276565","6.80327056514692","7.83117347296469","","6.62246414043339","6.42534978256107","6.19814461060292","6.02780021584144","6.57049156835055","7.67871674894888","8.03518935371789","8.05678539022162","8.11816460703687","10.4833441108065","9.24431431941264","6.91088091732378","6.12260187424979","5.33270098072733","",
"Timor-Leste","TLS","Unemployment, total (% of total labor force) (national estimate)","SL.UEM.TOTL.NE.ZS","","","","","","","","","","","","","","","","","","","","","","","","","","","","","","","","","","","","","","","","","","5.235","","","","","","5.646","","","3.301","","","4.05","","3.678","4.657","","","","","2.344","1.537","","","",
"Middle East, North Africa, Afghanistan & Pakistan (IDA & IBRD)","TMN","Unemployment, total (% of total labor force) (national estimate)","SL.UEM.TOTL.NE.ZS","","","","","","","","","","","","","","","","","","","","","","","","","","","","","","","","9.8166441211267","","9.78844815824997","9.99139249762542","11.5193674344271","8.08852159847582","","","","","10.575105300967","11.3059967609406","10.7309959111723","10.0810184718555","10.2209406707573","7.18866972560148","6.85165868483873","6.35259254323985","6.64133616867155","6.95782586298267","6.98481260784163","8.20161622105613","7.77126410580432","7.73430907255881","8.18946996039061","7.92558784849551","","","7.39159249584192","8.1187692536446","8.22398231280597","","","","",
"Tonga","TON","Unemployment, total (% of total labor force) (national estimate)","SL.UEM.TOTL.NE.ZS","","","","","","","","","","","","","","","","","","","","","","","","","","","","","","","4.16","","","1.3","","","","","","","","","","5.18","","","1.09","","","","","","","","","","1.054","","2.248","","","2.111","","1.652","","",
"South Asia (IDA & IBRD)","TSA","Unemployment, total (% of total labor force) (national estimate)","SL.UEM.TOTL.NE.ZS","","","","","","","","","","","","","","","","","","","","","","","","","","","","","","","","","","","2.36331108193892","","","","","","2.87152871342207","","","","","3.91116538642165","","","","","3.17003308484017","","3.232501737788","","","","","","7.59582449059332","6.47682958691194","7.81780734350757","6.35756829068924","4.79263045940844","4.08616429409204","4.11443928937287","",
"Sub-Saharan Africa (IDA & IBRD countries)","TSS","Unemployment, total (% of total labor force) (national estimate)","SL.UEM.TOTL.NE.ZS","","","","","","","","","","","","","","","","","","","","","","","","","","","","","","","","","","","","","","","","","","","","","","","","","","","","","","","","","","","","","","","","","","",
"Trinidad and Tobago","TTO","Unemployment, total (% of total labor force) (national estimate)","SL.UEM.TOTL.NE.ZS","","","","","","","","","","13.17","12.76","13.03","","15.4","15.24","14.99","","8.98","7.27","6.75","6.03","6.31","6.22","6.61","8.17","9.31","9.37","22.11","21.88","21.95","19.87","18.52","19.66","19.81","18.44","17.22","16.25","15.01","14.21","13.12","12.1","10.88","10.39","10.48","8.33","7.95","6.27","5.54","4.63","5.28","4.033","3.425","3.718","2.683","2.477","2.428","3.207","","","3.523","4.206","4.446","4.383","3.361","4.006","",
"Tunisia","TUN","Unemployment, total (% of total labor force) (national estimate)","SL.UEM.TOTL.NE.ZS","","","","","","","","","","","","","","","","","","","","","","","","","","","","","","16.13","","","","","","","","15.94","","15.21","14.94","14.4","14.55","14.51","14.23","12.872","12.51","12.365","12.444","13.29","13.049","18.334","17.63","15.934","14.259","15.159","15.557","15.33","15.459","17.153","","","15.3","15.106","","",
"Turkiye","TUR","Unemployment, total (% of total labor force) (national estimate)","SL.UEM.TOTL.NE.ZS","","","","","","","","","","","","","","","","","","","","","","","10.93","12.06","11.92","11.21","","","8.04","8.26","8.01","8.21","8.51","8.96","8.58","7.64","6.63","6.84","6.89","7.69","6.488","8.373","10.345","10.546","10.831","10.634","10.233","10.281","10.97","14.024","11.881","9.784","9.21","9.717","9.912","10.302","10.905","10.916","10.958","13.731","13.155","11.979","10.432","9.354","8.711","",
"Tuvalu","TUV","Unemployment, total (% of total labor force) (national estimate)","SL.UEM.TOTL.NE.ZS","","","","","","","","","","","","","","","","","","","","","","","","","","","","","","","","","","","","","","","","","","","6.53","","","","","","","","5.525","","","","","","8.489","26.553","","","","","7.318","","","",
"Tanzania","TZA","Unemployment, total (% of total labor force) (national estimate)","SL.UEM.TOTL.NE.ZS","","","","","","","","","","","","","","","","","","","","","","","","","","","","","","","","3.6","","","","","","","","","","2.994","3.6","","","","3.299","","0.343","2.5","1.314","3.47","1.437","2.93","2.125","","","","","","1.792","","","","2.431","",
"Uganda","UGA","Unemployment, total (% of total labor force) (national estimate)","SL.UEM.TOTL.NE.ZS","","","","","","","","","","","","","","","","","","","","","","","","","","","","","","","","","","","","","","","","","","","3.5","3.6","","1.9","","","","3.6","1.401","0.881","3.551","1.91","1.566","","","3.428","","2.563","","3.416","","","","",
"Ukraine","UKR","Unemployment, total (% of total labor force) (national estimate)","SL.UEM.TOTL.NE.ZS","","","","","","","","","","","","","","","","","","","","","","","","","","","","","","","","","","","","5.62","7.65","8.93","11.32","11.864","11.707","11.061","10.136","9.057","8.59","7.18","6.81","6.351","6.363","8.84","8.1","7.851","7.529","7.17","9.27","9.14","9.35","9.5","8.799","8.194","9.475","9.834","","","","",
"Upper middle income","UMC","Unemployment, total (% of total labor force) (national estimate)","SL.UEM.TOTL.NE.ZS","","","","","","","","","","","","","","","","","","","","","","","","","","","","","","","3.1537053855178","3.07769502074908","3.28714434061011","3.5150476217646","3.694408429105","4.31306341550328","4.41421012037472","4.54826144379763","5.02152477610044","5.35031454759673","5.44711938661337","5.68177944891325","6.20028982986469","6.07273205860132","5.96576785550544","5.94451055282447","5.64156620119048","5.64174296687352","5.58089296699278","5.90875070761769","5.36597416198744","5.36587205926341","5.28108660850136","5.14230606710853","5.19567404072443","","","5.65740493978847","6.13514167482411","6.26688285231141","6.95919315615336","6.60454906797675","","","","",
"Uruguay","URY","Unemployment, total (% of total labor force) (national estimate)","SL.UEM.TOTL.NE.ZS","","","","","","","","","","","7.5","7.6","7.7","8.9","8.1","","","","","","7.3","6.6","11.7","","9.94","","10.7","9.1","","","8.53","8.95","8.96","8.35","9.04","10.02","11.93","11.44","9.362","10.466","12.627","15.052","16.648","16.661","12.98","12.009","10.844","9.403","8.025","7.74","7.158","6.307","6.451","6.444","6.547","7.488","7.841","7.89","8.336","8.836","10.413","9.328","7.877","8.355","8.209","",
"United States","USA","Unemployment, total (% of total labor force) (national estimate)","SL.UEM.TOTL.NE.ZS","5.5","6.7","5.5","5.7","5.2","4.5","3.8","3.8","3.6","3.5","4.9","5.9","5.6","4.9","5.6","8.5","7.7","7.1","6.1","5.8","7.1","7.6","9.7","9.6","7.5","7.2","7","6.2","5.5","5.3","5.6","6.8","7.5","6.9","6.119","5.65","5.451","5","4.511","4.219","3.992","4.731","5.783","5.989","5.529","5.084","4.623","4.622","5.784","9.254","9.633","8.949","8.069","7.375","6.168","5.28","4.869","4.355","3.896","3.669","8.055","5.349","3.65","3.638","4.022","",
"Uzbekistan","UZB","Unemployment, total (% of total labor force) (national estimate)","SL.UEM.TOTL.NE.ZS","","","","","","","","","","","","","","","","","","","","","","","","","","","","","","","","","0.2","0.4","0.4","0.4","","","","","0.4","0.4","0.4","0.3","0.4","0.3","0.2","4.99","4.89","5.04","5.36","4.96","4.87","4.86","5.09","5.15","5.16","5.83","9.35","8.98","5.293","","","","","",
"St. Vincent and the Grenadines","VCT","Unemployment, total (% of total labor force) (national estimate)","SL.UEM.TOTL.NE.ZS","","","","","","","","","","","","","","","","","","","","","23.5","","","","","","","","","","","19.77","","","","","","","","","","21.1","","","","","","","18.79","","","","","","","","","","","","","","","","","",
"Venezuela, RB","VEN","Unemployment, total (% of total labor force) (national estimate)","SL.UEM.TOTL.NE.ZS","","","","","","","","","","","","","","","","7.01","6.34","5.11","4.98","5.81","5.89","7","8.05","11.49","12.86","13.16","10.93","9.1","7.28","9.74","13.96","","","","8.56","10.24","11.77","","","","","8.83","16.17","16.78","","10.663","8.606","7.279","6.245","6.097","7.112","6.902","6.601","","","","5.319","5.045","","","7.53","","","","","",
"British Virgin Islands","VGB","Unemployment, total (% of total labor force) (national estimate)","SL.UEM.TOTL.NE.ZS","","","","","","","","","","","","","","","","","","","","","","","","","","","","","","","","3.29","","","","","","","","","","","","","","","","","","","","","","","","","","","","","","","","","","",
"Virgin Islands (U.S.)","VIR","Unemployment, total (% of total labor force) (national estimate)","SL.UEM.TOTL.NE.ZS","","","","","","","","","","","","","","","","","","","","","","","","","","","","","","","","","","","","","","","","","","","","","","","","","","","","","","","","","","","","","","","","","","",
"Viet Nam","VNM","Unemployment, total (% of total labor force) (national estimate)","SL.UEM.TOTL.NE.ZS","","","","","","","","","","","","","","","","","","","","","","","","","","","","","","","","","","","","","1.93","2.87","2.29","2.33","2.26","2.76","2.12","2.25","2.14","","","2.026","","1.737","1.114","0.999","1.027","1.316","1.256","1.848","1.848","1.874","1.161","1.681","2.103","2.383","1.57","1.645","1.529","",
"Vanuatu","VUT","Unemployment, total (% of total labor force) (national estimate)","SL.UEM.TOTL.NE.ZS","","","","","","","","","","","","","","","","","","","","","","","","","","","","","","","","","","","","","","","","","","","","","","","8.006","","","4.565","1.848","","","","","","","","","5.444","4.046","","","","","",
"World","WLD","Unemployment, total (% of total labor force) (national estimate)","SL.UEM.TOTL.NE.ZS","","","","","","","","","","","","","","","","","","","","","","","","","","","","","","","","","","","4.91542965915929","","5.62526667200375","","","6.22665265487274","5.48635109889279","6.05631477637776","","6.46581985706446","","5.81422936379034","5.72764173219723","5.53874328592185","","6.32020495112758","5.48591735678538","5.80477872948195","5.4326846698658","5.61359444781008","5.56824261346657","","","5.61964890319289","5.96619923331937","5.89114070862236","6.68585799525501","6.19401882451962","","","","",
"Samoa","WSM","Unemployment, total (% of total labor force) (national estimate)","SL.UEM.TOTL.NE.ZS","","","","","","","","","","","","","","","","","","","","","","","","","","","","","","","","2.1","","","","","","","","","","4.96","","","","","1.29","","","","","5.68","8.752","","8.72","","","9.4","1.045","","","","5.048","","","",
"Kosovo","XKX","Unemployment, total (% of total labor force) (national estimate)","SL.UEM.TOTL.NE.ZS","","","","","","","","","","","","","","","","","","","","","","","","","","","","","","","","","","","","","","","","","11.629","57","55","49.7","39.7","41.4","44.9","46.3","47.5","45.4","","","30.879","29.767","35.264","32.84","27.491","30.344","27.761","25.069","25.459","20.392","12.093","10.533","10.834","",
"Yemen, Rep.","YEM","Unemployment, total (% of total labor force) (national estimate)","SL.UEM.TOTL.NE.ZS","","","","","","","","","","","","","","","","","","","","","","","","","","","","","","","","","","","8.34","","","","","11.46","","","","","16.23","16.05","15.7","15.33","14.97","14.63","17.82","","","","13.467","","","","","","","","","","","",
"South Africa","ZAF","Unemployment, total (% of total labor force) (national estimate)","SL.UEM.TOTL.NE.ZS","","","","","","","","","","","","","","","","","","","","","","","","","","","","","","","","","","","","","","","25","25.37","29.88","25.37","27.18","27.12","24.67","23.84","22.62","22.33","22.407","23.523","24.683","24.639","24.727","24.561","24.89","25.149","26.536","27.035","26.906","28.468","29.217","34.007","33.268","32.098","32.279","",
"Zambia","ZMB","Unemployment, total (% of total labor force) (national estimate)","SL.UEM.TOTL.NE.ZS","","","","","","","","","","","","","","","","","","","","","","","","","","","13","","","","15","18.9","","19.7","","","15.3","","12","","12.93","","","","","15.9","","","7.93","","13.19","","7.85","","","11.888","","4.529","5.032","5.538","6.032","5.197","5.993","5.861","","",
"Zimbabwe","ZWE","Unemployment, total (% of total labor force) (national estimate)","SL.UEM.TOTL.NE.ZS","","","","","","","","","","","","","","","","","","","","","","","10.8","","","","","7.18","","","","","","","4.96","","","6.93","","6","","","","","4.39","","","","","","","5.368","","","4.774","","","","","7.373","","9.459","10.001","9.29","12.13","",
